-- phpMyAdmin SQL Dump
-- version 3.4.3.1
-- http://www.phpmyadmin.net
--
-- Host: localhost
-- Generation Time: May 11, 2012 at 08:52 PM
-- Server version: 5.0.51
-- PHP Version: 5.2.6

SET SQL_MODE="NO_AUTO_VALUE_ON_ZERO";
SET time_zone = "+00:00";


/*!40101 SET @OLD_CHARACTER_SET_CLIENT=@@CHARACTER_SET_CLIENT */;
/*!40101 SET @OLD_CHARACTER_SET_RESULTS=@@CHARACTER_SET_RESULTS */;
/*!40101 SET @OLD_COLLATION_CONNECTION=@@COLLATION_CONNECTION */;
/*!40101 SET NAMES utf8 */;

--
-- Database: `tmps`
--

-- --------------------------------------------------------

--
-- Table structure for table `activity`
--

DROP TABLE IF EXISTS `activity`;
CREATE TABLE IF NOT EXISTS `activity` (
  `act_id` int(11) NOT NULL auto_increment,
  `activity` text NOT NULL,
  PRIMARY KEY  (`act_id`)
) ENGINE=MyISAM  DEFAULT CHARSET=tis620 AUTO_INCREMENT=14 ;

--
-- Dumping data for table `activity`
--

INSERT INTO `activity` (`act_id`, `activity`) VALUES
(1, 'กิจกรรมพัฒนาหรือสัมมนาการเกี่ยวกับกิจกรรมนักศึกษา'),
(2, 'กิจกรรมด้านการเงินและงบประมาณ'),
(3, 'กิจกรรมด้านวิจัย'),
(4, 'กิจกรรมทำนุบำรุงศิลปวัฒนธรรม'),
(5, 'กิจกรรมบำเพ็ญประโยชน์ คุณธรรม จริยธรรมและพัฒนาบุคลิกภาพ'),
(6, 'กิจกรรมวิชาการ'),
(7, 'กิจกรรมอบรมเพื่อพัฒนาเอง'),
(8, 'กิจกรรมกีฬาและสุขภาพอนามัย'),
(9, 'กิจกรรมด้านบริหารจัดการ'),
(10, 'กิจกรรมทั่วไป'),
(11, 'กิจกรรมบริการวิชาการแก่สังคมและชุมชน'),
(12, 'กิจกรรมประกันคุณภาพ'),
(13, 'กิจกรรมอนุรักษ์และพัฒนาสิ่งแวดล้อม');

-- --------------------------------------------------------

--
-- Table structure for table `admin`
--

DROP TABLE IF EXISTS `admin`;
CREATE TABLE IF NOT EXISTS `admin` (
  `per_id` varchar(20) NOT NULL,
  `lastupdate` varchar(25) default NULL,
  PRIMARY KEY  (`per_id`)
) ENGINE=MyISAM DEFAULT CHARSET=tis620;

--
-- Dumping data for table `admin`
--

INSERT INTO `admin` (`per_id`, `lastupdate`) VALUES
('111', NULL),
('ph1', NULL),
('ph2', NULL),
('ph3', NULL),
('ph4', NULL),
('ph5', NULL),
('ph6', NULL);

-- --------------------------------------------------------

--
-- Table structure for table `budtype`
--

DROP TABLE IF EXISTS `budtype`;
CREATE TABLE IF NOT EXISTS `budtype` (
  `bt_id` int(2) NOT NULL auto_increment,
  `bt_order` int(1) default '99',
  `bt_name` varchar(32) default NULL,
  `bt_flag` char(1) default NULL,
  PRIMARY KEY  (`bt_id`)
) ENGINE=MyISAM  DEFAULT CHARSET=tis620 PACK_KEYS=0 COMMENT='แหล่งเงิน' AUTO_INCREMENT=5 ;

--
-- Dumping data for table `budtype`
--

INSERT INTO `budtype` (`bt_id`, `bt_order`, `bt_name`, `bt_flag`) VALUES
(1, 1, 'เงินงบประมาณแผ่นดิน', '1'),
(2, 2, 'เงินรายได้มหาวิทยาลัย', '1'),
(3, 99, 'เงินรายได้คณะฯ', NULL),
(4, 99, 'เงินรายได้บัณฑิตวิทยาลัย', NULL);

-- --------------------------------------------------------

--
-- Table structure for table `comment`
--

DROP TABLE IF EXISTS `comment`;
CREATE TABLE IF NOT EXISTS `comment` (
  `id` varchar(20) NOT NULL,
  `comment` text NOT NULL,
  `per_id` varchar(20) NOT NULL,
  `datelog` varchar(20) NOT NULL,
  `ip` varchar(20) NOT NULL,
  PRIMARY KEY  (`id`),
  KEY `per_id` (`per_id`,`datelog`),
  FULLTEXT KEY `comment` (`comment`)
) ENGINE=MyISAM DEFAULT CHARSET=utf8;

-- --------------------------------------------------------

--
-- Table structure for table `config`
--

DROP TABLE IF EXISTS `config`;
CREATE TABLE IF NOT EXISTS `config` (
  `id` int(2) NOT NULL auto_increment,
  `online` int(1) default NULL,
  `datestart` date default NULL,
  `dateend` date default NULL,
  `orders` int(2) NOT NULL,
  PRIMARY KEY  (`id`)
) ENGINE=MyISAM  DEFAULT CHARSET=tis620 AUTO_INCREMENT=2 ;

--
-- Dumping data for table `config`
--

INSERT INTO `config` (`id`, `online`, `datestart`, `dateend`, `orders`) VALUES
(1, 1, '2011-01-01', '2011-12-31', 1);

-- --------------------------------------------------------

--
-- Table structure for table `indicator`
--

DROP TABLE IF EXISTS `indicator`;
CREATE TABLE IF NOT EXISTS `indicator` (
  `ind_id` int(1) NOT NULL auto_increment,
  `indicator` text NOT NULL,
  `comment` text,
  PRIMARY KEY  (`ind_id`)
) ENGINE=MyISAM  DEFAULT CHARSET=tis620 AUTO_INCREMENT=3 ;

--
-- Dumping data for table `indicator`
--

INSERT INTO `indicator` (`ind_id`, `indicator`, `comment`) VALUES
(1, 'ตัวชี้วัดผลผลิต', 'ผลที่เกิดจากวัตถุประสงค์ของโครงการโดยตรง'),
(2, 'ตัวชี้วัดผลลัพธ์', 'การเปลี่ยนแปลงที่ตัวบุคคล หรือสิ่งของที่เกิดจากกิจกรรม และ\r\nผลผลิตของโครงการที่เกิดขึ้นกับกลุ่มเป้าหมายของโครงการ         \r\nขึ้นอยู่กับการพัฒนา และเป้าประสงค์ของโครงการ');

-- --------------------------------------------------------

--
-- Table structure for table `indicator_type`
--

DROP TABLE IF EXISTS `indicator_type`;
CREATE TABLE IF NOT EXISTS `indicator_type` (
  `ind_type_id` varchar(5) NOT NULL,
  `ind_type` varchar(20) NOT NULL,
  PRIMARY KEY  (`ind_type_id`)
) ENGINE=MyISAM DEFAULT CHARSET=tis620;

--
-- Dumping data for table `indicator_type`
--

INSERT INTO `indicator_type` (`ind_type_id`, `ind_type`) VALUES
('1', 'ปริมาณ'),
('2', 'คุณภาพ'),
('3', 'เวลา'),
('4', 'คุ้มค่า');

-- --------------------------------------------------------

--
-- Table structure for table `jos_users`
--

DROP TABLE IF EXISTS `jos_users`;
CREATE TABLE IF NOT EXISTS `jos_users` (
  `id` int(11) NOT NULL auto_increment,
  `name` varchar(255) NOT NULL default '',
  `surname` varchar(200) default NULL,
  `username` varchar(150) NOT NULL default '',
  `email` varchar(100) NOT NULL default '',
  `password` varchar(100) NOT NULL default '',
  `usertype` varchar(25) NOT NULL default '',
  `block` tinyint(4) NOT NULL default '0',
  `sendEmail` tinyint(4) default '0',
  `gid` tinyint(3) unsigned NOT NULL default '1',
  `registerDate` datetime NOT NULL default '0000-00-00 00:00:00',
  `lastvisitDate` datetime NOT NULL default '0000-00-00 00:00:00',
  `activation` varchar(100) NOT NULL default '',
  `params` text NOT NULL,
  `DeID` int(5) default NULL,
  `tel` varchar(20) default NULL,
  `img` text,
  PRIMARY KEY  (`id`),
  KEY `usertype` (`usertype`),
  KEY `idx_name` (`name`),
  KEY `gid_block` (`gid`,`block`),
  KEY `username` (`username`),
  KEY `email` (`email`)
) ENGINE=MyISAM  DEFAULT CHARSET=utf8 AUTO_INCREMENT=92 ;

--
-- Dumping data for table `jos_users`
--

INSERT INTO `jos_users` (`id`, `name`, `surname`, `username`, `email`, `password`, `usertype`, `block`, `sendEmail`, `gid`, `registerDate`, `lastvisitDate`, `activation`, `params`, `DeID`, `tel`, `img`) VALUES
(62, 'Chakkapan Charupoom', NULL, 'admin', 'phccr@mahidol.ac.th', 'admin', '2', 0, 1, 25, '2009-09-24 13:50:11', '2010-07-30 09:00:33', '', 'admin_language=\nlanguage=\neditor=fckeditor\nhelpsite=\ntimezone=7\npage_title=แก้ไขรายละเอียดของคุณ\nshow_page_title=1\n\n', 32, '7305,7306', NULL),
(68, 'วีณา', NULL, 'itunit', 'phwww@mahidol.ac.th', '123456', '2', 0, 1, 21, '2009-09-27 11:17:26', '2010-06-17 08:07:23', '', 'admin_language=th-TH\r\nlanguage=th-TH\r\neditor=\r\nhelpsite=\r\ntimezone=7\r\n\r\n', 32, '7305', NULL),
(69, 'Chakkapan Charupoom', NULL, 'chakkapan', 'chakkapan@ovi.com', '123456', 'Administrator', 0, 1, 24, '2009-09-27 13:45:56', '2010-07-30 02:34:49', '4b688ea69c83ef9436db5b7407cefdb2', 'language=\ntimezone=7\nadmin_language=\neditor=\nhelpsite=\npage_title=Edit Your Details\nshow_page_title=1\n\n', 32, NULL, NULL),
(70, 'user2', NULL, 'user2', 'user2@user2', '123456', 'Author', 0, 0, 19, '2009-10-23 10:34:23', '2009-10-28 07:56:23', '', 'admin_language=\nlanguage=\neditor=\nhelpsite=\ntimezone=7\n\n', 32, NULL, NULL),
(71, 'ภาควิชาจุลชีววิทยา', NULL, 'phmi01', 'phmi01@localhost', '123456', 'Author', 0, 0, 19, '2010-03-12 02:23:41', '2010-07-29 07:28:38', '', 'language=\neditor=\nhelpsite=\ntimezone=7\n\n', 3, NULL, NULL),
(72, 'ภาควิชาชีวสถิติ', NULL, 'phbs02', 'phbs02@localhost', '123456', 'Author', 0, 0, 19, '2010-03-12 02:26:39', '2010-07-29 06:36:38', '', 'admin_language=\nlanguage=\neditor=\nhelpsite=\ntimezone=7\n\n', 4, NULL, NULL),
(73, 'ภาควิชาบริหารงานสาธารณสุข', NULL, 'phad03', 'phad03@localhost', '123456', 'Author', 0, 0, 19, '2010-03-12 02:27:31', '2010-07-30 01:58:35', '', 'admin_language=\nlanguage=\neditor=\nhelpsite=\ntimezone=7\n\n', 5, NULL, NULL),
(74, 'ภาควิชาปรสิตวิทยาและกีฏวิทยา', NULL, 'phpr04', 'phpr04@localhost', '123456', 'Author', 0, 0, 19, '2010-03-12 02:28:48', '2010-07-29 06:37:03', '', 'admin_language=\nlanguage=\neditor=\nhelpsite=\ntimezone=7\n\n', 6, NULL, NULL),
(75, 'ภาควิชาการพยาบาลสาธารณสุข', NULL, 'phpn05', 'phpn05@localhost', '123456', 'Author', 0, 0, 19, '2010-03-12 02:29:43', '2010-07-29 07:27:30', '', 'admin_language=\nlanguage=\neditor=\nhelpsite=\ntimezone=7\n\n', 2, NULL, NULL),
(76, 'ภาควิชาโภชนวิทยา', NULL, 'phnu06', 'phnu06@localhost', '123456', 'Author', 0, 0, 19, '2010-03-12 02:31:16', '2010-07-29 06:38:20', '', 'language=\neditor=\nhelpsite=\ntimezone=7\n\n', 7, NULL, NULL),
(77, 'ภาควิชาระบาดวิทยา', NULL, 'phep07', 'phep07@localhost', '123456', 'Author', 0, 0, 19, '2010-03-12 02:32:02', '2010-07-29 08:04:35', '', 'admin_language=\nlanguage=\neditor=\nhelpsite=\ntimezone=7\n\n', 8, NULL, NULL),
(78, 'ภาควิชาวิศวกรรมสุขาภิบาล', NULL, 'phse08', 'phse08@localhost', '123456', 'Author', 0, 0, 19, '2010-03-12 02:32:55', '0000-00-00 00:00:00', '', 'admin_language=\r\nlanguage=\r\neditor=\r\nhelpsite=\r\ntimezone=7\r\n\r\n', 10, NULL, NULL),
(79, 'ภาควิชาวิทยาศาสตร์อนามัยสิ่งแวดล้อม', NULL, 'phss09', 'phss09@localhost', '123456', 'Author', 0, 0, 19, '2010-03-12 02:33:45', '2010-07-29 07:00:20', '', 'admin_language=\r\nlanguage=\r\neditor=\r\nhelpsite=\r\ntimezone=7\r\n\r\n', 9, NULL, NULL),
(80, 'ภาควิชาสุขศึกษาและพฤติกรรมศาสตร์', NULL, 'phhe10', 'phhe10@localhost', '123456', 'Author', 0, 0, 19, '2010-03-12 02:34:43', '2010-07-29 07:10:25', '', 'admin_language=\nlanguage=\neditor=\nhelpsite=\ntimezone=7\n\n', 11, NULL, NULL),
(81, 'ภาควิชาอนามัยครอบครัว', NULL, 'phfh11', 'phfh11@localhost', '123456', 'Author', 0, 0, 19, '2010-03-12 02:35:26', '2010-07-29 07:10:21', '', 'admin_language=\nlanguage=\neditor=\nhelpsite=\ntimezone=7\n\n', 12, NULL, NULL),
(82, 'ภาควิชาอาชีวอนามัยและความปลอดภัย', NULL, 'phoh12', 'phoh12@localhost', '123456', 'Author', 0, 0, 19, '2010-03-12 02:36:23', '0000-00-00 00:00:00', '', 'admin_language=\nlanguage=\neditor=\nhelpsite=\ntimezone=7\n\n', 13, NULL, NULL),
(83, 'สถานฝึกอบรมและวิจัยอนามัยชนบท', NULL, 'phst13', 'phst13@localhost', '123456', 'Author', 0, 0, 19, '2010-03-12 02:37:18', '0000-00-00 00:00:00', '', 'admin_language=\nlanguage=\neditor=\nhelpsite=\ntimezone=7\n\n', 14, NULL, NULL),
(84, 'สำนักบริการเทคโนโลยีสาธารณสุข', NULL, 'phet14', 'phet14@localhost', '123456', 'Author', 0, 0, 19, '2010-03-12 02:38:08', '0000-00-00 00:00:00', '', 'admin_language=\nlanguage=\neditor=\nhelpsite=\ntimezone=7\n\n', 15, NULL, NULL),
(85, 'หน่วยบริการวิชาการและธุรกิจสัมพันธ์', NULL, 'phac15', 'phac15@localhost', '123456', 'Author', 0, 0, 19, '2010-03-12 02:39:10', '0000-00-00 00:00:00', '', 'admin_language=\nlanguage=\neditor=\nhelpsite=\ntimezone=7\n\n', 16, NULL, NULL),
(86, 'หน่วยวิเทศสัมพันธ์และฝึกอบรมนานาชาติ', NULL, 'phir16', 'phir16@localhost', '123456', 'Author', 0, 0, 19, '2010-03-12 02:40:00', '0000-00-00 00:00:00', '', 'admin_language=\nlanguage=\neditor=\nhelpsite=\ntimezone=7\n\n', 17, NULL, NULL),
(87, 'หน่วยสารบรรณ', NULL, 'phcr17', 'phcr17@localhost', '123456', 'Author', 0, 0, 19, '2010-03-12 02:40:35', '0000-00-00 00:00:00', '', 'admin_language=\nlanguage=\neditor=\nhelpsite=\ntimezone=7\n\n', 18, NULL, NULL),
(88, 'สำนักงานคณบดี', NULL, 'phso18', 'phso18@localhost', '123456', 'Author', 0, 0, 19, '2010-03-12 02:41:05', '0000-00-00 00:00:00', '', 'admin_language=\nlanguage=\neditor=\nhelpsite=\ntimezone=7\n\n', 19, NULL, NULL),
(89, 'สุนันทา ไตรภพ', NULL, 'phteste', 'phteste@hotmail.com', '123456', '2', 0, 0, 21, '2010-06-03 01:56:32', '2010-06-03 07:41:41', '', 'admin_language=\r\nlanguage=\r\neditor=\r\nhelpsite=\r\ntimezone=7\r\n\r\n', 32, '7306', NULL),
(90, 'phadmin', NULL, 'phadmin', 'sirimayee@hotmail.com', '123456', 'Author', 0, 0, 19, '2010-06-03 02:27:45', '2010-06-03 07:29:28', '', 'admin_language=\nlanguage=\neditor=\nhelpsite=\ntimezone=7\n\n', 20, NULL, NULL),
(91, 'phnu', NULL, 'phnu', 'phnu@phnu', '123456', 'Author', 0, 0, 19, '2010-06-03 07:22:41', '2010-06-03 07:28:59', '', 'admin_language=\nlanguage=\neditor=\nhelpsite=\ntimezone=7\n\n', 20, NULL, NULL);

-- --------------------------------------------------------

--
-- Table structure for table `objective`
--

DROP TABLE IF EXISTS `objective`;
CREATE TABLE IF NOT EXISTS `objective` (
  `obj_id` int(11) NOT NULL auto_increment,
  `objective` text NOT NULL,
  PRIMARY KEY  (`obj_id`)
) ENGINE=MyISAM  DEFAULT CHARSET=tis620 AUTO_INCREMENT=11 ;

--
-- Dumping data for table `objective`
--

INSERT INTO `objective` (`obj_id`, `objective`) VALUES
(1, 'เพื่อสร้างความเป็นเลิศทางวิชาการและผลงานวิจัยที่สร้างผลกระทบเชิงบวกต่อการสร้างเสริมสุขภาพ'),
(2, 'เพื่อผลิตบัณฑิตและนักวิจัยที่มีศักยภาพรอบด้าน'),
(3, 'เพื่อสร้างองค์กรและสังคมแห่งการเรียนรู้ที่มีเอกลักษณ์ มีการพัฒนาคุณภาพทุกมิติ'),
(4, 'เพื่อขยายโอกาสทางการศึกษาและการวิจัย ด้วยการกำหนดมาตรการที่เป็นคุณและการให้โอกาส'),
(5, 'เพื่อส่งเสริมการแลกเปลี่ยนเรียนรู้ สร้างเครือข่ายทางวิชาการและการวิจัย'),
(6, 'เพื่อสร้างกลไกการพัฒนามหาวิทยาลัยในทุกพื้นที่ ด้วยการกำหนดเป็นแผนแม่บท'),
(7, 'เพื่อให้มหาวิทยาลัยเป็นแหล่งความรู้ และการบริการวิชาการแก่สังคมในด้านต่างๆ ที่มุ่งเน้นคุณภาพ'),
(8, 'เพื่อปรับเปลี่ยนกลไกบริหารของมหาวิทยาลัยด้วยการบริหารเชิงยุทธศาสตร์ และการมีส่วนร่วมทุกภาคส่วน'),
(9, 'เพือพัฒนาเทคโนโลยีสารสนเทศและระบบฐานข้อมูลที่สามารถรองรับการดำเนินงานตามพันธกิจมหาวิทยาลัย'),
(10, 'เพื่อกำหนดมาตรการบริหารความเสี่ยง และการลดค่าใช้จ่ายทางการบริหารโดยใช้ทรัพยากรอย่างคุ้มค่า');

-- --------------------------------------------------------

--
-- Table structure for table `organization`
--

DROP TABLE IF EXISTS `organization`;
CREATE TABLE IF NOT EXISTS `organization` (
  `DeID` int(2) unsigned NOT NULL auto_increment,
  `Code` varchar(8) NOT NULL default '',
  `Fname` varchar(50) NOT NULL,
  `Sname` varchar(16) NOT NULL default '',
  `Chair` varchar(32) NOT NULL default '',
  `Types` int(2) default NULL,
  `Posit` char(1) NOT NULL default '',
  PRIMARY KEY  (`DeID`),
  KEY `Fname` (`Fname`)
) ENGINE=MyISAM  DEFAULT CHARSET=utf8 PACK_KEYS=0 COMMENT='???ง?/?????' AUTO_INCREMENT=26 ;

--
-- Dumping data for table `organization`
--

INSERT INTO `organization` (`DeID`, `Code`, `Fname`, `Sname`, `Chair`, `Types`, `Posit`) VALUES
(1, 'PH', 'ภาควิชา', 'คณะสาสุข', '', 0, '1'),
(2, '1', 'ภาควิชาการพยาบาลสาธารณสุข', '3402', '1', 1, ''),
(3, '2', 'ภาควิชาจุลชีววิทยา', '6514', '1', 1, ''),
(4, '3', 'ภาควิชาชีวสถิติ', '3203', '1', 1, ''),
(5, 'PHAD', 'ภาควิชาบริหารงานสาธารณสุข', 'ภาคบริหาร', 'หัวหน้าภาควิชา', 1, '1'),
(6, '5', 'ภาควิชาปรสิตและกีฏวิทยา', '1208', '1', 1, ''),
(7, '6', 'ภาควิชาโภชนวิทยา', '1304', '1', 1, ''),
(8, '7', 'ภาควิชาระบาดวิทยา', '3301', '1', 1, ''),
(9, '8', 'ภาควิชาวิทยาศาสตร์อนามัยสิ่งแวดล้อม', '2403', '1', 1, ''),
(10, '9', 'ภาควิชาวิศวกรรมสุขาภิบาล', '2201', '1', 1, ''),
(11, '10', 'ภาควิชาสุขศึกษาและพฤติกรรมศาสตร์', '3604', '1', 1, ''),
(12, '11', 'ภาควิชาอนามัยครอบครัว', '1302', '1', 1, ''),
(13, '12', 'ภาควิชาอาชีวอนามัยและความปลอดภัย', '2601', '1', 1, ''),
(14, '13', 'ภาควิชาอนามัยชุมชน', '', '1', 1, ''),
(15, 'PHSO', 'สำนักงานคณบดี', 'สนง.คณบดี', 'หัวหน้าสำนักงาน', 0, '1'),
(16, 'PHSOFA', 'งานบริหารทั่วไป', 'การเงิน', 'หัวหน้าหน่วย', 15, '1'),
(17, 'PHSOPS', 'งานบริหารทรัพยากรบุคคล', 'พัสดุ', 'หัวหน้าหน่วย', 15, '1'),
(18, 'PHSOCU', 'งานการคลัง พัสดุ และบริหารสินทรัพย์', 'สารบรรณ', 'หัวหน้าหน่วย', 15, '1'),
(19, 'PHSOMU', 'งานกายภาพสิ่งแวดล้อมและความปลอดภัย', 'ซ่อมบำรุง', 'หัวหน้าหน่วย', 15, '1'),
(20, 'PHSOPP', 'งานบริหารการศึกษาและกิจการนักศึกษา', 'งานแผน', 'หัวหน้างาน', 15, '1'),
(21, 'PHSOAA', 'งานวิจัยและวิชาการ', 'การศึกษา', 'หัวหน้างาน', 15, '1'),
(22, 'PHSOPU', 'งานบริหารเครื่องมือกลาง', 'การเจ้าหน้าที่', 'หัวหน้าหน่วย', 15, '1'),
(23, 'PHSOTU', 'งานแผนพัฒนาและระบบคุณภาพ', 'ยานยนต์', 'หัวหน้าหน่วย', 15, '1'),
(24, 'PHSOLU', 'งานวิเทศและการประชาสัมพันธ์', 'ประชาสัมพันธ์', 'หัวหน้าหน่วย', 15, '1'),
(25, 'PHSORU', 'งานเทคโนโลยีสารสนเทศและการสื่อสาร', 'หน่วยวิจัย', 'หัวหน้าหน่วย', 15, '1');

-- --------------------------------------------------------

--
-- Table structure for table `permission`
--

DROP TABLE IF EXISTS `permission`;
CREATE TABLE IF NOT EXISTS `permission` (
  `per_id` varchar(20) NOT NULL,
  `username` varchar(10) NOT NULL,
  `password` varchar(100) NOT NULL,
  `sta_admin` int(1) NOT NULL COMMENT 'สถานะadmin',
  `sta_pp` int(11) NOT NULL COMMENT 'สถานะเจ้าหน้าที่นโยบาย',
  `sta_report` int(1) NOT NULL COMMENT 'สถานะผู้บริหาร',
  `sta_member` int(1) NOT NULL COMMENT 'สถานะเจ้าหน้าที่ส่วนงาน',
  KEY `fk` (`per_id`)
) ENGINE=MyISAM DEFAULT CHARSET=tis620;

--
-- Dumping data for table `permission`
--

INSERT INTO `permission` (`per_id`, `username`, `password`, `sta_admin`, `sta_pp`, `sta_report`, `sta_member`) VALUES
('111', 'admin', 'admin', 1, 1, 1, 1),
('ph1', '', '', 0, 0, 0, 0),
('ph2', '', '', 0, 0, 0, 0),
('ph3', '', '', 0, 0, 0, 0),
('ph4', '', '', 0, 0, 0, 0),
('ph5', '', '', 0, 0, 0, 0),
('ph6', '', '', 0, 0, 0, 0);

-- --------------------------------------------------------

--
-- Table structure for table `personel`
--

DROP TABLE IF EXISTS `personel`;
CREATE TABLE IF NOT EXISTS `personel` (
  `per_id` varchar(20) NOT NULL COMMENT 'รหัส',
  `per_no` varchar(15) NOT NULL default '',
  `per_pname` varchar(10) default NULL,
  `per_pname2` varchar(30) default NULL,
  `per_fnamet` varchar(100) default NULL COMMENT 'ชื่อ',
  `per_lnamet` varchar(50) default NULL COMMENT 'นามสกุล',
  `per_fnamee` varchar(50) default NULL,
  `per_lnamee` varchar(50) default NULL,
  `per_type` varchar(20) NOT NULL COMMENT 'ประเภทผู้ใช้',
  `per_dept` int(2) NOT NULL default '0' COMMENT 'ส่วนงาน',
  `per_nal` int(3) NOT NULL default '0',
  `per_renal` int(3) NOT NULL default '0',
  `per_religion` varchar(20) default NULL,
  `per_sex` char(1) default NULL,
  `per_blood` varchar(8) default NULL,
  `per_situation` varchar(20) default NULL,
  `per_bhd` date default NULL,
  `per_email` varchar(50) default NULL COMMENT 'อีเมล์',
  `per_idcard` varchar(16) default NULL,
  `per_tax` varchar(16) default NULL,
  `per_addr` text,
  `per_skill` text,
  `per_hiredate1` date default NULL,
  `per_hiredate2` date default NULL,
  `per_trans` varchar(50) default NULL,
  `per_retire` date default NULL,
  `per_expert` varchar(50) default NULL,
  `per_money1` int(5) default NULL,
  `per_money2` int(5) default NULL,
  `per_status` int(1) default '0',
  `per_outdate` date default NULL,
  `per_remark` text,
  `per_modify` datetime default NULL COMMENT 'วันที่แก้ไขล่าสุด',
  `username` varchar(10) NOT NULL COMMENT 'ชื่อผู้ใช้',
  `password` text NOT NULL COMMENT 'รหัสผ่าน',
  PRIMARY KEY  (`per_id`),
  KEY `dep_id` (`per_dept`)
) ENGINE=MyISAM DEFAULT CHARSET=tis620;

--
-- Dumping data for table `personel`
--

INSERT INTO `personel` (`per_id`, `per_no`, `per_pname`, `per_pname2`, `per_fnamet`, `per_lnamet`, `per_fnamee`, `per_lnamee`, `per_type`, `per_dept`, `per_nal`, `per_renal`, `per_religion`, `per_sex`, `per_blood`, `per_situation`, `per_bhd`, `per_email`, `per_idcard`, `per_tax`, `per_addr`, `per_skill`, `per_hiredate1`, `per_hiredate2`, `per_trans`, `per_retire`, `per_expert`, `per_money1`, `per_money2`, `per_status`, `per_outdate`, `per_remark`, `per_modify`, `username`, `password`) VALUES
('10475', '', 'นาย', '', 'พิทยา', 'จารุพูนผล', 'PHITAYA', 'CHARUPOONPHOL', '1', 11, 223, 223, 'พุทธ', 'M', 'ไม', 'สมรส', '1959-12-19', 'phpcr@mahidol.ac.th', '3709800211576', '1621001940', ' 170/3  ถ. อ่อนนุช40  แขวงสวนหลวง  เขตสวนหลวง  กรุงเทพฯ  10250', ' ', '1993-11-01', '1993-10-01', '', '2020-10-01', '', 5600, 9900, 0, '0000-00-00', '', '2006-09-19 09:07:20', '', ''),
('10476', '', 'นางสาว', '', 'อุไรวรรณ', 'ภู่สันติสัมพันธ์', 'URAIWAN', 'POOSUNTISUMPUN', '3', 3, 223, 223, 'พุทธ', 'F', 'O', 'โสด', '1964-04-19', '', '3100502988944', '1027739751', ' 183  ซ.สุขาภิบาลโชคชัย4 ถ.ลาดพร้าว  แขวงลาดพร้าว  เขตลาดพร้าว  กรุงเทพฯ  10230', ' ', '1995-03-28', '1995-03-28', '', '2024-10-01', '', 0, 0, 0, '0000-00-00', '', '2006-09-01 11:22:47', '', ''),
('10478', '', 'นางสาว', '', 'ประไพ', 'ฆ้องแก้ว', 'PRAPAI', 'KHONGKAEW', '3', 9, 223, 223, 'พุทธ', 'F', 'O', 'โสด', '2006-08-30', 'phpkh@mahidol.ac.th', '3101701261433', '1119035006', ' 118   ถ.ประชาราษฎร์บำเพ็ญ    ห้วยขวาง   ห้วยขวาง  กรุงเทพฯ  10320', ' ', '1987-04-01', '1987-08-30', '', '2021-10-01', '', 0, 0, 0, '0000-00-00', '', '2006-08-30 14:57:17', '', ''),
('10479', '', 'นาย', '', 'เฉลิมชนม์', 'ดอกแขมกลาง', 'CHALLERMCHON', 'DOKKAMKLANG', '3', 13, 223, 223, 'พุทธ', 'M', 'O', 'สมรส', '1964-12-05', '', '3301800260727', '1312547160', ' 31  ซ. 3   ต.โนนค่า อ.สูงเนิน  จ.นครราชสีมา  30170', ' ', '1992-12-17', '1992-12-17', '', '2025-10-01', '', 0, 0, 0, '0000-00-00', '', '2006-09-26 09:04:22', '', ''),
('10480', '', 'นาง', '', 'นุชนาถ', 'บุญบานเย็น', 'NUCHANAT', 'BOONBANYEN', '2', 25, 223, 223, '', 'F', 'AB', 'สมรส', '1965-01-01', 'phnon@mahidol.ac.th', '3101400182518', '', ' 70/30      ซ.บุญอยู่           ถ.ดินแดง      สามเสนใน     พญาไท    กรุงเทพฯ  ', ' ', '1993-02-01', '1993-02-01', '', '2025-10-01', '', 0, 0, 0, '0000-00-00', '', '2006-08-21 14:05:10', '', ''),
('10481', '', 'นาง', '', 'อำพร', 'สาเทศ', 'AMPORN', 'SATET', '3', 25, 223, 223, 'พุทธ', 'F', 'ไม', 'สมรส', '1955-09-03', '', '3102400062998', '1200294145', ' 107/4  ถ.บางกรวย-ไทรน้อย  ต.วัดชลอ  อ.บางกรวย  จ.นนทบุรี  11130', ' ', '1993-07-01', '1993-07-01', '', '2015-10-01', '', 0, 0, 0, '0000-00-00', '', '2006-08-31 08:36:46', '', ''),
('10482', '', 'นางสาว', '', 'สุดใจ', 'ประทีปทอง', 'SUDJAI', 'PRATEEPTHONG', '2', 25, 223, 223, 'พุทธ', 'F', 'B', 'โสด', '1959-12-21', 'phspg@mahidol.ac.th', '5100299076644', '1024232958', ' 423/3 ถ. ราชวิถี แขวงทุ่งพญาไท  เขตราชเทวี  กรุงเทพฯ  10400\r\n', ' ', '1993-03-01', '1993-02-01', '', '2020-10-01', '', 0, 0, 0, '0000-00-00', '', '2006-08-31 08:36:21', '', ''),
('10517', '', 'นาย', '', 'สุทธิ', 'เจริญพิทักษ์', 'SUTTHI', 'JAROENPITAK', '1', 7, 223, 223, '', 'M', 'ไม', 'โสด', '1968-06-16', 'phsjp@mahidol.ac.th', '3200100373171', '1494320001', '24/1    ถ.พหลโยธิน    อนุสาวรีย์  บางเขน  กรุงเทพฯ   10200', ' ', '1992-04-01', '1994-06-16', '', '2028-10-01', '', 0, 0, 0, '0000-00-00', '', '2006-08-18 10:57:34', '', ''),
('10552', '', 'นาง', '', 'สมมาส', 'มีธรรม', 'SOMMAS', 'MEETHUM', '3', 25, 223, 223, 'พุทธ', 'F', 'A', 'สมรส', '1965-01-11', '', '3101900643611', '1016679099', ' 420/1 ถ.ราชวิถี  แขวงทุ่งพญาไท  เขตราชเทวี กรุงเทพฯ  10400 ', ' ', '1986-05-08', '1986-05-08', '', '2025-10-01', '', 0, 0, 0, '0000-00-00', '', '2006-09-14 13:59:26', '', ''),
('10554', '', 'นางสาว', '', 'สุรีย์', 'เพชรรอด', 'SUREE', 'PETROD', '2', 25, 223, 223, 'พุทธ', 'F', 'B', 'โสด', '1956-02-05', '', '3769900041974', '1017361979', ' 420/1  ถ. ราชวิถี  เขตราชวิถี  กรุงเทพฯ  10400', ' ', '1993-07-01', '1993-07-01', '', '2016-10-01', '', 0, 0, 0, '0000-00-00', '', '2006-09-12 10:28:55', '', ''),
('10555', '', 'นาย', '', 'กิจจา', 'จิตรภิรมย์', 'KITJA', 'CHITPIROM', '2', 1, 223, 223, 'พุทธ', 'M', 'O', 'โสด', '1973-04-27', '', '3929800120391', '1686996076', ' ', ' ', '1996-08-01', '1996-08-01', '', '2033-10-01', '', 0, 0, 0, '0000-00-00', '', '2006-08-29 14:48:55', '', ''),
('10556', '', 'นางสาว', '', 'รัตนา', 'ประสงค์', 'RATANA', 'PRAONG', '3', 4, 223, 223, '', 'F', 'B', 'โสด', '1952-08-05', '', '3120100723296', '1007536905', ' 16 ม. 3 ถ.พิบูลสงคราม  ต.บางเขน อ.เมือง จ.นนทบุรี 11000', ' ', '1977-08-01', '1977-08-01', '', '2012-10-01', '', 0, 0, 0, '0000-00-00', '', '2006-09-05 10:32:23', '', ''),
('10557', '', 'นาย', '', 'ดุสิต', 'สุจิรารัตน์', 'DUSIT', 'SUJIRARAT', '1', 7, 223, 223, 'พุทธ', 'M', 'A', 'สมรส', '1959-01-13', 'phdsj@mahidol.ac.th', '3730101527746', '1016604831', ' 4/301 ม.4 ถ.พหลโยธิน  คลองถนน  สายไหม  กรุงเทพฯ  10200', ' ', '1983-07-01', '1993-09-16', 'กรมอนามัย  กระทรวงสาธารณสุข', '2019-10-01', '', 0, 0, 0, '0000-00-00', '', '2006-08-17 15:14:25', '', ''),
('10559', '', 'นาง', '', 'เสาวคนธ์', 'พวงสีเคน', 'SAOWAKON', 'PUNGSIKAN', '3', 7, 223, 223, 'พุทธ', 'F', 'B', 'สมรส', '1969-05-10', '', '3440900187167', '1195697198', ' 420/1  ถ.ราชวิถี   ทุ่งพญาไทย  ราชเทวี  กรุงเทพฯ  10400', ' ', '1995-09-15', '1995-09-15', '', '2029-10-01', '', 0, 0, 0, '0000-00-00', '', '2006-08-18 11:12:22', '', ''),
('10754', '', 'นางสาว', '', 'ขวัญใจ', 'อำนาจสัตย์ซื่อ', 'KWANJAI', 'AMNATSATSUE', '1', 5, 223, 223, 'พุทธ', 'F', 'B', '', '1967-10-13', 'phkan@mahidol.ac.th', '3119900552508', '1273245259', ' ', ' ', '1995-06-30', '1995-06-30', '', '1995-06-30', '', 0, 0, 0, '0000-00-00', '', '2006-08-22 09:21:39', '', ''),
('10755', '', 'นาง', '', 'สุคนธา', 'คงศีล', 'SUKHONTHA', 'KONGSIN', '1', 3, 223, 223, 'พุทธ', 'F', 'O', '', '1962-07-06', 'phsks@mahidol.ac.th', '3909900578046', '1730687448', ' 72/1 ต.หาดใหญ่ อ.หาดใหญ่ จ. สงขลา  ', ' ', '1985-04-01', '1995-02-01', '', '2022-10-01', '', 0, 0, 0, '0000-00-00', '', '2006-09-21 08:05:01', '', ''),
('10756', '', 'นาย', '', 'พีระ', 'ครึกครื้นจิตร', 'PEERA', 'KRUGKRUNJIT', '1', 3, 223, 223, '', 'M', 'B', 'โสด', '1961-05-05', 'phpkk@mahidol.ac.th', '3760500467925', '1021156707', ' 64/77 ม. 5 ถ.สรงประภา  แขวงสีกัน  เขตดอนเมือง กรุงเทพฯ  10210', ' ', '1988-10-03', '1988-10-03', '', '2021-10-01', '', 0, 0, 0, '0000-00-00', '', '2006-09-01 10:41:53', '', ''),
('10757', '', 'นางสาว', '', 'ณัฐกมล', 'ชาญสาธิตพร', 'NUTKAMOL', 'CHANSATITPORN', '1', 2, 223, 223, 'พุทธ', 'F', 'ไม', '', '1962-08-15', '', '3101800035202', '1018380122', ' ', ' ', '1986-10-01', '1986-10-01', '', '2022-10-01', '', 5600, 5600, 0, '0000-00-00', '', '2006-09-25 09:59:22', '', ''),
('10808', '', 'นาง', '', 'สิรินธร', 'กลัมพากร', 'SURINTHORN', 'KLUMPAKORN', '1', 5, 223, 223, 'พุทธ', 'F', 'O', 'สมรส', '1969-09-03', 'phskl@mahidol.ac.th', '3100202574559', '1628098077', ' 79/587     ถ.พญาไท   ราชเทวี     กรุงเทพฯ    ', ' ', '1995-03-28', '1995-08-22', '', '2029-10-01', '', 0, 0, 0, '0000-00-00', '', '2006-08-22 15:03:55', '', ''),
('111', '', 'นาย', '', 'จักรพันธ์', 'จารุภูมิ', 'sfsdaf', 'dsaf', '22222', 25, 223, 223, '', 'F', 'ไม', '', '2006-09-08', 'chakkapan.cha@mahidol.ac.th', '2222222222222', '', ' ', ' ', '2006-09-08', '2006-09-08', '', '2006-09-08', '', 0, 0, 0, '0000-00-00', '', '2006-09-08 11:02:58', 'oat', 'admin'),
('11338', '', 'นาง', '', 'กนิษฐา', 'จำรูญสวัสดิ์', 'KANISTHA', 'JAMRUNSAWAD', '1', 11, 223, 223, 'พุทธ', 'F', 'A', 'สมรส', '1962-07-14', 'phknt@mahidol.ac.th', '3501400262437', '', ' 185  ม. 8 ต. ทวีวัฒนา  แขวงทวีวัฒนา  เขตทวีวัฒนา  กรุงเทพฯ  10700', ' ', '1990-08-16', '1990-08-16', '', '2022-10-01', '', 3500, 5600, 0, '0000-00-00', '', '2006-09-19 10:11:33', '', ''),
('11463', '', 'นางสาว', '', 'ดวงรัตน์', 'อินทร', 'DUANGRAT', 'INTHORN', '1', 10, 223, 223, 'พุทธ', 'F', 'A', 'โสด', '1965-03-08', 'phdit@mahdol.ac.th', '3100900132632', '1272322845', ' 38/2    ถ.สุขุมวิท  15   คลองเตยเหนือ   วัฒนา    กรุงเทพฯ   10110', ' ', '1997-05-08', '1997-05-08', '', '2025-10-01', '', 5600, 0, 0, '0000-00-00', '', '2006-08-28 15:48:07', '', ''),
('11482', '', 'นางสาว', '', 'ปาหนัน', 'พิชย์ภิญโญ', 'PANAN', 'PICHAYAPINYO', '1', 5, 223, 223, 'พุทธ', 'F', 'O', 'โสด', '1966-03-03', '', '3101500005359', '1023804811', ' 119/114   ม.11  บางคูวัด   เมืองปทุมธานี  ปทุมธานี     12000', ' ', '1989-05-01', '1989-05-01', '', '2026-10-01', '', 0, 0, 0, '0000-00-00', '', '2006-08-22 13:45:33', '', ''),
('11844', '', 'นาง', '', 'พร้อมลักษณ์', 'สมบูรณ์ปัญญากุล', 'PROMLUK', 'SOMBOONPANYAKUL', '1', 6, 223, 223, 'พุทธ', 'F', 'O', 'สมรส', '1972-12-21', 'phpsk@mahidol.ac.th', '3100100012802', '1050620903', ' 140/300  ถ.พุทธมณฑลสาย2 แขวงบางไผ่  เขตภาษีเจริญ  กรุงเทพฯ 10160', ' ', '1998-07-06', '1998-07-06', '', '2033-10-01', '', 0, 0, 0, '0000-00-00', '', '2006-09-05 14:29:50', '', ''),
('11845', '', 'นางสาว', '', 'พิมสุภาว์', 'จันทนะโสตถิ์', 'PIMSUPA', 'CHANDANASOTTHI', '1', 5, 223, 223, 'พุทธ', 'F', 'O', 'โสด', '1961-12-19', 'phpcd@mahidol.ac.th', '3101403020225', '1620497249', ' 66/4  ม.5      กรับใหญ่  บ้านโป่ง   ราชบุรี  ', ' ', '1984-04-02', '1996-12-01', 'กระทรวงสาธารณสุข', '2022-10-01', '', 0, 0, 0, '0000-00-00', '', '2006-08-21 16:27:41', '', ''),
('11846', '', 'นางสาว', '', 'ปัญญรัตน์', 'อาภวงศ์วัฒนา', 'PUNYARAT', 'LAPVONGWATNA', '1', 5, 223, 223, 'พุทธ', 'F', 'B', 'โสด', '1955-05-20', 'phplv@mahidol.ac.th', '3102001480044', '1005109668', ' 63/82    ซ.ฮัศวเชษฐ์  บางระบาด  ตลิ่งชัน  กรุงเทพฯ   10170', ' ', '1996-06-25', '1996-08-22', '', '2015-10-01', '', 0, 0, 0, '0000-00-00', '', '2006-08-25 09:20:48', '', ''),
('11849', '', 'นางสาว', '', 'ปิยะธิดา', 'ขจรชัยกุล', 'PIYATIDA', 'KHAJORNCHAIKUL', '1', 11, 223, 223, 'พุทธ', 'F', 'ไม', '', '1962-09-02', 'phpkj@mahidol.ac.th', '3100902140969', '', ' ', ' ', '1998-09-21', '1998-09-21', '', '2022-10-01', '', 0, 0, 0, '0000-00-00', '', '2006-08-31 14:53:41', '', ''),
('11851', '', 'นาย', '', 'ปรีชา', 'ลอเสรีวานิช', 'PREECHA', 'LOOSEREEWANICH', '1', 12, 223, 223, 'พุทธ', 'M', 'O', 'สมรส', '1953-07-10', 'phplw@mahidol.ac.th', '3100100436882', '1004785740', ' 1  ม.3   ถ.เลียบคลองชัย   พุทธมณฑล   นครปฐม  73170', ' ', '1977-10-01', '1977-08-01', '', '2013-10-01', '', 5600, 5600, 0, '0000-00-00', '', '2006-09-01 09:42:28', '', ''),
('12385', '', 'นางสาว', '', 'ดวงตา', 'กิจแก้ว', 'DUANGTA', 'KITKAEW', '1', 9, 223, 223, 'พุทธ', 'F', 'A', 'โสด', '1967-10-23', 'd-kitkaew@hotmail.com', '3110100555270', '1026484447', ' 533 หมู่ 7 ถ.บรมราชชนนี แขวงศาลาธรรมสพน์ เขตทวีวัฒนา จ.กรุงเทพมหานคร 10170', ' ', '1988-11-21', '1988-11-21', '', '2028-10-01', '', 0, 0, 0, '0000-00-00', '', '2006-04-07 21:39:45', '', ''),
('12387', '', 'นาย', '', 'สานิตย์', 'พิทักษ์', 'SANIT', 'PITAK', '3', 13, 223, 223, 'พุทธ', 'M', 'A', 'สมรส', '1952-01-22', '', '3301800601036', '1310210387', ' 15/3 ม.13 ถ.สีคิ้ว  ต.สีคิ้ว  อ.สีคิ้ว  จ.นครราชสีมา  30140', ' ', '1974-04-01', '1974-04-01', '', '2012-10-01', '', 0, 0, 0, '0000-00-00', '', '2006-09-05 10:59:56', '', ''),
('12776', '', 'นาง', '', 'วีณา', 'เที่ยงธรรม', 'WEENA', 'THIANGTHAM', '1', 5, 223, 223, 'พุทธ', 'F', 'B', 'สมรส', '1958-03-04', 'phwaj@mahidol.ac.th', '3670800323431', '1562351647', ' 4/156  ม.4   คลองกุ่ม  เขตบึงกุ่ม  กรุงเทพฯ', ' ', '1981-06-15', '1997-08-22', 'กระทรวงสาธารณาสุข', '2015-10-01', '', 0, 0, 0, '0000-00-00', '', '2006-08-22 10:27:57', '', ''),
('12807', '', 'นาง', '', 'สมพร', 'จามรมาน', 'SOMPORN', 'JAMONMAN', '3', 25, 223, 223, '', 'F', 'AB', 'สมรส', '1967-07-01', '', '3710200227562', '1036422040', ' 39/61   ศาลายา     พุทธมณฑล    นครปฐม  73170', ' ', '1994-02-01', '1994-02-01', '', '2027-10-01', '', 0, 0, 0, '0000-00-00', '', '2006-08-21 12:46:51', '', ''),
('2115', '', 'นางสาว', '', 'สุคนธา', 'ศิริ', 'SUKHONTHA', 'SIRI', '4', 7, 223, 223, 'พุทธ', 'F', 'ไม่ระบุ', 'โสด', '1978-03-17', '', '3920600539276', '', ' 200/3 ถ.ชักพระ ตำบลคลองชักพระ อำเภอตลิ่งชัน กทม.', ' ', '2007-09-02', '2007-09-02', '', '2038-10-01', '', 0, 0, 0, '0000-00-00', '', '2007-09-02 13:34:59', '', ''),
('2645', '', 'นาย', '', 'สืบพงศ์', 'นิรันด์พันธ์', 'xx', 'xx', '11', 25, 223, 223, 'พุทธ', 'M', 'O', 'สมรส', '1958-02-08', '', '3100500483454', '1016314772', ' 420/1  ถ.ราชเทวี  แขวงทุ่งพยาไท  เขตราชเทวี  กรุงเทพฯ  10400', ' ', '1980-05-01', '1980-05-01', '', '2018-10-01', '', 0, 0, 0, '0000-00-00', '', '2006-09-15 09:26:42', '', ''),
('2647', '', 'นาย', '', 'สมชาย', 'กลีบเมฆ', 'xx', 'xx', '10', 25, 223, 223, 'พุทธ', 'M', 'O', 'สมรส', '1965-06-08', '', '5240600018775', '1047847245', ' 24/23  หมู่ที่  3  ถ.  พหลโยธิน  แขวงอนุเสาวรีย์  เขตบางเขน  กรุงเทพฯ 10220', ' ', '1993-10-01', '1993-10-01', '', '2025-10-01', '', 0, 0, 0, '0000-00-00', '', '2006-09-15 09:27:07', '', ''),
('3240', '', 'นาย', '', 'คำรณ', 'อ่อนสุดรักษ์', 'xx', 'xx', '10', 25, 223, 223, 'พุทธ', 'M', 'O', 'สมรส', '1959-01-01', '', '3100501055570', '1051966093', ' 121/178  หมู่ที่ 5 ถ. สายไหม  แขวงสายไหม  กรุงเทพฯ  10220', ' ', '1991-03-01', '1991-03-01', '', '1991-10-01', '', 0, 0, 0, '0000-00-00', '', '2006-08-29 15:47:09', '', ''),
('3241', '', 'นาย', '', 'ปัญญา', 'อรุณภู่', 'xx', 'xx', '10', 25, 223, 223, 'พุทธ', 'M', 'A', 'สมรส', '1963-07-14', '', '3100900288365', '1033087112', ' 24/3  ซอยริมคลองแสนแสบ  แขวงคลองเตยเหนือ  เขตวัฒนา  กรุงเทพฯ  10110', ' ', '1993-11-01', '1993-11-01', '', '2023-10-01', '', 0, 0, 0, '0000-00-00', '', '2006-08-29 15:51:21', '', ''),
('3242', '', 'นาง', '', 'สาธร', 'ตุ้มท่าไม้', 'xx', 'xx', '10', 25, 223, 223, 'พุทธ', 'F', 'B', 'สมรส', '1949-03-07', '', '3101900641651', '1014369671', ' 58 หมู่ที่ 1  แขวงบางพรม  เขตตลิ่งชัน  กรุงเทพฯ  10700', ' ', '1983-03-01', '1983-04-01', '', '2009-10-01', '', 0, 0, 0, '0000-00-00', '', '2006-08-29 15:55:41', '', ''),
('3308', '', 'นาง', '', 'สุจินต์', 'เสือนาค', 'xx', 'xx', '10', 25, 223, 223, 'พุทธ', 'F', 'ไม', 'สมรส', '1954-03-28', '', '3101900010694', '1015810363', ' 73/296 หมู่ที่  4  แขวงบางใหญ่  เขตบางใหญ่  นนทบุรี  11140', ' ', '1984-04-02', '1984-03-02', '', '2014-10-01', '', 0, 0, 0, '0000-00-00', '', '2006-08-29 15:59:58', '', ''),
('3396', '', 'นาง', '', 'ชุติมา', 'ชนะสะแบง', 'xx', 'xx', '10', 25, 223, 223, 'พุทธ', 'F', 'B', 'สมรส', '1953-12-12', '', '3410601085150', '1052693547', ' 24/2 ถ.พหลโยธิน  แขวงอนุเสาวรีย์  เขตบางเขน  กรุงเทพฯ  10200', ' ', '1995-10-02', '1995-10-02', '', '2014-10-01', '', 0, 0, 0, '0000-00-00', '', '2006-08-29 16:04:19', '', ''),
('361', '', 'นาย', '', 'ใส', 'กลั่นความดี', 'xx', 'xx', '10', 25, 223, 223, 'พุทธ', 'M', 'O', 'โสด', '1958-11-26', '', '3101400846386', '1046145700', ' 3417 ถ. ประชาสงเคราะห์  แขวงดินแดง  เขตดินแดง  กรุงเทพฯ  10400', ' ', '1995-07-10', '1995-07-10', '', '2019-10-01', '', 0, 0, 0, '0000-00-00', '', '2006-09-15 09:02:28', '', ''),
('363', '', 'นาย', '', 'สมพร', 'นุชพงษ์', 'xx', 'xx', '10', 25, 223, 223, 'พุทธ', 'F', 'A', 'สมรส', '1946-10-10', '', '3101701863093', '1007295420', ' 3417 แขวงดินแดง เขตดินแดง จ.กรุงเทพมหานคร ', ' ', '1968-07-22', '1968-07-22', '', '2007-10-01', '', 0, 1117, 0, '0000-00-00', '', '2006-04-08 21:23:18', '', ''),
('365', '', 'นาง', '', 'สุเนตรา', 'วิบูลยเสข', 'xx', 'xx', '10', 25, 223, 223, 'พุทธ', 'F', 'O', 'สมรส', '1951-06-24', '', '3100602918581', '1011675904', ' 445 ถ.ลาดพร้าว แขวงวังทองหลาง เขตวังทองหลาง จ.กรุงเทพมหานคร 10310', ' ', '1971-09-01', '1971-09-01', '', '2011-10-01', '', 0, 1627, 0, '0000-00-00', '', '2006-04-07 11:27:36', '', ''),
('366', '', 'นางสาว', '', 'สำเภา', 'คงเขียว', 'xx', 'xx', '10', 25, 223, 223, 'พุทธ', 'F', 'ไม', 'โสด', '1949-05-26', '', '3170600467841', '1025993568', ' 24 ถ.พหลโยธิน  แขวงอนุเสาวรีย์  เขตบางเขน  กรุงเทพฯ  10400\r\n420/1 ถ.ราชวิถี  แขวงพยาไท  เขตราชเทวี  กรุงเทพฯ 10400', ' ', '1990-07-16', '1990-07-16', '', '2009-10-01', '', 0, 0, 0, '0000-00-00', '', '2006-09-15 09:02:51', '', ''),
('367', '', 'นาง', '', 'วินิจ', 'คำผา', 'xx', 'xx', '10', 25, 223, 223, 'คริสต์ นิกายโรมัน', 'F', 'O', 'หย่า', '1964-11-12', '', '3670500868459', '1040059348', ' 420/1 ถ. ราชวิถี  แขวงทุ่งพญาไท  เขตราชเทวี  กรุงเทพฯ  10400', ' ', '1992-05-01', '1992-05-01', '', '2025-10-01', '', 0, 0, 0, '0000-00-00', '', '2006-09-15 09:03:21', '', ''),
('368', '', 'นาง', '', 'รัญจวน', 'เดชไทย', 'xx', 'xx', '10', 25, 223, 223, 'พุทธ', 'F', 'ไม', 'สมรส', '1969-12-26', '', '3450600792367', '1782611491', ' 110/12 ถ.พระราม6 แขวงสามเสนใน เขตพญาไท จ.กรุงเทพมหานคร 10400', ' ', '1995-10-02', '1995-10-02', '', '2030-10-01', '', 0, 0, 0, '0000-00-00', '', '2006-04-08 21:26:13', '', ''),
('373', '', 'นาง', '', 'อุไร', 'กองม่วง', 'xx', 'xx', '10', 25, 223, 223, 'พุทธ', 'F', 'B', 'หย่า', '1957-05-23', '', '3102002522361', '', ' 90/14 ลาดยาว  จตุจักร  กรุงเทพมหานคร', ' ', '1991-03-01', '1991-03-01', '', '2017-10-01', '', 0, 0, 0, '0000-00-00', '', '2006-08-28 16:22:20', '', ''),
('375', '', 'นาย', '', 'ไพฑูรย์', 'เกตุมณี', 'xx', 'xx', '10', 25, 223, 223, 'พุทธ', 'M', 'ไม', 'สมรส', '2006-04-07', '', '3102200033064', '1017009710', ' 9/24 หมู่ที่ 2 ถ.เพชรเกษม28 แขวงบางจาก เขตภาษีเจริญ จ.กรุงเทพมหานคร 10160', ' ', '1982-02-01', '1982-02-01', '', '2009-10-01', '', 0, 838, 0, '0000-00-00', '', '2006-04-08 21:24:16', '', ''),
('3774', '', 'นาย', '', 'วิสุทธิ์', 'ดวงสว่าง', 'xx', 'xx', '10', 25, 223, 223, 'พุทธ', 'M', 'ไม', 'สมรส', '1965-03-13', '', '3779800210038', '', ' 126/1 หมู่ที่ 3  ต.สูงเนิน  อ.สูงเนิน  จ. นครราชสีมา  30140', ' ', '1995-07-17', '1995-07-17', '', '2025-10-01', '', 0, 0, 0, '0000-00-00', '', '2006-08-29 16:08:30', '', ''),
('3775', '', 'นาย', '', 'สุชาติ', 'อ่อนรำพรรณ', 'xx', 'xx', '10', 25, 223, 223, 'พุทธ', 'M', 'ไม', 'โสด', '1963-05-23', '', '3120200325331', '', ' 33/74  ม.8  แขวงท่าแร้ง  เขตบางเขน  กรุงเทพฯ  ', ' ', '1989-02-15', '1989-02-15', '', '2023-10-01', '', 0, 0, 0, '0000-00-00', '', '2006-08-29 16:12:20', '', ''),
('380', '', 'นาย', '', 'บุบผา', 'เนียมหอม', 'xx', 'xx', '10', 25, 223, 223, 'พุทธ', 'F', 'A', 'โสด', '1952-01-10', '', '3100201144402', '1023169057', ' 855 ถ. กรุงเทพ - นนทบุรรี  แขวงบางซื่อ เขตบางซื่อ กรุงเทพฯ ', ' ', '1991-03-01', '1991-03-01', '', '2012-10-01', '', 0, 0, 0, '0000-00-00', '', '2006-09-15 09:03:59', '', ''),
('381', '', 'นาย', '', 'บวรวงศ์', 'หิรัณยเลขา', 'xx', 'xx', '10', 25, 223, 223, 'พุทธ', 'F', 'A', 'สมรส', '1965-02-23', '', '3102002341790', '1026297702', ' 63  ถ. จรัลสนิทวงศ์   แขวงบางบำหรุ   เขตบางพลัด   กรุงเทพฯ   10700', ' ', '1992-02-03', '1992-02-03', '', '2025-10-01', '', 0, 0, 0, '0000-00-00', '', '2006-09-15 09:04:47', '', ''),
('382', '', 'นาย', '', 'วิทยา', 'เกตุตะคุ', 'xx', 'xx', '10', 25, 223, 223, 'พุทธ', 'M', 'ไม', 'สมรส', '1966-07-27', '', '3301800315700', '1312233025', ' 53/2  ตำบลโคราช  เขตสูงเนิน  จังหวัดนครราชสีมา   30170', ' ', '1995-07-10', '1995-07-10', '', '2026-10-01', '', 0, 0, 0, '0000-00-00', '', '2006-09-15 09:08:40', '', ''),
('383', '', 'นางสาว', '', 'สุนันท์', 'อินสุทธิ', 'xx', 'xx', '10', 25, 223, 223, 'พุทธ', 'F', 'O', 'โสด', '1945-11-09', '', '3101900157458', '1008988048', ' 4/43  ถ. พหลโยธิน  แขวงคลองถนน  เขตสายใหม  กรุงเทพฯ  10220', ' ', '1979-02-01', '1979-02-01', '', '2006-10-01', '', 0, 0, 0, '0000-00-00', '', '2006-09-15 09:09:20', '', ''),
('384', '', 'นาย', '', 'สมศักดิ์', 'ถุงเงินโต', 'xx', 'xx', '10', 25, 223, 223, 'พุทธ', 'M', 'B', 'สมรส', '2053-12-29', '', '3101801448021', '1024092392', ' 4   หมู่  1   ตำบลท้ายเกาะ   อำเภอสามโคก  จังหวัดปทุมธานี   ', ' ', '1971-08-13', '1971-08-13', '', '2014-10-01', '', 0, 0, 0, '0000-00-00', '', '2006-09-15 09:09:46', '', ''),
('385', '', 'นาง', '', 'เรณู', 'ถนอมสิน', 'xx', 'xx', '10', 25, 223, 223, 'พุทธ', 'F', 'ไม', 'หย่า', '2006-08-29', '', '3302090066935', '1310210301', ' 109/1  หมู่ที่ 2  ซอย 9 ถนน ชุมค้า  ตำบลสีคิ้ว  อำเภอนครราชสีมา  30140', ' ', '0000-00-00', '1974-04-01', '', '0000-00-00', '', 0, 0, 0, '0000-00-00', '', '2006-09-15 09:10:11', '', ''),
('388', '', 'นาย', '', 'มาโนช', 'ชาวชอบ', 'xx', 'xx', '10', 25, 223, 223, 'พุทธ', 'F', 'O', 'สมรส', '1950-02-21', '', '3100502225797', '1005224576', ' 31/2  หมู่ที่  4  ตำบลวัดชลอ  อำเภอบางกรวย   จังหวัดนนทบุรี   11130', ' ', '1982-12-15', '1982-12-15', '', '2010-10-01', '', 0, 0, 0, '0000-00-00', '', '2006-09-15 09:10:42', '', ''),
('390', '', 'นางสาว', '', 'สุวรรณา', 'ทองอยู่', 'xx', 'xx', '10', 25, 223, 223, 'พุทธ', 'F', 'O', 'โสด', '1960-01-22', '', '3100602651003', '1119217174', ' 77/8  หมู่ที่  14  ถ. รามอินทรา   แขวงคันนายาว   เขตคันนายาว   กรุงเทพฯ   10230', ' ', '1991-09-09', '1991-09-09', '', '2020-10-01', '', 0, 0, 0, '0000-00-00', '', '2006-09-15 09:11:06', '', ''),
('3908', '', 'นาง', '', 'พูลสุข', 'ศรีวรรัตน์', 'xx', 'xx', '10', 25, 223, 223, 'พุทธ', 'F', 'O', 'สมรส', '1955-06-24', '', '3101400985602', '', ' 291  แขวงสามเสนใน  เขตพญาไท  กรุงเทพฯ  10400', ' ', '1992-11-02', '1992-11-02', '', '2015-10-01', '', 0, 0, 0, '0000-00-00', '', '2006-08-29 16:16:10', '', ''),
('391', '', 'นาย', '', 'เอนก', 'ว่านกระ', 'xx', 'xx', '10', 25, 223, 223, 'พุทธ', 'M', 'AB', 'สมรส', '1958-12-16', '', '3100504009285', '1007791594', ' 360  หมู่ที่  11  ถ.เชิดวุฒิทากา   แขวงสีกัน   เขตดอนเมือง   กรุงเทพฯ   10210', ' ', '1984-05-16', '1984-05-16', '', '2019-10-01', '', 0, 0, 0, '0000-00-00', '', '2006-09-15 09:11:33', '', ''),
('393', '', 'นาย', '', 'ปัญญา', 'จิตต์เนื่อง', 'xx', 'xx', '10', 25, 223, 223, 'พุทธ', 'M', 'ไม', 'สมรส', '1951-12-27', '', '3100600608836', '1003759391', ' 24/52  หมู่ที่ 3  ถ. พหลโยธิน   แขวงอนุเสาวรีย์   เขตบางเขน   กรุงเทพฯ   10220', ' ', '1974-04-01', '1974-04-01', '', '2012-10-01', '', 0, 0, 0, '0000-00-00', '', '2006-09-15 09:12:18', '', ''),
('394', '', 'นาย', '', 'อดิศักดิ์', 'โตอ่วม', 'xx', 'xx', '10', 25, 223, 223, 'พุทธ', 'M', 'O', 'สมรส', '1946-01-20', '', '3130100290071', '1033949007', ' 86  หมู่ที่ 5 ถ. ติวานนท์   ตำบลบางกะดี   อำเภอเมือง   จังหวัดปทุมธานี   12000', ' ', '1972-12-01', '1972-12-01', '', '2007-10-01', '', 0, 0, 0, '0000-00-00', '', '2006-09-15 09:12:43', '', ''),
('395', '', 'นาย', '', 'ฉลวย', 'ชั่งโต', 'xx', 'xx', '10', 25, 223, 223, 'พุทธ', 'M', 'O', 'สมรส', '1947-03-22', '', '3101900709485', '1021395694', ' 45/326  หมู่ที่  1  แขวงหนองค้างพลู  เขตหนองแขม   กรุงเทพฯ   10162', ' ', '1973-02-01', '1973-02-01', '', '2007-10-01', '', 0, 0, 0, '0000-00-00', '', '2006-09-15 09:13:09', '', ''),
('397', '', 'นาง', '', 'ดวงสมร', 'ฟักเย็น', 'xx', 'xx', '10', 25, 223, 223, 'พุทธ', 'F', 'AB', 'สมรส', '1954-09-13', '', '3102101123359', '1023013695', ' 58/263 หมู่ที่ 2 ถ.เอกชัย แขวงบางขุนเทียน เขตจอมทอง จ.กรุงเทพมหานคร 10150', ' ', '1986-10-27', '1986-10-27', '', '2014-10-01', '', 0, 0, 0, '0000-00-00', '', '2006-04-14 12:46:30', '', ''),
('399', '', 'นาย', '', 'สมยศ', 'หรุ่นรุ่งเรือง', 'xx', 'xx', '10', 25, 223, 223, 'พุทธ', 'M', 'A', 'สมรส', '1961-06-19', '', '3102001894868', '1047847283', ' 6/3 หมู่ที่  9  ถ.บางกรวย   ตำบลบางกรวย   อำเภอบางกรวย   จังหวัดนนทบุรี   ', ' ', '1996-10-15', '1996-10-15', '', '2021-10-01', '', 0, 0, 0, '0000-00-00', '', '2006-09-15 09:18:35', '', ''),
('400', '', 'นาย', '', 'สมยศ', 'วะลัยสุข', 'xx', 'xx', '10', 25, 223, 223, 'พุทธ', 'M', 'A', 'สมรส', '1947-07-01', '', '3301800010500', '1311605496', ' 212/1  หมู่ที่  10 ถ. มิตรสัมพันธ์  ตำบลสูงเนิน  อำเภอสูงเนิน   จังหวัดนครราชสีมา  30170', ' ', '1947-09-03', '1947-09-03', '', '2007-10-01', '', 0, 0, 0, '0000-00-00', '', '2006-09-15 09:19:24', '', ''),
('401', '', 'นาย', '', 'สมพันธ์', 'ศรสูงเนิน', 'xx', 'xx', '10', 25, 223, 223, 'พุทธ', 'M', 'B', 'สมรส', '1961-02-15', '', '3301800023270', '4101030232', ' 360  หมู่ที่ 1  ตำบลสูงเนิน   อำเภอสูงเนิน   จังหวัดนครราชสีมา   30170', ' ', '1995-10-02', '1995-10-02', '', '2021-10-01', '', 0, 0, 0, '0000-00-00', '', '2006-08-29 11:15:05', '', ''),
('403', '', 'นางสาว', '', 'สุกุญญา', 'โควาวิเศษสุต', 'xx', 'xx', '10', 25, 223, 223, 'พุทธ', 'F', 'B', 'โสด', '1969-10-05', '', '3102001338221', '1042637971', ' 229   แขวงบางขุนศรี  เขตบางกอกน้อย  กรุงเทพฯ   ', ' ', '1994-07-01', '1994-07-01', '', '2030-10-01', '', 0, 0, 0, '0000-00-00', '', '2006-09-15 09:20:05', '', ''),
('404', '', 'นาง', '', 'จำเนียร', 'รุจนเสรี', 'xx', 'xx', '10', 25, 223, 223, 'พุทธ', 'F', 'O', 'สมรส', '1952-01-09', '', '3100202918801', '1008935967', ' 49  ถ. พระราม 5  แขวงดุสิต  เขตดุสิต  กรุงเทพฯ  10300', ' ', '1977-07-01', '1977-07-01', '', '2012-10-01', '', 0, 0, 0, '0000-00-00', '', '2006-08-29 13:18:22', '', ''),
('407', '', 'นาย', '', 'พิชิต', 'สักใหญ่', 'xx', 'xx', '10', 25, 223, 223, 'พุทธ', 'M', 'AB', 'หย่า', '1949-12-09', '', '3101400995454', '1010117450', ' 4/2  ถ. พหลโยธิน  แขวงอนุเสาวรีย์   เขตบางเขน   กรุงเทพฯ   12220', ' ', '1973-08-15', '1973-08-15', '', '2010-10-01', '', 0, 0, 0, '0000-00-00', '', '2006-09-15 09:20:53', '', ''),
('409', '', 'นาย', '', 'สุพรรณ', 'เจียกรัมย์', 'xx', 'xx', '10', 25, 223, 223, 'พุทธ', 'M', 'ไม', 'สมรส', '1960-11-26', '', '3310101335191', '1024232750', ' 24/23  หมู่ที่  3 ถ. พหลโยธิน  แขวงอนุเสาวรีย์  เขตบางเขน   กรุงเทพฯ10220', ' ', '1990-03-01', '1990-03-01', '', '2021-10-01', '', 0, 0, 0, '0000-00-00', '', '2006-09-15 09:21:21', '', ''),
('411', '', 'นาง', '', 'มานิจ', 'กล่องเพ็ชร', 'xx', 'xx', '10', 25, 223, 223, 'พุทธ', 'F', 'O', 'สมรส', '1945-10-25', '', '3140200346966', '1009721088', ' 4/10  หมู่ที่  2  ซอยชื่น   แขวงคลองสอง   เขตคลองหลวง   จังหวัดปทุมธานี  12120', ' ', '1977-05-01', '1977-05-01', '', '2006-10-01', '', 0, 0, 0, '0000-00-00', '', '2006-09-15 09:21:59', '', ''),
('412', '', 'นาย', '', 'บุญมี', 'หารธงชัย', 'xx', 'xx', '10', 25, 223, 223, 'พุทธ', 'M', 'B', 'สมรส', '1946-11-06', '', '3301800025345', '1311605793', ' 110  หมู่ที่  10  ตำบลสูงเนิน   อำเภอสูงเนิน   จังหวัดนครราชสีมา    30170', ' ', '1977-06-02', '1977-06-02', '', '2007-10-01', '', 0, 0, 0, '0000-00-00', '', '2006-09-15 09:22:25', '', ''),
('414', '', 'นาย', '', 'ระเบียบ', 'กลมจตุรัส', 'xx', 'xx', '10', 25, 223, 223, 'พุทธ', 'M', 'ไม', 'สมรส', '1977-11-06', '', '3120101102091', '', ' 24/23  ถ. พหลโยธิน  แขวงบางเขน  เขตบางเขน  กรุงเทพฯ', ' ', '1977-06-02', '1977-06-02', '', '2007-10-01', '', 0, 0, 0, '0000-00-00', '', '2006-09-15 09:22:49', '', ''),
('415', '', 'นาย', '', 'ประสิทธิ์', 'ซันมิน', 'xx', 'xx', '10', 25, 223, 223, 'พุทธ', 'M', 'ไม', 'สมรส', '1960-09-10', '', '3100300170509', '1008450187', ' 102  หมู่ที่  3  ถ.  เลียบคลองทวี  แขวงทวีวัฒนา  เขตทวีวัฒนา  กรุงเทพฯ  10170', ' ', '1978-10-02', '1978-10-02', '', '2020-10-01', '', 0, 0, 0, '0000-00-00', '', '2006-09-15 09:23:10', '', ''),
('417', '', 'นาย', '', 'วัตถาภรณ์', 'เก่ทอง', 'xx', 'xx', '10', 25, 223, 223, 'พุทธ', 'F', 'A', 'โสด', '1964-12-06', '', '3730400174543', '1043829948', ' 420/1  แขวงทุ่งพญาไท   เขตราชเทวี  กรุงเทพฯ   10400', ' ', '1995-04-10', '1995-04-10', '', '2025-10-01', '', 0, 0, 0, '0000-00-00', '', '2006-09-15 09:23:34', '', ''),
('418', '', 'นาง', '', 'จินตนา', 'ปั้นทอง', 'xx', 'xx', '10', 25, 223, 223, 'พุทธ', 'F', 'ไม', 'สมรส', '1950-03-16', '', '3101900709400', '1008935974', ' 21/1  หมู่ที่ 3  แขวงบางพรม   เขตตลิ่งชัน  กรุงเทพฯ  10170', ' ', '1978-10-16', '1978-10-16', '', '2010-10-01', '', 0, 0, 0, '0000-00-00', '', '2006-09-15 09:23:56', '', ''),
('419', '', 'นาย', '', 'รังสรรค์', 'ประดับวงษ์', 'xx', 'xx', '10', 25, 223, 223, 'พุทธ', 'M', 'ไม', 'สมรส', '1954-07-07', '', '5360600065977', '1310517202', ' 30/8 หมู่ที่  8  ถ. มิตรสัมพันธ์  ตำบลสูงเนิน  อำเภอสูงเนิน  จังหวัดนครราชสีมา 30170', ' ', '1978-10-02', '1978-08-02', '', '2014-10-01', '', 0, 0, 0, '0000-00-00', '', '2006-09-15 09:24:19', '', ''),
('422', '', 'นาย', '', 'สุเทพ', 'สิงห์ธรรม', 'xx', 'xx', '10', 25, 223, 223, 'พุทธ', 'M', 'B', 'สมรส', '1962-04-10', '', '3600100965759', '1049687764', ' 24/52 ถ. พหลโยธิน  แขวงอนุเสาวรีย์  เขตบางเขน  กรุงเทพฯ  10220', ' ', '1986-04-21', '1986-04-21', '', '2022-10-01', '', 0, 0, 0, '0000-00-00', '', '2006-09-15 09:24:41', '', ''),
('423', '', 'นางสาว', '', 'โสภา', 'ทองอยู่', 'xx', 'xx', '10', 25, 223, 223, 'พุทธ', 'F', 'B', 'โสด', '1966-07-02', '', '3100602651038', '1025647355', ' 77/8  หมู่ที่  14  ถ. รามอินทรา  แขวงคันนายาว   เขตคันนายาว  กรุงเทพฯ  10230', ' ', '1992-10-19', '1992-10-19', '', '2026-10-01', '', 0, 0, 0, '0000-00-00', '', '2006-09-15 09:25:04', '', ''),
('424', '', 'นาย', '', 'ประวิทย์', 'ดอนโพธิ์ทอง', 'xx', 'xx', '10', 25, 223, 223, 'พุทธ', 'M', 'A', 'โสด', '1948-02-01', '', '3101700979454', '1018776383', ' 901/14  ถ. ลาดพร้าว   แขวงสามเสนนอก   เขตห้วยขวาง   กรุงเทพฯ   10310', ' ', '1980-02-01', '1980-02-01', '', '2008-10-01', '', 0, 0, 0, '0000-00-00', '', '2006-09-15 09:25:26', '', ''),
('426', '', 'นางสาว', '', 'พัชรี', 'บุญเพ็ง', 'xx', 'xx', '10', 25, 223, 223, 'พุทธ', 'F', 'A', 'โสด', '1955-05-30', '', '3101900157474', '1015480788', ' 4/43  ถ.พหลโยธิน  แขวงคลองถนน  เขตสายไหม  กรุงเทพฯ  10220', ' ', '1985-04-01', '1985-04-01', '', '2015-10-01', '', 0, 0, 0, '0000-00-00', '', '2006-09-15 09:25:48', '', ''),
('427', '', 'นาง', '', 'ประเสริฐทรง', 'สุจิรารัตน์', 'xx', 'xx', '10', 25, 223, 223, 'พุทธ', 'F', 'B', 'สมรส', '1959-03-05', '', '3150400208761', '1011675065', ' 4/301  ถ.พหลโยธิน  แขวงคลองถนน  เขตสายไหม  กรุงเทพฯ  10220', ' ', '1979-06-11', '1979-07-11', '', '2019-10-01', '', 0, 0, 0, '0000-00-00', '', '2006-09-15 09:26:15', '', ''),
('429', '', 'นาง', '', 'เฉลย', 'ศรีวรรัตน์', 'xx', 'xx', '10', 25, 223, 223, 'พุทธ', 'F', 'O', 'หย่า', '1959-02-18', '', '3101400994491', '1010117443', ' 4/222  ถ.เลียบคลองทวีวัฒนา    แขวงคลองสอง      เขตคลองหลวง  จ.ปทุมธานี', ' ', '1980-03-03', '1980-03-03', '', '2019-10-01', '', 0, 0, 0, '0000-00-00', '', '2006-09-22 10:47:03', '', ''),
('5749', '', 'นาย', '', 'ประสิทธิ์', 'ลีระพันธ์', 'PRASIT', 'LEERAPAN', '1', 8, 223, 223, 'พุทธ', 'M', 'O', '', '1952-04-09', 'phplr@mahidol.ac.th', '3102001942153', '', ' 140/62  ต. ศาลายา  อ. พุทธมณธล  จ.นครปฐม', ' ', '1975-01-02', '1975-01-02', '', '2012-10-01', '', 0, 0, 0, '0000-00-00', '', '2006-09-04 09:50:15', '', ''),
('5772', '', 'นาง', '', 'ชะนวนทอง', 'ธนสุกาญจน์', 'CHANUANTONG', 'TANASUGARN', '1', 8, 223, 223, '', 'F', 'ไม', 'สมรส', '1956-01-20', 'phctn@mahidol.ac.th', '3100600226895', '1023864242', ' 5 ถ. สุทธิสาร  แขวงสามเสนใน  เขตพญาไท  กรุงเทพฯ  10400', ' ', '1987-07-22', '1987-07-22', '', '2016-10-01', '', 0, 0, 0, '0000-00-00', '', '2006-09-04 10:06:59', '', ''),
('5775', '', 'นางสาว', '', 'สุภัทรา', 'มาชมสมบูรณ์', 'SUPATTRA', 'MACHOMSOMBOON', '3', 25, 223, 223, 'พุทธ', 'F', 'ไม่ระบุ', 'โสด', '1957-01-19', '', '4100500066517', '1007290265', ' ', ' ', '1976-09-01', '1976-09-01', '', '2017-09-01', '', 0, 0, 0, '0000-00-00', '', '2007-01-08 15:11:57', '', ''),
('5776', '', 'นาง', '', 'ประภาภรณ์', 'ยังวิเศษ', 'PRAPAPORN', 'YOUNGVISES', '3', 25, 223, 223, 'พุทธ', 'F', 'O', 'หม้าย', '1954-02-26', '', '3110300232687', '1007536882', ' 46/26 หมู่ที่ 8 ถ.บางนา-ตราด ต.บางแก้ว อ.บางพลี จ.สมุทรปราการ 10540', ' ', '1974-06-03', '1974-06-03', '', '2014-10-01', '', 0, 0, 0, '0000-00-00', '', '2006-04-14 00:32:57', '', ''),
('5777', '', 'นางสาว', '', 'กชกร', 'ภาชื่น', 'KOCHAKORN', 'PACHEUN', '2', 25, 223, 223, 'พุทธ', 'F', 'O', 'โสด', '1960-08-29', '', '3309900105453', '1026539000', ' 114/174  ม.3  ถ.รัตนาธิเบศร์   ไทรม้า    เมืองนนทบุรี   นนทบุรี  11000', ' ', '1998-10-01', '1998-10-01', '', '2020-10-01', '', 0, 0, 0, '0000-00-00', '', '2006-08-21 14:57:12', '', ''),
('5779', '', 'นาย', '', 'เจริญ', 'อันทะไชย', 'CHAREON', 'UNTACHAI', '3', 25, 223, 223, '', 'M', 'O', 'สมรส', '1948-12-06', 'phcut@mahidol.ac.th', '3102002148272', '1008228069', ' 13/313 ถ.พหล-ลำลูกกา62 ต.คูคต อ.ลำลูกกา จ.ปทุมธานี 12120', ' ', '1972-03-16', '1972-03-16', '', '2009-10-01', '', 0, 1332, 0, '0000-00-00', '', '2006-08-31 08:28:45', '', ''),
('5780', '', 'นางสาว', '', 'ปรีดา', 'เสรีขจรกิจเจริญ', 'PREEDA', 'SEREKAJOHNKITCHAROEN', '3', 25, 223, 223, 'พุทธ', 'F', 'O', 'โสด', '1964-09-01', '', '3101800636630', '1025993483', ' 372 ถ.เจริญนคร แขวงคลองต้นไทร เขตคลองสาน จ.กรุงเทพมหานคร 10600', ' ', '1991-02-01', '1991-02-01', '', '2024-10-01', '', 0, 0, 0, '0000-00-00', '', '2006-09-11 09:51:33', '', ''),
('5782', '', 'นางสาว', '', 'ศิริวรรณ', 'เย็นเปิง', 'SIRIWAN', 'YENPERNG', '3', 25, 223, 223, 'พุทธ', 'F', 'O', 'โสด', '1956-08-30', '', '3100504452944', '1007555012', ' 400/61 ถ.พหลโยธิน ต.คูคต อ.ลำลูกกา จ.ปทุมธานี', ' ', '1977-06-02', '1977-06-02', '', '2016-10-01', '', 0, 1627, 0, '0000-00-00', '', '2006-09-15 13:46:53', '', ''),
('5785', '', 'นาย', '', 'ประยุทธ์', 'แสงใจธรรม', 'PRAYUT', 'SANDCHAITHAM', '3', 25, 223, 223, 'พุทธ', 'M', 'AB', 'สมรส', '1953-10-31', 'phpse@mahidol.ac.th', '3102200031924', '1011434075', ' 292  ถ.ราชวิถี  แขวงบางกอกน้อย  เขตบางพลัด  กรุงเทพฯ  10700', ' ', '1974-11-01', '1974-11-01', '', '2014-10-01', '', 0, 394, 0, '0000-00-00', '', '2006-09-12 14:45:27', '', ''),
('5787', '', 'นาง', '', 'คมขำ', 'เจียมใจ', 'KOMKHAM', 'CHIEMCHAI', '3', 25, 223, 223, 'พุทธ', 'F', 'ไม', 'สมรส', '2006-08-30', '', '3100501727802', '1011585401', ' 11/274  ม. 2 ถ. แจ้งวัฒนะ แขวงทุ่งสองห้อง  เขตหลักสี่  กรุงเทพฯ  10210', ' ', '1974-05-15', '1974-05-15', '', '2010-10-01', '', 0, 1627, 0, '0000-00-00', '', '2006-09-12 15:30:31', '', ''),
('5789', '', 'นาง', '', 'ทองปิ่น', 'เนียมหอม', 'THONGPIN', 'NIEMHOM', '3', 25, 223, 223, 'พุทธ', 'F', 'A', 'สมรส', '1949-01-01', '', '3100501754117', '1008450224', ' 62/311 แขวงลาดพร้าว  เขตลาดพร้าว  กรุงเทพฯ  10230', ' ', '1976-01-27', '1976-01-28', '', '2009-10-01', '', 0, 323, 0, '0000-00-00', '', '2006-09-12 14:44:27', '', ''),
('5790', '', 'นาง', '', 'อุไรวรรณ', 'โสภณพินิจ', 'URAIWAN', 'SOPHONPHINIT', '3', 25, 223, 223, 'พุทธ', 'F', 'O', 'สมรส', '1949-05-30', '', '3120101790043', '1005415844', ' 211/239 ม. 9 ถ. ติวานนท์ ต.บางกระสอ  อ. เมือง จ.นนทบุรี  11000', ' ', '1978-11-01', '1978-11-01', '', '2009-10-01', '', 0, 0, 0, '0000-00-00', '', '2006-08-31 08:31:12', '', ''),
('5792', '', 'นางสาว', '', 'นงเยาว์', 'สุดประโคนเขต', 'NONGYAO', 'SUDPRAKONKET', '3', 25, 223, 223, 'พุทธ', 'F', 'ไม', 'โสด', '2006-08-30', '', '3100501240598', '1013766129', ' 100/3  ม.1 ถ.รามอินทรา  แขวงลาดพร้าว  เขตลาดพร้าว  กรุงเทพฯ  10230', ' ', '1993-06-22', '1993-06-22', '', '2016-10-01', '', 0, 0, 0, '0000-00-00', '', '2006-09-12 11:30:49', '', ''),
('5794', '', 'นางสาว', '', 'อุไร', 'เสรีขจรกิจเจริญ', 'URAI', 'SERIKAJORNKITJAROEN', '3', 25, 223, 223, 'พุทธ', 'F', 'O', 'โสด', '1953-07-28', '', '3101800636591', '1008228113', ' 295 ซ.กรุงธนบุรี4  แขวงบางลำภูล่าง  เขตคลองสาน  กรุงเทพฯ  10600', ' ', '1976-01-30', '1976-01-30', '', '2013-10-01', '', 0, 0, 0, '0000-00-00', '', '2006-08-31 08:29:40', '', ''),
('5795', '', 'นางสาว', '', 'ธนวรรณ', 'จินดา', 'TANAWAN', 'JINDA', '3', 10, 223, 223, 'พุทธ', 'F', 'B', '', '1959-10-25', '', '3170600469771', '1014880879', ' 24    ถ.พหลโยธิน    อนุสาวรีย์   บางเขน  กรุงเทพฎ   10900', ' ', '1988-08-08', '1988-08-08', '', '2020-10-01', '', 0, 0, 0, '0000-00-00', '', '2006-08-28 08:31:04', '', ''),
('5796', '', 'นางสาว', '', 'วาสนา', 'แซมสัน', 'WATSANA', 'SAMSON', '3', 25, 223, 223, 'พุทธ', 'F', 'B', 'โสด', '1960-02-05', 'phwss@mahidol.ac.th', '3120101630402', '1021878807', ' 237/50  ถ.ติวานนท์  ต.ท่าทราย  อ.เมือง  จ.นนทบุรี  11000', ' ', '1991-02-01', '1991-02-01', '', '2020-10-01', '', 0, 0, 0, '0000-00-00', '', '2006-08-31 08:38:58', '', ''),
('5797', '', 'นาง', '', 'สุนีย์', 'ชาติเชื้อ', 'SUNEE', 'CHARTCHUE', '3', 25, 223, 223, 'พุทธ', 'F', 'A', 'สมรส', '1974-11-07', '', '3100300149402', '', ' 65  ม. 3  ต.บางตราด  อ.ปากเกร็ด   จ. นนทบุรี   11120', ' ', '1998-03-25', '1998-03-25', '', '2035-10-01', '', 0, 0, 0, '0000-00-00', '', '2006-08-30 09:32:21', '', ''),
('5798', '', 'นาง', '', 'ลีรา', 'กิตติกุล', 'LEERA', 'KITTIGUL', '1', 1, 223, 223, 'พุทธ', 'F', 'O', 'สมรส', '1959-11-10', 'phlkt@mahidol.ac.th', '3529900294335', '1199915809', ' 75/7   ถ.ประชาชื่น    บางเขน     เมือง    นนทบุรี   11000', ' ', '1990-02-01', '1990-02-01', '', '2020-10-01', '', 9900, 9900, 0, '0000-00-00', '', '2006-09-14 09:25:33', '', ''),
('5799', '', 'นาง', '', 'อัญชลี', 'ตัณฑ์ศุภศิริ', 'UNCHALEE', 'TANSUPHASIRI', '1', 1, 223, 223, '', 'F', 'ไม', 'สมรส', '1947-04-18', '', '3100200128616', '1460144952', ' 53/135 ถ.แจ้งวัฒนะ ต.บางตลาด อ.ปากเกร็ด จ.นนทบุรี 11120', ' ', '1969-07-21', '1983-07-15', '', '2007-10-01', '', 9900, 9900, 0, '0000-00-00', '', '2006-09-11 09:59:26', '', ''),
('5800', '', 'นางสาว', '', 'กนกรัตน์', 'ศิริพานิชกร', 'KANOKRAT', 'SIRIPANICHGON', '1', 1, 223, 223, 'พุทธ', 'F', 'O', 'โสด', '1955-08-11', '', '3169900097509', '1014442602', ' 105/10 ซอยท่านผู้หญิงฯ ถ.งามวงศ์วาน แขวงลาดยาว เขตจตุจักร จ.กรุงเทพมหานคร 10900', ' ', '1990-11-15', '1990-11-15', '', '2015-10-01', '', 9900, 9900, 0, '0000-00-00', '', '2006-09-11 10:03:33', '', ''),
('5801', '', 'นาย', '', 'สุรชาติ', 'ณ หนองคาย', 'SURACHART', 'NA-NONGKHAI', '1', 3, 223, 223, 'พุทธ', 'M', 'A', 'สมรส', '1956-08-03', 'phsnk@mahidol.ac.th', '3100602710671', '1005085450', ' 29/337  ม.14  ถ.รามอินทรา  แขวงคันนายาว  เขตคันนายาว  กรุงเทพฯ  10230', ' ', '1980-11-03', '1980-11-03', '', '2016-10-01', '', 0, 0, 0, '0000-00-00', '', '2006-09-05 15:00:06', '', '');
INSERT INTO `personel` (`per_id`, `per_no`, `per_pname`, `per_pname2`, `per_fnamet`, `per_lnamet`, `per_fnamee`, `per_lnamee`, `per_type`, `per_dept`, `per_nal`, `per_renal`, `per_religion`, `per_sex`, `per_blood`, `per_situation`, `per_bhd`, `per_email`, `per_idcard`, `per_tax`, `per_addr`, `per_skill`, `per_hiredate1`, `per_hiredate2`, `per_trans`, `per_retire`, `per_expert`, `per_money1`, `per_money2`, `per_status`, `per_outdate`, `per_remark`, `per_modify`, `username`, `password`) VALUES
('5804', '', 'นาย', '', 'พิพัฒน์', 'ลักษมีจรัสกุล', 'PIPAT', 'LUKSAMIJARULKUL', '1', 1, 223, 223, 'พุทธ', 'M', 'O', 'สมรส', '1957-11-23', 'luksamijarulkul@yahoo.com', '3101201043607', '1010736903', ' 747/111 ถ.กรุงเทพ-นนทบุรี แขวงบางซื่อ เขตบางซื่อ จ.กรุงเทพมหานคร 10800', ' ', '1983-08-03', '1983-08-03', '', '2018-10-01', '', 9900, 9900, 0, '0000-00-00', '', '2006-04-07 09:27:43', '', ''),
('5805', '', 'นางสาว', '', 'พรพรรณ', 'ดีระพัฒน์', 'PORNPHAN', 'DIRAPHAT', '1', 1, 223, 223, 'พุทธ', 'F', 'ไม', 'โสด', '1965-07-05', 'phpdr@mahidol.ac.th', '3509901157242', '1024063699', ' 89/610    ถ.นวมินทร์    คลองกุ่ม  บึงกุ่ม  กรุงเทพฯ   10240 ', ' ', '1996-08-01', '1996-08-01', '', '2025-10-01', '', 0, 0, 0, '0000-00-00', '', '2006-09-11 10:04:31', '', ''),
('5806', '', 'นาง', '', 'เฟื่องฟ้า', 'อุตรารัชต์กิจ', 'FUANGFA', 'UTRARACHKIJ', '1', 1, 223, 71, 'พุทธ', 'F', 'A', 'หม้าย', '1963-01-01', 'phfut@mahidol.ac.th', '3101500485202', '1020896727', ' 79/15 ถ.บรรทัดทอง แขวงรองเมือง เขตปทุมวัน จ.กรุงเทพมหานคร 10330', ' ', '1988-02-01', '1988-02-01', '', '2023-10-01', '', 0, 0, 0, '0000-00-00', '', '2006-04-07 10:04:30', '', ''),
('5808', '', 'นางสาว', '', 'อรษา', 'สุดเธียรกุล', 'ORASA', 'SUTHIENKUL', '1', 1, 223, 223, 'พุทธ', 'F', 'O', 'โสด', '1948-10-20', 'phost@mahidol.ac.th', '3102002356622', '1005449658', ' 342 ถ.จรัญสนิทวงศ์ แขวงบางพลัด เขตบางพลัด จ.กรุงเทพมหานคร 10700', ' ', '1975-01-10', '1975-01-10', '', '2009-10-01', '', 13000, 13000, 0, '0000-00-00', '', '2006-09-11 10:02:49', '', ''),
('5811', '', 'นาย', '', 'ชาญชุติ', 'จรรยาสัณห์', 'CHARNCHUDHI', 'CHANYASANHA', '1', 1, 223, 223, 'พุทธ', 'M', 'A', 'โสด', '1952-08-01', 'phccy@mahidol.ac.th', '3101200587000', '1004621413', ' 194  ซ.  34  ถ.สาธุประดิษฐ์  บางโพงพาง   ยานนาวา    กรุงเทพมหานคร 10120', ' ', '1979-06-19', '1990-05-01', 'กระทรวงสาธารณสุข', '2012-10-01', '', 9900, 0, 0, '0000-00-00', '', '2006-09-04 09:06:19', '', ''),
('5813', '', 'นาย', '', 'มณฑา', 'เก่งการพานิช', 'MONDHA', 'KENGGANPANICH', '1', 8, 223, 223, 'คริสต์', 'F', 'AB', 'สมรส', '1964-10-08', 'kmondha@yahoo.com', '3160600552601', '1312062458', ' 62/376 ม.5 ซ.ธนากร2 ถ.เทอดพระเกียรติ  แขวงวัดชลอ เขตบางกรวย  จ. นนทบุรี  11130', ' ', '1992-09-07', '1992-09-07', '', '2025-10-01', '', 0, 0, 0, '0000-00-00', '', '2006-09-04 10:17:31', '', ''),
('5815', '', 'นาย', '', 'ปราถนา', 'สถิตย์วิภาวี', 'PRATANA', 'SATITVIPAWEE', '1', 2, 223, 223, 'พุทธ', 'M', 'B', 'โสด', '1965-10-31', 'phpsv@mahidol.ac.th', '3101400689841', '1022506068', ' 38 ถ. พหลโยธิน7   แขวงสามเสนใน   เขตพญาไท  กรุงเทพฯ  10400', ' ', '1996-01-15', '1996-01-15', '', '2026-10-01', '', 0, 0, 0, '0000-00-00', '', '2006-09-21 11:11:21', '', ''),
('5816', '', 'นาย', '', 'เดชาวุธ', 'นิตยสุทธิ', 'DECHAVUDH', 'NITYASUDDHI', '1', 2, 223, 223, 'พุทธ', 'M', 'B', '', '1975-10-03', 'phdnt@mahidol.ac.th', '3100600718313', '1009187693', ' 1131  แขวงคลองจั่น  เขตบางกะปิ  กรุงเทพฯ   ', ' ', '1975-10-01', '1975-10-01', '', '2012-10-01', '', 0, 0, 0, '0000-00-00', '', '2007-09-04 09:47:28', '', ''),
('5817', '', 'นาง', '', 'สุมาลี', 'สิงหนิยม', 'SUMALEE', 'SINGHANIYOM', '1', 2, 223, 223, 'พุทธ', 'F', 'O', 'สมรส', '1951-11-02', 'phssg@mahidol.ac.th', '3100600676831', '1008346046', ' 439/3  ถ.นวมินทร์  แขวงบึงกุ่ม  เขตบึงกุ่ม  กรุงเทพฯ  10240', ' ', '1979-01-11', '1979-01-11', '', '2012-10-01', '', 0, 0, 0, '0000-00-00', '', '2006-09-04 14:26:38', '', ''),
('5818', '', 'นาย', '', 'วชิระ', 'สิงหะคเชนทร์', 'VAJIRA', 'SINGHAKAJEN', '1', 2, 223, 223, 'พุทธ', 'M', 'O', 'สมรส', '1946-08-12', 'phvsh@mahidol.ac.th', '3102002252797', '1002789436', ' 37/7  ต.บางกอบัว  อ.พระประแดง  จ.สมุทรปราการ  10130', ' ', '1973-05-01', '1973-05-01', '', '2011-10-01', '', 0, 0, 0, '0000-00-00', '', '2006-09-04 14:34:51', '', ''),
('5820', '', 'นาย', '', 'ศุภชัย', 'แสงรัตนกุล', 'SUPACHAI', 'SANGRATTANAGUL', '1', 2, 223, 223, 'พุทธ', 'M', 'A', 'สมรส', '1953-04-30', 'phsst@mahidol.ac.th', '3120101714452', '1014336451', ' 91/245/11  ถ.ติวานนท์  ต.ตลาดขวัญ  อ.เมือง  จ.นนทบุรี   11000', ' ', '1981-12-01', '1981-12-01', '', '2013-10-01', '', 0, 0, 0, '0000-00-00', '', '2006-09-04 14:43:39', '', ''),
('5822', '', 'นาย', '', 'ธวัชชัย', 'วรพงศธร', 'THAVATCHAI', 'VORPONGTHORN', '1', 2, 223, 223, 'พุทธ', 'M', 'B', '', '1944-07-24', 'phtvr@mahidol.ac.th', '3101700798310', '1010192549', ' 1/8  แขวงดินแดง  เขตดินแดง  กรุงเทพฯ  10400', ' ', '1968-10-01', '1968-10-01', '', '2009-10-01', '', 0, 0, 0, '0000-00-00', '', '2006-09-04 14:54:35', '', ''),
('5823', '', 'นางสาว', '', 'ฉวีวรรณ', 'บุญสุยา', 'CHAWEEWON', 'BOONSHUYAR', '1', 2, 223, 223, 'พุทธ', 'F', 'O', 'โสด', '1950-04-13', 'phcby@mahidol.ac.th', '3100503128582', '1010409210', ' ', ' ', '1975-01-10', '1975-01-10', '', '2010-10-01', '', 0, 0, 0, '0000-00-00', '', '2006-09-04 15:10:27', '', ''),
('5825', '', 'นาง', '', 'เพียงจันทร์', 'โรจนวิภาต', 'PIANGCHAN', 'ROJANAVIPART', '1', 2, 223, 223, 'พุทธ', 'F', 'B', 'สมรส', '1951-09-24', 'phprj@mahidol.ac.th', '3102101179940', '1008346053', ' 24/22 ถ. งามวงศ์วาน  แขวงลาดยาว  เขตจตุจักร  กรุงเทพฯ  10900\r\n', ' ', '1975-10-01', '1975-10-02', '', '2011-10-01', '', 0, 0, 0, '0000-00-00', '', '2006-09-04 15:20:25', '', ''),
('5826', '', 'นางสาว', '', 'พิมพ์ประภา', 'สุขทรรศนีย์', 'PIMPRAPA', 'SUKTASSNEE', '2', 2, 223, 223, 'พุทธ', 'F', 'A', '', '1972-08-15', 'phpsn@mahidol.ac.th', '3100600410858', '1050968739', ' ', ' ', '1998-09-07', '1998-09-07', '', '2032-10-01', '', 0, 0, 0, '0000-00-00', '', '2006-09-04 15:29:37', '', ''),
('5827', '', 'นาง', '', 'ภูษิตา', 'อินทรประสงค์', 'PUSITA', 'INTARAPRSONG', '1', 3, 223, 223, 'พุทธ', 'F', 'ไม่ระบุ', 'สมรส', '1952-10-17', 'phpit@mahidol.ac.th', '5120199021856', '1008760132', ' 53/19 ถ.ติวานนท์  ต.บางกระสอ  อ.เมือง จ.นนทบุรี  11000', ' ', '1976-02-02', '1997-12-02', '', '2013-10-01', '', 0, 0, 0, '0000-00-00', '', '2007-01-08 16:34:50', '', ''),
('5828', '', 'นาง', '', 'นวรัตน์', 'สุวรรณผ่อง', 'NAWARAT', 'SUWANNAPONG', '1', 3, 223, 223, '', 'F', 'B', '', '1954-05-03', 'adnsw@mahidol.ac.th', '3102000820372', '1601549271', ' 248/93  ม. 17 แขวงศาลาธรรมสพน์  เขตทวีวัฒนา  กรุงเทพฯ 10710', ' ', '1994-10-01', '1994-10-01', '', '2014-10-01', '', 0, 0, 0, '0000-00-00', '', '2006-08-31 15:49:08', '', ''),
('5831', '', 'นาย', '', 'ปูม', 'มาลากุล ณ อยุธยา', 'POOM', 'MALAKULNAAYUTTHAYA', '1', 3, 223, 223, '', 'M', 'B', 'โสด', '1961-04-17', 'phpml@mahidol.ac.th', '3120101455970', '1930680180', ' 70/162  ถ. ประชาชื่น  ต.ท่าทราย  อ.เมือง   จ.นนทบุรี  11000', ' ', '1985-04-01', '1996-11-01', '', '2021-10-01', '', 0, 0, 0, '0000-00-00', '', '2006-08-31 16:07:55', '', ''),
('5833', '', 'นาง', '', 'พัฒนา', 'มูลพฤกษ์', 'PATTANA', 'MULPHRUK', '1', 10, 223, 223, 'พุทธ', 'F', 'AB', 'สมรส', '2006-08-28', 'phpmp@mahidol.ac.th', '3100503131834', '1003679606', ' 155/3  ถ.พหลโยธิน   ลาดยาว   จตุจักร   กรุงเทพฯ  10900', ' ', '1974-09-02', '1976-09-01', 'กองอนามัยสิ่งแวดล้อม', '2011-10-01', '', 0, 0, 0, '0000-00-00', '', '2006-08-28 10:09:17', '', ''),
('5834', '', 'นาย', '', 'ทองหล่อ', 'เดชไทย', 'THONGLAW', 'DEJTHAI', '1', 3, 223, 223, 'พุทธ', 'M', 'B', 'สมรส', '1945-11-06', 'phtdt@mahidol.ac.th', '3100500339167', '1006969032', ' 1030/1  แขวงลาดยาว  เขตจตุจักร  กรุงเทพฯ  ', ' ', '1971-08-02', '1971-08-02', '', '2006-10-01', '', 9900, 0, 0, '0000-00-00', '', '2006-09-19 15:12:19', '', ''),
('5835', '', 'นางสาว', '', 'วงเดือน', 'ปั้นดี', 'WANGDYAN', 'PANDLL', '1', 4, 223, 223, '', 'F', 'B', '', '1954-03-02', 'phwpd@mahidol.ac.th', '3349800178599', '1018020370', ' 56/126   ถ.พหลโยธิน   อนุสาวรีย์    บางเขน   กรุงเทพฯ  10220 ', ' ', '1984-08-15', '1984-08-15', '', '2014-10-01', '', 5600, 0, 0, '0000-00-00', '', '2006-09-04 10:57:54', '', ''),
('5836', '', 'นางสาว', '', 'มยุนา', 'ศรีสุภานันต์', 'MAYUNA', 'SRISUPHANUNT', '1', 4, 223, 223, 'พุทธ', 'F', 'A', 'โสด', '1954-07-18', '', '3101200961327', '1006587533', ' ', ' ', '1977-08-01', '1997-03-27', 'มหาวิทยาลัยขอนแก่น', '2014-10-01', '', 9900, 9900, 0, '0000-00-00', '', '2007-09-04 10:04:35', '', ''),
('5837', '', 'นาย', '', 'อดิศักดิ์', 'ภูมิรัตน์', 'ADISAK', 'BHIUMIRATANA', '1', 4, 223, 223, 'อิสลาม', 'M', 'B', 'โสด', '1969-05-11', 'phabr@mahidol.ac.th', '3101501402513', '1052152266', ' 354   ถ.ริมทางรถไฟ   บางยี่เรือ  ธนบุรี   กรุงเทพฯ  10600', ' ', '1997-08-15', '1997-08-15', '', '2029-10-01', '', 0, 0, 0, '0000-00-00', '', '2006-09-04 15:38:13', '', ''),
('5840', '', 'นาย', '', 'ประยุทธ์', 'พุทธิรักษ์กุล', 'PRATYTE', 'BUDDHIRAKKUL', '1', 4, 223, 223, 'พุทธ', 'M', 'B', 'สมรส', '1964-02-12', '', '3509901162289', '1018277767', ' 129/327  ถ.รัตนาธิเบศร์    บางรักน้อย   เมือง    นนทบุรี   11000', ' ', '1998-04-01', '1998-04-01', '', '2024-10-01', '', 0, 0, 0, '0000-00-00', '', '2006-09-05 10:21:15', '', ''),
('5842', '', 'นาง', '', 'ประภัสสร', 'วิบูลย์จักร์', 'PRAPASSORN', 'WIBOONJAK', '1', 4, 223, 223, 'พุทธ', 'F', 'ไม', '', '1963-11-15', '', '3100501868589', '1120507363', ' ', ' ', '1997-08-15', '1997-09-05', '', '2024-10-01', '', 0, 0, 0, '0000-00-00', '', '2006-09-05 10:20:44', '', ''),
('5843', '', 'นาง', '', 'พักตร์พิมล', 'มหรรรณพ', 'PAKPIMOL', 'MAHANNOP', '1', 4, 223, 223, 'พุทธ', 'F', 'A', 'สมรส', '1950-06-10', 'phpmh@mahidol.ac.th', '3101401208677', '1003656133', ' 49/1  ถ.สุทธิสาร  แขวงสามเสนใน  เขตพญาไท  กรุงเทพฯ  10400', ' ', '1975-12-01', '1981-02-01', '', '2010-10-01', '', 9900, 0, 0, '0000-00-00', '', '2006-09-05 10:26:08', '', ''),
('5844', '', 'นางสาว', '', 'อุษา', 'เล็กอุทัย', 'USA', 'LEK-UTHAI', '1', 4, 223, 223, 'พุทธ', 'F', 'B', 'โสด', '1957-02-03', 'phulu@mahidol.ac.th', '3539900143019', '1010118174', ' 67/278  ถ.แจ้งวัฒนะ  แขวงทุ่งสองห้อง  เขตหลักสี่  กรุงเทพฯ  10210', ' ', '1980-05-15', '1980-05-15', '', '2017-10-01', '', 9900, 0, 0, '0000-00-00', '', '2006-09-05 14:00:44', '', ''),
('5847', '', 'นางสาว', '', 'ชุมสิน', 'ศิริอัฐ', 'CHUMSIN', 'SIRIAT', '3', 4, 223, 223, 'พุทธ', 'F', 'A', '', '1951-10-26', '', '3102000943792', '1110020087', ' 428/6  ถ.จรัลสนิทวงศ์  แขวงศิริราช  เขตบางกอกน้อย  กรุงเทพมหานคร  10700', ' ', '1972-10-02', '1972-10-02', '', '2012-10-01', '', 0, 0, 0, '0000-00-00', '', '2006-09-05 11:11:39', '', ''),
('5848', '', 'นาง', '', 'ปรียากมล', 'ข่าน', 'PRIYAKAMUN', 'KHAN', '1', 5, 223, 223, 'พุทธ', 'F', 'B', 'สมรส', '1966-12-15', '', '3249900151952', '1242400283', ' 100/46   สามเสนใน      พญาไทย     กรุงเทพฯ     10400', ' ', '1999-06-01', '1999-08-21', '', '2027-10-01', '', 0, 0, 0, '0000-00-00', '', '2006-08-21 15:36:41', '', ''),
('5849', '', 'นาง', '', 'วันเพ็ญ', 'แก้วปาน', 'WANPEN', 'KEAWPAN', '1', 5, 223, 223, 'พุทธ', 'F', 'O', 'สมรส', '1961-11-22', 'phwkp@mahidol.ac.th', '3720900274008', '1608333903', ' 35/11  ถ.บางแวก   บางไผ่  บางแค   กรุงเทพฯ  10610', ' ', '1983-04-01', '1994-04-01', '', '2022-10-01', '', 0, 0, 0, '0000-00-00', '', '2006-08-22 16:16:28', '', ''),
('5852', '', 'นางสาว', '', 'พัชราพร', 'เกิดมงคล', 'PACHARAPORN', 'KERDMONGKOL', '1', 5, 223, 223, '', 'F', 'ไม', '', '2006-08-23', 'phpkm@mahidol.ac.th', '3750200342680', '', ' ', ' ', '1980-05-06', '1993-05-01', '', '2018-10-01', '', 0, 0, 0, '0000-00-00', '', '2006-08-23 10:04:00', '', ''),
('5853', '', 'นาง', '', 'สุนีย์', 'ละกำปั่น', 'SUNEE', 'LAKOMPUN', '1', 5, 223, 223, 'พุทธ', 'F', 'B', 'สมรส', '1959-01-10', 'phslk@mahidol.ac.th', '3660600002796', '1600288577', ' 160/277   ม.5  ถ.บางกรวย-ไทรน้อย    บางกรวย   บางกรวย   นนทบุรี    11130', ' ', '1980-12-01', '2006-08-23', 'คณะแพทย์ศาสตร์มหิดล', '2019-10-01', '', 0, 0, 0, '0000-00-00', '', '2006-08-23 14:36:28', '', ''),
('5855', '', 'นาง', '', 'เรวดี', 'จงสุวัฒน์', 'REWADEE', 'CHONGSUWANT', '1', 6, 223, 223, 'พุทธ', 'F', 'ไม', '', '1959-10-14', 'phrcs@mahidol.ac.th', '3349900407000', '1017998441', ' ', ' ', '1997-01-02', '1997-01-02', '', '2020-10-01', '', 3500, 0, 0, '0000-00-00', '', '2006-09-15 15:23:39', '', ''),
('5857', '', 'นางสาว', '', 'อาภาพร', 'เผ่าวัฒนา', 'ARPAPORN', 'POWWATTANA', '1', 5, 223, 223, 'พุทธ', 'F', 'B', 'โสด', '1967-08-06', 'phapw@mahidol.ac.th', '3579900291123', '1025522241', ' ', ' ', '1995-11-14', '1995-08-23', '', '2027-10-01', '', 0, 0, 0, '0000-00-00', '', '2006-08-23 11:19:45', '', ''),
('5858', '', 'นาง', 'เรือโทหญิง', 'อรวรรณ', 'แก้วบุญชู', 'ORAWAN', 'KAEWBOONCHOO', '1', 5, 223, 223, 'พุทธ', 'F', 'A', 'สมรส', '1961-07-07', 'phokb@mahidol.ac.th', '3101500054848', '1015604160', ' 97/96   บางกรวย    บางกรวย   นนทบุรี   11130', ' ', '1988-07-22', '1988-08-22', '', '2021-10-01', '', 0, 0, 0, '0000-00-00', '', '2006-08-23 15:54:52', '', ''),
('5861', '', 'นาง', '', 'สมพร', 'เตรียมชัยศรี', 'SOMPORN', 'TRIAMCHAISRI', '1', 5, 223, 223, 'พุทธ', 'F', 'B', 'หย่า', '1953-12-16', 'phstr@mahidol.ac.th', '3100602297692', '', ' 61/17   ม.13      ลาดพร้าว    ลาดพร้าว   กรุงเทพฯ  ', ' ', '1978-05-15', '1978-08-24', '', '2014-10-01', '', 0, 0, 0, '0000-00-00', '', '2006-08-24 15:58:20', '', ''),
('5862', '', 'นาง', '', 'สุลี', 'ทองวิเชียร', 'SULEE', 'TONGVICHEAN', '1', 5, 223, 223, 'พุทธ', 'F', 'B', 'สมรส', '2006-06-27', '', '3110101365822', '1415016372', ' 56/375  ม. 1   บางเมืองใหม่   เมือง    สมุทรปราการ   10270', ' ', '1974-04-16', '1981-03-10', '', '2007-10-01', '', 0, 0, 0, '0000-00-00', '', '2006-08-24 16:19:37', '', ''),
('5867', '', 'นาง', '', 'ศิริลักษณ์', 'พวงแก้ว', 'SIRILUK', 'PHUANGKAEW', '3', 5, 223, 223, 'พุทธ', 'F', 'ไม', 'สมรส', '1964-07-14', '', '5700400011519', '1020763654', ' 3/438    ถ.สายไหม      คลองถนน   สายไหม   กรุงเทพฯ  10210', ' ', '1997-10-16', '1997-10-16', '', '2024-10-01', '', 0, 0, 0, '0000-00-00', '', '2006-08-24 10:25:49', '', ''),
('5870', '', 'นาง', '', 'ชุติมา', 'ศิริกุลชยานนท์', 'CHUTIMA', 'SIRIKULCHAYANON', '1', 6, 223, 223, 'พุทธ', 'F', 'AB', 'สมรส', '1951-08-20', 'headphnu@mahidol.ac.th', '3100800590297', '1007207683', ' 206/17  ถ. พะเนียง  แขวงวัดโสมนัส  เขตป้อมปราบ  กรุงเทพฯ  10100', ' ', '1976-04-01', '1991-03-16', '', '2011-10-01', '', 9900, 0, 0, '0000-00-00', '', '2006-09-18 12:17:47', '', ''),
('5871', '', 'นาง', '', 'พัชราณี', 'ภวัตกุล', 'PATCHARANEE', 'PAVADHGUL', '1', 6, 223, 223, 'พุทธ', 'F', 'B', 'สมรส', '1970-05-24', '', '3501400111218', '1461661113', ' 36/67  ถ. พุทธมณฑลสาย1  แขวงบางระมาด  เขตตลิ่งชัน  กรุงเทพฯ  10170', ' ', '1997-01-09', '1997-01-09', '', '2030-10-01', '', 0, 0, 0, '0000-00-00', '', '2006-09-18 11:14:41', '', ''),
('5873', '', 'นาย', '', 'สมชาย', 'ดุรงค์เดช', 'SOMCHAI', 'DURONGKADEJ', '1', 6, 223, 223, 'พุทธ', 'M', 'ไม', 'สมรส', '2006-09-01', 'phsdr@mahidol.ac.th', '3100502257141', '1060041866', ' 253  แขวงสามเสนนอก  เขตห้วยขวาง  กรุงเทพฯ  10310', ' ', '1978-01-02', '1978-01-02', '', '2006-10-01', '', 0, 898, 0, '0000-00-00', '', '2006-09-18 10:37:36', '', ''),
('5874', '', 'นาง', '', 'นัยนา', 'บุญทวียุวัฒน์', 'NAIYANA', 'BUNTAVEEYUWAT', '1', 13, 223, 223, 'พุทธ', 'F', 'O', 'สมรส', '1953-09-27', 'phnbv@mahidol.ac.th', '3101400558623', '1010121068', ' 329/333  ถ.สุรนารี  เขตเมือง  กรุงเทพฯ 30000', ' ', '1977-11-08', '1977-11-08', '', '2013-10-01', '', 990, 9900, 0, '0000-00-00', '', '2006-10-02 09:58:55', '', ''),
('5877', '', 'นาง', '', 'มันทนา', 'ประทีปะเสน', 'MANTANA', 'PRATIPASEN', '1', 6, 223, 223, 'พุทธ', 'F', 'B', '', '1947-02-08', 'phmps@mahidol.ac.th', '3101202814470', '1010555351', ' 687/1 ถ.รามอินทรา34 แขวงท่าแร้ง  เขตบางเขน  กรุงเทพฯ 10230', ' ', '1971-04-30', '1971-04-30', '', '2007-10-01', '', 9900, 0, 0, '0000-00-00', '', '2006-09-18 10:03:01', '', ''),
('5881', '', 'นาง', '', 'สุภัทร์', 'ไชยกุล', 'SUPAT', 'CHAIYAKUL', '1', 6, 223, 223, '', 'F', 'B', 'สมรส', '1972-09-18', 'phscw@mahidol.ac.th', '3101700605953', '1049740827', ' 556/1  ถ.ประชาสงเคราะห์  แขวงดินแดง  เขตดินแดง  กรุงเทพฯ  10400', ' ', '1998-04-01', '1998-04-01', '', '2032-10-01', '', 0, 0, 0, '0000-00-00', '', '2006-09-05 13:29:13', '', ''),
('5883', '', 'นาง', '', 'ดวงใจ', 'มาลัย', 'DUANGJAAI', 'MALAI', '1', 6, 223, 223, 'พุทธ', 'F', 'ไม', 'สมรส', '2006-09-05', 'phdml@mahidol.ac.th', '3170200115077', '1033731190', ' 93/290  ซ.89/1  ถ.ประชาอุทิศ   แขวงทุ่งครุ   เขตทุ่งครุ   กรุงเทพฯ    10140', ' ', '1992-09-01', '1992-09-01', '', '2025-10-01', '', 0, 0, 0, '0000-00-00', '', '2006-09-05 13:43:52', '', ''),
('5885', '', 'นาง', '', 'ภารดี', 'เต็มเจริญ', 'PARADEE', 'TEMCHAROEN', '1', 6, 223, 223, 'พุทธ', 'F', 'O', '', '1945-03-02', '', '4100500122719', '1108036472', ' 104/15  แขวงลาดยาว  เขตจตุจักร  กรุงเทพฯ  10900', ' ', '1972-02-01', '1972-02-01', '', '2010-10-01', '', 0, 0, 0, '0000-00-00', '', '2006-09-05 13:56:47', '', ''),
('5886', '', 'นาง', '', 'นิตยา', 'เทพปฐม', 'NITAYA', 'THEPPATHOM', '3', 6, 223, 223, 'พุทธ', 'F', 'ไม', 'สมรส', '1963-04-01', '', '3101501588676', '1016901015', ' 123/10/5 ถ.กรุงเทพ-นนทบุรี  ต.บางเขน  อ.เมือง  จ.นนทบุรี  11000', ' ', '1989-05-01', '1989-05-01', '', '2023-10-01', '', 0, 0, 0, '0000-00-00', '', '2006-09-05 14:38:56', '', ''),
('5887', '', 'นางสาว', '', 'ดวงพร', 'แก้วศิริ', 'DUANGPORN', 'KAWSIRI', '1', 6, 223, 223, 'พุทธ', 'F', 'ไม', '', '1947-08-04', 'phdks@mahidol.ac.th', '3130100044135', '1009493053', ' ', ' ', '1973-05-01', '1973-05-01', '', '2007-10-01', '', 0, 0, 0, '0000-00-00', '', '2006-09-05 14:06:37', '', ''),
('5888', '', 'นางสาว', '', 'สิริประภา', 'กลั่นกลิ่น', 'SIRIPRAPA', 'KLUNKLIN', '1', 6, 223, 223, 'พุทธ', 'F', 'A', '', '1951-01-31', '', '3101201911773', '1000855232', ' 100/106  แขวงคลองถนน  เขตบางเขน  กรุงเทพฯ  10200', ' ', '1977-05-16', '1977-05-16', '', '2011-10-01', '', 0, 0, 0, '0000-00-00', '', '2006-09-05 14:21:08', '', ''),
('5892', '', 'นางสาว', '', 'อังสนา', 'บุญธรรม', 'ANGSANA', 'BOONTHUM', '1', 13, 223, 223, 'พุทธ', 'F', 'A', 'โสด', '1963-04-07', 'phabt@mahidol.ac.th', '3509901158982', '1311529174', ' 49/3  ต.สัตหีบ   อ.สัตหีบ   จ.ชลบุรี   10400', ' ', '1986-08-18', '1993-10-01', '', '2023-10-01', '', 0, 0, 0, '0000-00-00', '', '2006-09-29 15:44:23', '', ''),
('5893', '', 'นางสาว', 'ร้อยตำรวจเอกหญิง', 'จงกล', 'โพธิ์แดง', 'JONGKOL', 'PODANG', '1', 7, 223, 223, 'พุทธ', 'F', 'B', 'โสด', '1963-01-11', 'phipd@mahidol.ac.th', '3100701034576', '1060817449', ' 702/159 ถ.จรัญสนิทวงศ์  คลองชักพระ  ตลิ่งชัน   กรุงเทพฯ    10700', ' ', '1982-06-07', '1996-03-16', 'วิทยาลัยพยาบาลตำรวจ', '2023-10-01', '', 0, 0, 0, '0000-00-00', '', '2006-08-16 09:52:52', '', ''),
('5895', '', 'นาย', '', 'วิศิษฏ์', 'ฉวีพจน์กำจร', 'WISIT', 'CHAWEEPOJKUMJORN', '1', 7, 223, 223, 'พุทธ', 'M', 'O', 'โสด', '1959-12-17', '', '3102400745009', '1017440803', ' 72/55  ถ.บรมราชชนนี   ศาลาธรรมสพน์      ทวีวัฒนา  กรุงเทพฯ  10170', ' ', '1985-07-15', '1995-10-02', 'กรมปศุสัตว์ กระทรวงเกษตรและสหกรณ์', '2020-10-01', '', 5600, 0, 0, '0000-00-00', '', '2006-08-16 11:40:49', '', ''),
('5896', '', 'นาย', '', 'นพพร', 'โหวธีระกุล', 'NOPPORN', 'HOWTEERAKUL', '1', 7, 223, 223, 'พุทธ', 'M', 'A', 'โสด', '1959-02-03', '', '3101600901623', '101766615', ' 160/63  ถ.เพชรเกษม    ปากคลอง   ภาษีเจริญ  กรุงเทพฯ  10160', ' ', '1985-07-01', '1985-07-01', 'สถาบันพัฒนาการสาธารณสุขอาเซียน', '2019-10-01', '', 0, 0, 0, '0000-00-00', '', '2006-08-18 13:30:07', '', ''),
('5897', '', 'นางสาว', '', 'กุลยา', 'นาคสวัสดิ์', 'KUNLAYA', 'NAKSAWAD', '1', 7, 223, 223, 'พุทธ', 'F', 'A', 'โสด', '1949-12-01', 'phkns@mahido.ac.th', '3100900156540', '1008951417', ' 54 ซอย 13 ถ.สุขุมวิท แขวงคลองเตย เขตคลองเตย กรุงเทพมหานคร 10110', ' ', '1984-03-01', '1984-03-01', '', '2006-08-11', '', 0, 0, 0, '0000-00-00', '', '2006-08-11 13:15:49', '', ''),
('5899', '', 'นาย', '', 'พิศิษฐ์', 'วัฒนสมบูรณ์', 'PISIT', 'VATANASOMBOON', '1', 10, 223, 223, 'พุทธ', 'M', 'B', 'สมรส', '1956-10-05', 'phpwn@madiol.ac.th', '3101403149384', '1096052720', ' 380/115    ถ.รัชกาภิเษก    จันทรเกษม  จตุจักร  กรุงเทพฯ  10900', ' ', '1978-06-21', '1987-08-28', 'กรมอนามัย', '2017-10-01', '', 0, 0, 0, '0000-00-00', '', '2006-08-28 11:17:27', '', ''),
('5904', '', 'นาง', '', 'ปิยธิดา', 'ตรีเดช', 'PIYATHIDA', 'TREEDECH', '1', 3, 223, 223, '', 'F', 'O', 'สมรส', '1949-03-11', 'phptd@mahidol', '3101400558062', '1006969025', ' 767/33  ถ. พหลโยธิน  แขวงสามเสนใน  เขตพญาไท  กรุงเทพฯ  10400', ' ', '1973-05-01', '1973-05-01', '', '2009-10-01', '', 19800, 0, 0, '0000-00-00', '', '2007-01-08 15:44:41', '', ''),
('5905', '', 'นาง', '', 'ดนยา', 'วงศ์ศิริกุล', 'DANAYA', 'WONGSIRIKUL', '1', 10, 223, 223, 'พุทธ', 'F', 'A', 'สมรส', '1966-10-18', 'phdws@mahidol.ac.th', '3730600379840', '1025199236', ' 702}704   ถ.อ่อนนุข     สวนหลวง  กรุงเทพฯ   10250', ' ', '1989-04-21', '1995-01-02', 'สำนักการระบายน้ำ กรุงเทพมหานคร', '2027-10-01', '', 0, 0, 0, '0000-00-00', '', '2006-08-28 14:05:43', '', ''),
('5906', '', 'นาย', '', 'ชลาศัย', 'ห่วงประเสริฐ', 'SHALASAI', 'HUANGPRASEAT', '1', 10, 223, 223, 'พุทธ', 'M', 'B', 'สมรส', '1946-10-30', 'phshp2mahidol.ac.th', '3700600080739', '1110074455', ' 129    ม.3  ถ.ชูศักดิ์  บางแพ   บางแพ   ราชบุรี   10760  ', ' ', '1973-05-01', '2006-08-28', '', '2007-10-01', '', 5600, 0, 0, '0000-00-00', '', '2006-08-29 09:20:26', '', ''),
('5907', '', 'นาย', '', 'สุเทพ', 'ศิลปานันทกุล', 'SUTHEP', 'SILPANANTAKUL', '1', 10, 223, 223, 'พุทธ', 'M', 'B', 'สมรส', '1956-08-01', '', '3179900088551', '14153605607', ' 103/26   ซ.ชินเขต  ทุ่งสองห้อง  หลักสี่  กรุงเทพฯ   10210', ' ', '1981-07-13', '1994-08-28', 'คณะสาธารณสุขศาสตร์  ม.ขอนแก่น', '2016-10-01', '', 9900, 0, 0, '0000-00-00', '', '2006-08-28 14:36:59', '', ''),
('5908', '', 'นางสาว', '', 'ภัทรา', 'พรหมสง่า', 'PATTAR', 'PHROMSANGA', '3', 25, 223, 223, 'พุทธ', 'F', 'B', 'โสด', '1956-09-23', 'phpps@mahidol.ac.th', '3100202152450', '1010552589', ' ', ' ', '1981-07-03', '1981-07-03', '', '2016-10-01', '', 0, 0, 0, '0000-00-00', '', '2006-08-31 08:25:24', '', ''),
('5909', '', 'นาง', '', 'สุปรียา', 'ตันสกุล', 'SUPREYA', 'TANSAKUL', '1', 8, 223, 223, 'พุทธ', 'F', 'O', 'สมรส', '1955-01-08', 'phsts@mahidol.ac.th', '3102000142676', '1011802232', ' 191/4  แขวงศิริราช  เขตบางกอกน้อย  กรุงเทพฯ  ', ' ', '1981-12-15', '1981-12-15', '', '2015-10-01', '', 0, 0, 0, '0000-00-00', '', '2006-09-04 10:26:51', '', ''),
('5911', '', 'นางสาว', '', 'ลักขณา', 'เติมศิริกุลชัย', 'LAKKHANA', 'TERMSIRIKULCHAI', '1', 8, 223, 223, 'พุทธ', 'F', 'A', 'โสด', '1954-03-16', 'phlts@hotmail.com', '3101800861676', '1006120488', ' 105  ถ. เจริญนคร  แขวงคลองต้นไทร  เขตคลองสาน  กรุงเทพฯ  10600', ' ', '1977-08-01', '1994-12-01', '', '2014-10-01', '', 0, 0, 0, '0000-00-00', '', '2006-09-04 10:40:03', '', ''),
('5913', '', 'นาย', '', 'ธราดล', 'เก่งการพานิช', 'THARADOL', 'KENGGANPANICH', '1', 8, 223, 223, 'พุทธ', 'M', 'B', 'สมรส', '1959-11-01', '', '3101701474844', '1310828230', ' 62/376  ม.5 ถ.เทอดพระเกียรติ  ต.วัดชลอ อ.บางกรวย  จ.นนทบุรี  11130', ' ', '1981-08-03', '1981-08-03', '', '2020-10-01', '', 0, 0, 0, '0000-00-00', '', '2006-09-04 11:17:30', '', ''),
('5915', '', 'นางสาว', '', 'มณีรัตน์', 'ธีระวิวัฒน์', 'MANIRAT', 'THERAWIWAT', '1', 8, 223, 223, 'พุทธ', 'F', 'ไม', 'โสด', '1964-12-15', 'phmtr@mahidol.ac.th', '3719900106472', '1614500153', ' ', ' ', '1984-10-01', '1996-11-01', '', '2025-10-01', '', 0, 0, 0, '0000-00-00', '', '2006-09-04 10:51:09', '', ''),
('5917', '', 'นาง', '', 'อัญชลี', 'วงศ์ทางสวัสดิ์', 'UNCHAREE', 'WONGTANGSWAD', '1', 8, 223, 223, 'พุทธ', 'F', 'B', 'สมรส', '1956-02-05', '', '3101701361586', '1009695112', ' 404/23  ซ.21 ถ. อโศกดินแดง  แขวงดินแดง  เขตดินแดง  กรุงเทพฯ  10320', ' ', '1980-11-13', '1980-11-13', '', '2016-10-01', '', 0, 0, 0, '0000-00-00', '', '2006-09-04 10:59:55', '', ''),
('5922', '', 'นาง', '', 'ภรณี', 'วัฒนสมบูรณ์', 'PARANEE', 'VATANASOMBOON', '1', 8, 223, 223, 'พุทธ', 'F', 'A', 'สมรส', '1962-08-01', '', '3100701050334', '1017480090', ' 380/115  ซ.สันนิบาตเทศบาล  ถ.รัชดาภิเษก  แขวงจันทเกษม  เขตจตุจุกร  กรุงเทพฯ   10900', ' ', '1995-05-20', '1995-05-08', '', '2022-10-01', '', 0, 0, 0, '0000-00-00', '', '2006-09-04 11:09:08', '', ''),
('5923', '', 'นาย', '', 'นิรัตน์', 'อิมามี', 'NIRAT', 'IMAMEE', '1', 8, 223, 223, '', 'M', 'B', '', '1946-12-20', '', '3101402229171', '1006976726', ' 12/2 ม. 10  แขวงหนองจอก  เขตหนองจอก  กรุงเทพฯ ', ' ', '1968-10-01', '1968-10-01', '', '2007-10-01', '', 0, 0, 0, '0000-00-00', '', '2006-09-04 11:26:24', '', ''),
('5924', '', 'นางสาว', '', 'วาสนา', 'จันทร์สว่าง', 'WASANA', 'JUNSAWANG', '1', 8, 223, 223, 'พุทธ', 'F', 'AB', 'โสด', '1951-02-28', '', '3540300263619', '1000178782', ' 60/222 ม.4 ถ. พระยาสุเรนทร์  แขวงบางชัน  เขตคลองสามวา  กรุงเทพฯ  10510', ' ', '1979-12-24', '1979-12-25', '', '2011-10-01', '', 0, 0, 0, '0000-00-00', '', '2006-09-04 13:40:31', '', ''),
('5927', '', 'นาย', '', 'ชนินทร์', 'เจริญกุล', 'CHANIN', 'CHAREONKUL', '1', 13, 223, 223, 'พุทธ', 'M', 'A', 'โสด', '1949-11-15', 'phcce@mahidol.ac.th', '3100500684859', '13105517288', ' ', ' ', '1972-02-01', '1972-02-01', '', '2010-10-01', '', 5600, 5600, 0, '0000-00-00', '', '2006-10-02 09:21:42', '', ''),
('5932', '', 'นาง', '', 'เนาวรัตน์', 'เจริญค้า', 'NAOWRUT', 'CHAROENCA', '1', 9, 223, 223, 'พุทธ', 'F', 'B', 'สมรส', '1957-04-14', 'phncr@mahidol.ac.th', '3520100531008', '1472739191', ' ', ' ', '1992-01-27', '1997-08-30', '', '2017-10-27', '', 9900, 9900, 0, '0000-00-00', '', '2006-08-30 15:39:08', '', ''),
('5933', '', 'นาย', '', 'ประยูร', 'ฟองสถิตย์กุล', 'PRAYOON', 'FONGSATITKUL', '1', 9, 223, 223, '', 'M', 'A', 'สมรส', '1952-04-07', 'phpfs@hotmail.com', '3100904572319', '1001573128', ' 205  ถ. สวนหลวง   สวนหลวง  สวนหลวง  กรุงเทพฯ  10250', ' ', '1975-09-24', '1992-08-30', '', '2012-10-01', '', 9900, 9900, 0, '0000-00-00', '', '2006-08-30 14:23:03', '', ''),
('5934', '', 'นางสาว', '', 'วันทนี', 'พันธุ์ประสิทธิ์', 'WANTAMEE', 'PHANIPRASIT', '1', 12, 223, 223, 'พุทธ', 'F', 'A', 'โสด', '1958-05-24', 'phwpp@mahidol.ac.th', '3100500188045', '1014405973', ' 217        ลาดยาว            จตุจักร         กรุงเทพฯ', ' ', '1982-06-28', '1997-04-16', 'กรมอนามัย  กระทรวงสาธารณสุข', '2018-10-01', '', 9900, 9900, 0, '0000-00-00', '', '2006-10-02 09:16:28', '', ''),
('5937', '', 'นางสาว', '', 'นิภาพรรณ', 'กังสกุลนิติ', 'NIPAPUN', 'KUNGSKULNITI', '1', 9, 223, 223, 'พ', 'F', 'O', '', '1958-10-15', '', '5102490000799', '', ' ', ' ', '1991-10-01', '1991-10-01', '', '2019-10-01', '', 9900, 0, 0, '0000-00-00', '', '2006-08-30 14:31:05', '', ''),
('5938', '', 'นาย', '', 'วิชัย', 'พฤกษ์ธาราธิกุล', 'VICHAI', 'PRIEKTARATIKUL', '1', 12, 223, 223, '', 'M', 'B', '', '1954-06-06', '', '3101400587666', '1000078495', ' 98/113   ลาดยาว   จตุจักร   กรุงเทพฯ  10900', ' ', '1976-10-11', '1990-05-11', '', '2014-10-01', '', 9900, 9900, 0, '0000-00-00', '', '2006-09-28 09:51:10', '', ''),
('5939', '', 'นาย', '', 'เชาวยุทธ', 'พรพิมลเทพ', 'CHAOVAYUT', 'PORNPIMOLTHAPE', '1', 9, 223, 223, '', 'M', 'ไม่ระบุ', 'สมรส', '2006-09-27', 'phcph@mahidol.ac.th', '3100501446480', '1009524764', ' 281  ถ.ลาดพร้าว  วังทองหลาง  วังทองหลาง  กรุงเทพฯ  10310', ' ', '1972-08-01', '1972-08-01', '', '2010-10-01', '', 9900, 9900, 0, '0000-00-00', '', '2006-09-27 09:50:13', '', ''),
('5943', '', 'นาง', '', 'ภรณี', 'ภัทรานวัช', 'PORANEE', 'PATARANAWAT', '1', 9, 223, 223, 'พุทธ', 'F', 'ไม', 'หย่า', '1951-10-30', '', '3101700198347', '1003711825', ' ', ' ', '1977-06-02', '1977-06-02', '', '2012-10-01', '', 9900, 0, 0, '0000-00-00', '', '2006-08-30 15:45:29', '', ''),
('5944', '', 'นาย', '', 'สมมารถ', 'กรรเจียกพงษ์', 'SOMMART', 'KRANJERKPONG', '3', 9, 223, 223, '', 'F', 'ไม', '', '1962-11-07', '', '3120200247054', '', ' 146/67  ถ.กรุงเทพ-ปทุมธานี   บางคูรัด  เมือง   ปทุมธานี  ', ' ', '1990-07-19', '1990-08-30', '', '2023-10-01', '', 0, 0, 0, '0000-00-00', '', '2006-08-30 14:47:43', '', ''),
('5946', '', 'นาย', '', 'สุธรรม', 'นันทมงคลชัย', 'SUTHAM', 'NANTHAMONGKOLCHAI', '1', 11, 223, 223, 'พุทธ', 'M', 'B', 'สมรส', '1964-10-16', 'phsnt@mahidol.ac.th', '3540200453882', '1029048110', ' 47/411 ซ.หมู่บ้านKCการ์เด้นโฮม7  ถ. นิมิตรไหม  แขวงคลองสามตะวันออก  เขตคลองสามวา กรุงเทพฯ  10510', ' ', '1999-01-25', '1999-01-25', '', '2025-10-01', '', 3500, 0, 0, '0000-00-00', '', '2006-09-18 13:38:11', '', ''),
('5947', '', 'นาง', '', 'พิมพ์สุรางค์', 'เตชะบุญเสริมศักดิ์', 'PIMSURANG', 'TAECHABOONSERMSAK', '1', 11, 223, 223, 'พุทธ', 'F', 'O', 'สมรส', '1962-01-11', 'phpth@mahidol.ac.th', '3100602382665', '', ' 10/155 ,. 14 ถ. รามคำแหง  แขวงแสนแสบ เขตมีนบุรี  กรุงเทพฯ  10510', ' ', '1985-05-01', '1985-05-01', '', '2022-10-01', '', 5600, 5600, 0, '0000-00-00', '', '2006-09-18 14:15:50', '', ''),
('5948', '', 'นาง', '', 'จรวยพร', 'สุภาพ', 'JARUAYPORN', 'SUPARP', '1', 11, 223, 223, 'พุทธ', 'F', 'O', 'สมรส', '1950-01-13', 'phjsp@mahidol.ac.th', '3559900121953', '1486087882', ' 85/16/2 ม.11 ถ.ติวานนท์  ต.ตลาดขวัญ  อ.เมืองนนทบุรี  นนทบุรี  11000', ' ', '1974-04-01', '1988-04-16', '', '2010-10-01', '', 9900, 0, 0, '0000-00-00', '', '2006-09-18 14:51:58', '', ''),
('5949', '', 'นาย', '', 'สมชาติ', 'โตรักษา', 'SOMCHART', 'TORUGSA', '1', 3, 223, 223, '', 'M', 'O', 'สมรส', '1952-09-20', 'phsto@mahidol.ac.th', '3100200827905', '1562108722', ' 160/16  ถ. พระราม6 แขวงสามเสนใน  เขตพญาไท  กรุงเทพฯ  10400', ' ', '1978-04-03', '1978-04-03', '', '2012-10-01', '', 0, 0, 0, '0000-00-00', '', '2006-09-01 10:08:39', '', ''),
('5954', '', 'นางสาว', '', 'สุจิตตา', 'ผาติบัณฑิต', 'SUCHITTA', 'PHATIBUNDIT', '2', 11, 223, 223, 'พุทธ', 'F', 'B', 'โสด', '1960-09-10', '', '3102002461060', '1009183350', ' ', ' ', '1993-12-01', '1993-12-01', '', '2020-10-01', '', 0, 0, 0, '0000-00-00', '', '2006-09-18 15:34:22', '', ''),
('5955', '', 'นาง', '', 'พูนสุข', 'ช่วยทอง', 'POONSOOK', 'CHUAYTONG', '1', 11, 223, 223, 'พุทธ', 'F', 'A', 'สมรส', '1950-04-20', 'phpst@mahidol.ac.th', '3120101873780', '1008935943', ' 295/57  ต. บางกระสอ  อ.เมือง  จ. นนทบุรี  11000', ' ', '1976-08-16', '1977-12-01', '', '2010-10-01', '', 9900, 9900, 0, '0000-00-00', '', '2006-09-19 12:22:10', '', ''),
('5957', '', 'นาย', '', 'ประมุข', 'โอศิริ', 'PRAMUK', 'O-SIRI', '1', 12, 223, 223, 'พุทธ', 'F', 'B', 'สมรส', '1957-09-25', 'phpos@mahidol.ac.th', '3240400112356', '1012882271', ' 53     ซ.ลาดพร้าว 80 วังทองหลาง   วังทองหลาง   กรุงเทพฯ  10310', ' ', '1981-06-15', '1992-09-01', 'กรุงเทพมหานคร', '2017-10-01', '', 5600, 5600, 0, '0000-00-00', '', '2006-09-28 15:01:37', '', ''),
('5958', '', 'นาย', '', 'สุทิน', 'อยู่สุข', 'SUDHIN', 'YOOSOOK', '1', 9, 223, 223, 'พุทธ', 'M', 'B', 'สมรส', '1544-05-27', '', '3100600454898', '1007683524', ' 14/9      คลองจั่น      บางกะปิ     กรุงเทพฯ    10240', ' ', '1966-10-03', '1966-10-03', '', '2004-10-01', '', 20000, 898, 0, '0000-00-00', '', '2006-08-30 14:39:55', '', ''),
('5959', '', 'นางสาว', '', 'สรา', 'อาภรณ์', 'SARA', 'APPHORN', '1', 12, 223, 223, 'พุทธ', 'F', 'ไม่ระบุ', 'โสด', '1967-01-10', 'phsao@mahidol.ac.th', '3619900162306', '1550214398', ' 78/161   ม.7   สายไหม  บางเขน  กรุงเทพฯ  10220', ' ', '1992-04-15', '1992-09-01', '', '2027-09-01', '', 3500, 0, 0, '0000-00-00', '', '2006-10-02 08:47:34', '', ''),
('5960', '', 'นาย', '', 'วิทยา', 'อยู่สุข', 'WITAYA', 'YOOSOOK', '1', 12, 223, 223, 'พุทธ', 'M', 'B', 'สมรส', '2006-09-01', 'phwys@mahidol.ac.th', '3120100495277', '', ' 132/60   ตลาดขวัญ  เมือง  นนทบุรี  11000', ' ', '1975-08-01', '1975-08-01', '', '2009-10-01', '', 9900, 0, 0, '0000-00-00', '', '2006-09-28 15:29:41', '', ''),
('5961', '', 'นาย', '', 'เฉลิมชัย', 'ชัยกิตติภรณ์', 'CHALERMCHAI', 'CHAIKITTIPORN', '1', 12, 223, 223, 'พุทธ', 'F', 'O', 'สมรส', '1947-10-18', 'phcck@mahidol.ac.th', '3100602040357', '1012806536', ' 33/1045       ม.10     ลาดพร้าว      ลาดพร้าว    กรุงเทพ  ', ' ', '1972-06-01', '1972-06-01', '', '2008-10-01', '', 10000, 10000, 0, '0000-00-00', '', '2006-09-28 14:15:04', '', ''),
('5962', '', 'นาย', '', 'อุดมศักดิ์', 'คงเมือง', 'UDOMSAK', 'KONGMUANG', '1', 9, 223, 223, 'พุทธ', 'F', 'A', 'โสด', '2006-08-30', 'phukm@mahidol.ac.th', '3100905388252', '1004059438', ' 54/83    ถ.ติวานนท์    บางกระสอ     เมือง   นนทบุรี   11000', ' ', '1978-12-15', '1997-08-30', '', '2013-10-01', '', 5600, 5600, 0, '0000-00-00', '', '2006-08-30 15:20:36', '', ''),
('5963', '', 'นาย', '', 'ชมภูศักดิ์', 'พูลเกษ', 'CHOMPUSAKDI', 'PULKET', '1', 12, 223, 223, '', 'M', 'O', '', '2006-09-01', 'phcpk@mahidol.ac.th', '3100904294866', '1267310352', ' 17          บางจาก      พระโขนง       กรุงเทพฯ', ' ', '1971-07-16', '1971-09-01', '', '2011-10-01', '', 9900, 9900, 0, '0000-00-00', '', '2006-09-28 13:25:20', '', ''),
('5964', '', 'นาย', '', 'ตุ๋ย', 'ยังน้อย', 'TUE', 'YOUNGNOI', '1', 13, 223, 223, 'พุทธ', 'M', 'ไม่ระบุ', '', '1952-06-03', 'phtyn@mahidol.ac.th', '3110101429073', '1267295116', ' ', ' ', '1981-05-01', '1981-05-01', '', '1981-10-01', '', 9900, 990, 0, '0000-00-00', '', '2006-10-02 10:39:21', '', ''),
('5965', '', 'นางสาว', '', 'อรุณรัตน์', 'มีใย', 'ARONRAG', 'MEEYAI', '1', 7, 223, 223, 'พุทธ', 'F', 'ไม', 'โสด', '1969-01-03', 'phamy@mahidol.ac.th', '3100504495287', '1040006014', ' ', ' ', '1997-09-01', '1997-09-01', '', '2006-08-15', '', 0, 0, 0, '0000-00-00', '', '2006-08-15 13:08:11', '', ''),
('5966', '', 'นาง', '', 'นภาพร', 'ม่วงสกุล', 'NAPAPORN', 'MUANGSAKUL', '3', 25, 223, 223, 'พุทธ', 'F', 'B', 'สมรส', '1962-03-06', 'phnmg@mahidol.ac.th', '3102100123975', '1016679235', ' 48  แขวงบางบอน  เขตบางบอน  กรุงเทพฯ  10150', ' ', '1984-08-13', '1984-08-13', '', '2022-10-01', '', 5600, 0, 0, '0000-00-00', '', '2006-09-15 11:58:06', '', ''),
('5968', '', 'นาย', '', 'เสริมพันธ์', 'นิตย์นรา', 'SERMPUN', 'NITNARA', '1', 13, 223, 223, 'พุทธ', 'M', 'ไม่ระบุ', '', '1955-11-12', 'headphst@mahidol.ac.th', '3849900096671', '', ' ', ' ', '1981-01-30', '1981-01-30', '', '2016-10-01', '', 0, 0, 0, '0000-00-00', '', '2006-09-29 09:55:50', '', ''),
('5969', '', 'นาย', '', 'วิทยา', 'เทียนจวง', 'WITTAYA', 'TEINJAUNG', '1', 8, 223, 223, 'พุทธ', 'M', 'AB', 'สมรส', '1947-08-27', '', '3101400067239', '1004523014', ' 2508/615  ถ.ดินแดง  แขวงดินแดง  เขตดินแดง  กรุงเทพฯ  10400', ' ', '1972-05-15', '1972-05-15', '', '2007-10-01', '', 0, 0, 0, '0000-00-00', '', '2006-09-04 13:50:13', '', ''),
('5970', '', 'นาง', '', 'ทัศนีย์', 'ศิลาวรรณ', 'TASANEE', 'SILAWARN', '1', 13, 223, 223, 'พุทธ', 'F', 'ไม่ระบุ', '', '1963-05-05', '', '5320990016917', '', ' ', ' ', '1985-10-01', '1994-05-01', '', '2023-10-01', '', 0, 0, 0, '0000-00-00', '', '2006-09-29 14:28:20', '', ''),
('5971', '', 'นาย', '', 'วิวัฒน์', 'อังศุสิงห์', 'WIWAT', 'ANGSUSINGHA', '1', 13, 223, 223, '', 'M', 'O', '', '1947-02-16', '', '3101600772912', '1001985426', ' 300/1024  ต.บางรักวัฒนา  อ.บางบัวทอง  จ. นนทบุรี', ' ', '1974-07-01', '1974-07-01', '', '2007-10-01', '', 0, 0, 0, '0000-00-00', '', '2006-09-05 09:18:09', '', ''),
('5972', '', 'นาย', '', 'นิวัต', 'อุณฑพันธุ์', 'NIVAT', 'AUTAPANTH', '1', 13, 223, 223, 'พุทธ', 'M', 'ไม', 'สมรส', '1961-01-18', '', '4340700003061', '1014093224', ' บ้านพักสถานฝึกอบรมและวิจัย  ต.สูงเนิน  อ.สูงเนิน  จ.นครราชสีมา   30170\r\n', ' ', '1983-09-20', '1993-11-16', '', '2021-10-01', '', 0, 0, 0, '0000-00-00', '', '2006-09-05 09:28:13', '', ''),
('5973', '', 'นาง', '', 'จุฑาพร', 'ทับเพ็ชร', 'JUTHAPORN', 'TUPPETCH', '1', 13, 223, 223, 'พุทธ', 'F', 'O', 'หม้าย', '1948-07-04', '', '3309900465603', '1310517073', ' 260/26  ม . 3 ซ.ฉัตรมงคล5   ต.หมื่นไวย  อ.เมือง  จ. นครราชสีมา   30000', ' ', '1975-05-01', '1975-05-01', '', '2008-10-01', '', 0, 0, 0, '0000-00-00', '', '2006-09-05 09:38:41', '', ''),
('5974', '', 'นาย', '', 'สมมาตร', 'พรหมภักดี', 'SOMMAS', 'PHROMPAGDI', '1', 13, 223, 223, '', 'M', 'ไม', 'สมรส', '1958-02-01', '', '3841700471071', '1311140010', ' สถานฝึกอบรมแบะวิจัยอนามัยชนบท   ต.สูงเนิน   อ. สูงเนิน  จ.นครราชสีมา  30170', ' ', '1984-09-17', '1984-09-17', '', '2018-10-01', '', 0, 0, 0, '0000-00-00', '', '2006-09-05 09:47:59', '', ''),
('5977', '', 'นาง', '', 'อรนุช', 'ภาชื่น', 'ORANUT', 'PACHUN', '1', 13, 223, 223, 'พุทธ', 'F', 'O', '', '1954-04-25', 'phopc@mahidol.ac.th', '3100603074191', '1008936025', ' 10/10  ม.6 แขวงลาดพร้าว  เขตลาดพร้าว  กรุงเทพฯ  10230', ' ', '1979-11-30', '1979-11-30', '', '2014-10-01', '', 0, 0, 0, '0000-00-00', '', '2006-09-05 10:03:25', '', ''),
('5979', '', 'นาง', '', 'ศรินยา', 'เดินขุนทด', 'SARINYA', 'DOENKUNTOD', '3', 13, 223, 223, 'พุทธ', 'F', 'O', 'สมรส', '1959-01-02', '', '3301800461005', '1805401320', ' 359 ม.1 ต.สูงเนิน อ.สูงเนิน จ. นครราชสีมา  ', ' ', '1983-11-24', '1983-11-24', '', '2019-10-01', '', 0, 0, 0, '0000-00-00', '', '2006-09-05 10:50:39', '', ''),
('5980', '', 'นาย', '', 'ประสาธน์', 'ทับเพ็ชร', 'PRASAT', 'TUPPETCH', '3', 13, 223, 223, '', 'M', 'O', 'สมรส', '1961-05-24', '', '3309900283262', '1311201780', ' 318/11  ต.ในเมือง  อ.เมือง  จ.นครราชสีมา', ' ', '1985-05-01', '1985-05-01', '', '2021-10-01', '', 0, 0, 0, '0000-00-00', '', '2006-09-05 11:08:29', '', ''),
('5983', '', 'นาย', '', 'ชุติชัย', 'มาแจ้ง', 'CHUTICHAI', 'MARJENG', '1', 11, 223, 223, 'พุทธ', 'M', 'B', 'สมรส', '1960-12-11', '', '3100200712679', '1310949027', ' 121/248 ถ. เทพารักษ์  ต.เทพารักษ์  อ.เมือง  จ.สมุทรปราการ  10270', ' ', '1983-10-20', '1983-10-20', '', '2021-10-01', '', 9900, 9900, 0, '0000-00-00', '', '2006-09-19 10:57:07', '', ''),
('6178', '', 'นาย', '', 'ธวัชชัย', 'สุนทร', 'TAWATCHAI', 'SOONTORN', '3', 4, 223, 223, 'พุทธ', 'M', 'A', 'สมรส', '1978-02-23', '', '3100700577266', '1043100733', ' 613/7  ม. 6 ถ. พหลโยธิน  แขวงสายไหม  เขตสายไหม  กรุงเทพฯ  10220', ' ', '1995-01-03', '1995-01-03', '', '1984-10-01', '', 0, 0, 0, '0000-00-00', '', '2006-09-06 09:16:26', '', ''),
('6179', '', 'นางสาว', '', 'ถวัลย์', 'เลิศลม', 'TAWAN', 'LERDTLOB', '3', 25, 223, 223, 'พุทธ', 'F', 'O', 'โสด', '2006-08-30', '', '3730300768808', '1006995963', ' 420/1 ถ.ราชวิถี  เขตราชเทวี  กรุงเทพฯ  10400', ' ', '1978-05-01', '1978-05-01', '', '2016-10-01', '', 0, 0, 0, '0000-00-00', '', '2006-08-31 08:30:12', '', ''),
('6181', '', 'นาย', '', 'ฉัตรชัย', 'ยกย่อง', 'CHATCHAI', 'YOKYONG', '3', 25, 223, 223, 'พุทธ', 'M', 'B', 'โสด', '1967-03-18', '', '3700400405901', '1038781343', ' 3/438  ถ. พหลโยธิน54/1  แขวงคลองถนน   เขตสายไหม  กรุงเทพฯ  10220', ' ', '1995-02-01', '1995-02-01', '', '2027-10-01', '', 0, 0, 0, '0000-00-00', '', '2006-09-12 08:48:49', '', '');
INSERT INTO `personel` (`per_id`, `per_no`, `per_pname`, `per_pname2`, `per_fnamet`, `per_lnamet`, `per_fnamee`, `per_lnamee`, `per_type`, `per_dept`, `per_nal`, `per_renal`, `per_religion`, `per_sex`, `per_blood`, `per_situation`, `per_bhd`, `per_email`, `per_idcard`, `per_tax`, `per_addr`, `per_skill`, `per_hiredate1`, `per_hiredate2`, `per_trans`, `per_retire`, `per_expert`, `per_money1`, `per_money2`, `per_status`, `per_outdate`, `per_remark`, `per_modify`, `username`, `password`) VALUES
('631', '', 'นาย', '', 'ใส', 'กลั่นความดี', 'XX', 'XXX', '12', 25, 223, 223, 'พุทธ', 'M', 'O', 'โสด', '1958-11-26', '', '3101400846386', '1046145700', ' 3417 ถ.ประชาสงเคราะห์  แขวงดินแดง  เขตดินแดง  กรุงเทพฯ  10400', ' ', '1995-07-10', '1995-07-10', '', '2019-10-01', '', 0, 0, 0, '0000-00-00', '', '2006-08-28 15:21:24', '', ''),
('7090', '', 'นาง', '', 'โศรดา', 'เผือกจิตต์', 'SORADA', 'PURKJIT', '3', 2, 223, 223, 'พุทธ', 'F', 'ไม', 'สมรส', '1958-11-08', '', '3120200357658', '1007263344', ' 101/2 ถ.ประดิพัทธ  แขวงสามเสนใน  เขตพญาไท  กรุงเทพฯ  10400', ' ', '1980-06-02', '1980-06-02', '', '2019-10-01', '', 0, 0, 0, '0000-00-00', '', '2006-09-04 15:36:52', '', ''),
('7091', '', 'นาง', '', 'ศิราณี', 'ศรีใส', 'SIRANEE', 'SREESAI', '1', 10, 223, 223, 'พุทธ', 'F', 'B', '', '1966-10-24', 'phssr@mahidol.ac.th', '3700500548071', '1023188386', ' 27  ม.7  ซ.เขียวดี  ถ.บรมราชชนนี    ศาลาธรรมสพน์    ทวีวัฒนา   กรุงเทพฯ  10170', ' ', '1993-04-01', '1993-08-28', '', '2027-10-01', '', 3500, 0, 0, '0000-00-00', '', '2006-08-28 15:24:05', '', ''),
('7533', '', 'นาง', '', 'ขนิษฐา', 'ปุสสะ', 'KHANITTHA', 'PUSSA', '2', 25, 223, 223, 'พุทธ', 'F', 'O', 'สมรส', '1956-08-12', '', '3100503854925', '1015653120', ' 16/24  แขวงทุ่งสองห้อง  เขตทุ่งสองห้อง  กรุงเทพฯ  ', ' ', '1981-07-01', '1981-07-01', '', '2016-10-01', '', 0, 0, 0, '0000-00-00', '', '2006-08-31 08:38:12', '', ''),
('7535', '', 'นางสาว', '', 'พรพิมล', 'กองทิพย์', 'PORNPIMOL', 'KONGTIP', '1', 12, 223, 223, '', 'F', 'B', '', '1957-08-07', 'phpkt@mahidol.ac.th', '3129900397227', '1014286022', ' 161/26    ม.5  สวนใหญ่     เมือง  นนทบุรี  11000', ' ', '1982-03-11', '1994-06-01', '', '2017-10-01', '', 9900, 9900, 0, '0000-00-00', '', '2006-09-28 11:08:15', '', ''),
('7912', '', 'นางสาว', '', 'ทัศนีย์', 'รวิวรกุล', 'TASSANEE', 'RAWIWORRAKUL', '1', 5, 223, 223, 'พุทธ', 'F', 'O', 'โสด', '1961-07-31', '', '3101400511201', '1015716771', ' ', ' ', '1983-05-01', '1983-08-24', '', '2021-10-01', '', 0, 0, 0, '0000-00-00', '', '2006-08-24 13:20:59', '', ''),
('8026', '', 'นาง', '', 'พิมพ์พรรณ', 'ศิลปสุวรรณ', 'PIMPAN', 'SILLAPASUWAN', '1', 5, 223, 223, 'พุทธ', 'F', 'O', 'หม้าย', '2051-02-18', 'phpsk@mahidol.ac.th', '3100504026431', '1003711818', ' 19/248   ถ.วิภาวดีรังสิต   ตลาดบางเขน   หลักสี่  กรุงเทพฯ', ' ', '1981-10-15', '1981-08-24', '', '2011-10-01', '', 0, 0, 0, '0000-00-00', '', '2006-08-24 14:26:26', '', ''),
('8033', '', 'นางสาว', '', 'วิไล', 'กลัดพรหม', 'VILAI', 'KLUDPROM', '2', 25, 223, 223, '', 'F', 'O', '', '1966-09-26', 'phvk@mahidol.ac.th', '3100903689387', '', ' 21 ถ.สุขุวิท103 แขวงบางจาก  เขตพระโขนง กรุงเทพฯ 10260 ', ' ', '1993-07-01', '1993-07-01', '', '2026-10-01', '', 0, 0, 0, '0000-00-00', '', '2006-09-06 13:22:38', '', ''),
('8115', '', 'นาย', '', 'ศิริลักษณ์', 'พวงแก้ว', 'SIRILUK', 'PHUANGKAEW', '3', 5, 223, 223, 'พุทธ', 'F', 'ไม', 'สมรส', '1964-07-14', '', '5700400011519', '1020763654', ' 3/438   ถ.สายไหม     คลองถนน    สายไหม    กรุงเทพฯ   10210', ' ', '1997-10-16', '1997-10-16', '', '2024-10-01', '', 0, 0, 0, '0000-00-00', '', '2006-09-11 10:08:26', '', ''),
('8116', '', 'นาย', '', 'ชัยวัฒน์', 'วงศ์อาษา', 'CHAIWAT', 'WONGASA', '1', 11, 223, 223, '', 'M', 'ไม', '', '1959-10-13', '', '3509900141881', '1014310307', ' ', ' ', '1982-08-02', '1982-08-02', '', '2020-10-01', '', 0, 0, 0, '0000-00-00', '', '2006-09-05 14:49:52', '', ''),
('8353', '', 'นาย', '', 'ศุภรวิทย์', 'พึ่งจิตต์ตน', 'SUPORNWIT', 'PUNGCHITTON', '2', 1, 223, 223, 'พุทธ', 'M', 'ไม', 'โสด', '1963-08-15', 'phspc@mahidol.ac.th', '3120600890434', '1017943632', ' 7    ม. 3     บางตะไนย์    ปากเกร็ด   นนทบุรี  1120', ' ', '1984-05-01', '1984-08-29', '', '2023-10-01', '', 0, 3500, 0, '0000-00-00', '', '2006-09-11 10:01:59', '', ''),
('8683', '', 'นาย', '', 'ชูเกียรติ', 'วิวัฒน์วงศ์เกษม', 'CHUKIAT', 'VIWATWONGKASEM', '1', 2, 223, 223, 'พุทธ', 'M', 'O', 'สมรส', '1959-02-08', 'phcvw@nahidol.ac.th', '3100502992763', '1014099325', ' 100/60  ม. 7  ถ. พหลโยธิน  แขวงอนุเสาวรีย์  เขตบางเขน  กรุงเทพฯ  10220', ' ', '1982-02-01', '1982-02-01', '', '2019-10-01', '', 0, 0, 0, '0000-00-00', '', '2006-09-04 09:09:13', '', ''),
('8883', '', 'นางสาว', '', 'สายใจ', 'โพธิ์ศัพท์สุข', 'SAIJAI', 'POTISUBSUK', '3', 25, 223, 223, 'พุทธ', 'F', 'B', 'โสด', '1961-03-16', '', '3101400018815', '1018591757', ' 542   ดินแดง   ดินแดง  กรุงเทพฯ  ', ' ', '1985-07-03', '1995-07-03', '', '2021-07-03', '', 0, 0, 0, '0000-00-00', '', '2006-08-21 10:15:53', '', ''),
('8884', '', 'นาง', '', 'ลดาวัลย์', 'เอี่ยมกระสินธุ์', 'LADDAWAN', 'IAMKRASIN', '3', 25, 223, 223, 'พุทธ', 'F', 'O', 'สมรส', '1959-07-07', '', '3100601649226', '1018242864', ' ', ' ', '1985-10-21', '1985-10-21', '', '2019-10-01', '', 0, 0, 0, '0000-00-00', '', '2006-08-21 10:07:13', '', ''),
('8885', '', 'นาง', '', 'พลอยพร', 'ถนอมทรัพย์', 'PLOYPORN', 'TANOMSUP', '3', 8, 223, 223, 'พุทธ', 'F', 'A', 'หม้าย', '1964-08-03', '', '3100203109841', '1119259099', ' 337/340  ถ.บางกรวยไทรน้อย  แขวงบางรักพัฒนา  เขตบางบัวทอง  จ. นนทบุรี  11110', ' ', '1985-07-03', '1985-07-03', '', '2024-10-01', '', 0, 0, 0, '0000-00-00', '', '2006-09-04 14:08:07', '', ''),
('9052', '', 'นาง', '', 'สมมาศ', 'มีธรรม', 'SOMMAS', 'MEETHUM', '3', 25, 223, 223, 'พุทธ', 'F', 'A', 'สมรส', '2006-01-11', '', '3101900643611', '1016679099', ' 420/1 ถ .ราชวิถี  แขวงทุ่งพญาไท  เขตราชเทวี  กรุงเทพฯ  10400', ' ', '1986-05-08', '1986-05-08', '', '2025-10-01', '', 0, 0, 0, '0000-00-00', '', '2006-08-31 08:35:52', '', ''),
('9099', '', 'นาง', '', 'วิภา', 'สุวรรณรักษา', 'VIPA', 'SUWANRAKSA', '3', 25, 223, 223, 'พุทธ', 'F', 'O', 'สมรส', '1963-12-17', '', '3101400178090', '1017019078', ' 33/47  ถ. รามอินทรา65  แขวงท่าแร้ง  เขตบางเขน   กรุงเทพฯ  ', ' ', '1987-10-01', '1987-10-01', '', '2024-10-01', '', 0, 0, 0, '0000-00-00', '', '2006-08-31 08:35:22', '', ''),
('9101', '', 'นาง', '', 'อรนุช', 'ชัยสมบูรณ์พันธ์', 'ORANOOT', 'CHAISOMBOONPUN', '3', 3, 223, 223, '', 'F', 'B', 'สมรส', '1957-07-26', '', '3730600438951', '1007470582', ' 72  ม. 2 ต.บ้านใหม่  อ.สามพราน จ. นครปฐม 73110', ' ', '1987-01-28', '1987-01-28', '', '2017-10-01', '', 0, 0, 0, '0000-00-00', '', '2006-09-21 09:17:12', '', ''),
('9102', '', 'นาง', '', 'อัมพร', 'พนม', 'AMPORN', 'PANOM', '3', 7, 223, 223, 'พุทธ', 'F', 'O', 'สมรส', '1959-02-04', '', '3120600673999', '1200130115', ' 5/1083   ม.10 ถ.สามัคคี  บางตลาด  ปากเกร็ด  นนทบุรี  11120', ' ', '1990-01-02', '1990-01-02', '', '2019-10-01', '', 0, 0, 0, '0000-00-00', '', '2006-08-16 08:03:46', '', ''),
('9119', '', 'นาย', '', 'จำรัส', 'เปลี่ยนสี', 'JUMRUS', 'PLIENSEE', '3', 25, 223, 223, 'พุทธ', 'M', 'AB', 'สมรส', '1963-07-16', '', '3102201904689', '1033183197', ' 295 ถ.รังสิต - นครนายก  แขวงประชาธิปัตย์  เขตธัญบุรี  จังหวัดปทุมธานี  12130', ' ', '1991-05-01', '1994-05-01', 'กรมการขนส่งทางบก', '2023-10-01', '', 0, 0, 0, '0000-00-00', '', '2006-09-06 10:05:15', '', ''),
('ph1', '', NULL, NULL, 'ph1', NULL, NULL, NULL, '', 23, 0, 0, NULL, NULL, NULL, NULL, NULL, NULL, NULL, NULL, NULL, NULL, NULL, NULL, NULL, NULL, NULL, NULL, NULL, 0, NULL, NULL, NULL, 'ph1', '123456'),
('ph2', '', NULL, NULL, 'ph2', NULL, NULL, NULL, '', 23, 0, 0, NULL, NULL, NULL, NULL, NULL, NULL, NULL, NULL, NULL, NULL, NULL, NULL, NULL, NULL, NULL, NULL, NULL, 0, NULL, NULL, NULL, 'ph2', '123456'),
('ph3', '', NULL, NULL, 'ph3', NULL, NULL, NULL, '', 23, 0, 0, NULL, NULL, NULL, NULL, NULL, NULL, NULL, NULL, NULL, NULL, NULL, NULL, NULL, NULL, NULL, NULL, NULL, 0, NULL, NULL, NULL, 'ph3', '123456'),
('ph4', '', NULL, NULL, 'ph4', NULL, NULL, NULL, '', 23, 0, 0, NULL, NULL, NULL, NULL, NULL, NULL, NULL, NULL, NULL, NULL, NULL, NULL, NULL, NULL, NULL, NULL, NULL, 0, NULL, NULL, NULL, 'ph4', '123456'),
('PHAF00003/44', '', 'นาย', '', 'ไชยนันต์', 'แท่งทอง', 'CHAIYANUN', 'TANGTONG', '4', 12, 223, 223, 'พุทธ', 'M', 'O', 'โสด', '1980-01-13', '', '3949900207811', '', ' 9/32 ถ. หนองจิก ต.สะบารัง  อ. เมือง  จ. ปัตตานี', ' ', '2002-09-07', '2002-09-07', '', '2040-09-01', '', 0, 0, 0, '0000-00-00', '', '2006-08-18 14:03:51', '', ''),
('PHAF00004/49', '', 'นางสาว', '', 'ภิฤดี', 'ภวนานันท์', 'PIRUDEE', 'PAVANANUNT', '4', 3, 223, 223, 'พุทธ', 'F', 'B', 'โสด', '1955-04-12', '', '3100600707401', '', ' 2120/157 อาคารบ้านนนทรีคอนโด ถ.จันทร์ตัดใหม่ แขวงช่องนนทรี  เขตยานนาวา  กรุงเทพฯ 10220', ' ', '2006-08-21', '2006-01-05', '', '2015-10-01', '', 0, 0, 0, '0000-00-00', '', '2006-09-21 13:58:21', '', ''),
('PHAF00008/49', '', 'นางสาว', '', 'ธนาศรี', 'สีหะบุตร', 'TANASRI', 'SIHABUT', '4', 10, 223, 223, 'พุทธ', 'F', 'O', 'โสด', '1972-02-28', '', '3330101400049', '', ' 104 ซ.จรัญสนิทวงศ์95/1  แขวงบางอ้อ  เขตบางพลัด  กรุงเทพฯ  10700', ' ', '2005-09-03', '2005-10-03', '', '2032-10-01', '', 0, 0, 0, '0000-00-00', '', '2006-08-22 13:45:00', '', ''),
('PHAF00009/42', '', 'นาง', '', 'รัชดา', 'เกษมทรัพย์', 'RACHADA', 'KASEMSUP', '4', 6, 223, 223, 'พุทธ', 'F', 'O', 'สมรส', '1971-06-08', '', '3101400942911', '', ' 35 ตรอก/ซอยตรีสัมพันธ์ ถนนพระราม 6ตำบลสามเสนใน อำเภอพญาไท กทม. 10400 โทรศัพท์ 022780979', ' ', '2007-09-02', '2007-09-02', '', '2031-10-01', '', 0, 0, 0, '0000-00-00', '', '2007-09-02 14:10:22', '', ''),
('PHAF00011/45', '', 'นางสาว', '', 'ฉัตรสมุน', 'พฤฒิภิญญโญ', 'CHARDSUMON', 'PRUTIPINYO', '4', 3, 223, 223, 'พุทธ', 'F', 'O', 'โสด', '1964-02-25', '', '3101600706847', '', ' 77/499 หมู่ที่ 5 ซอยเพชรทองคำ ถ.บางกระดี่3 แขวงแสมดำ เขตบางขุนเทียน จ.กรุงเทพมหานคร 10150', ' ', '2002-04-01', '2002-04-01', '', '2024-10-01', '', 0, 0, 0, '0000-00-00', '', '2006-04-07 13:09:25', '', ''),
('PHAF00082/48', '', 'นาย', '', 'ศุภชัย', 'ปิติกุลตัง', 'SUPACHAI', 'PITIKULTANG', '4', 1, 223, 223, 'พุทธ', 'M', 'B', 'โสด', '1964-06-23', '', '3101700311810', '', ' 17/16 ซ.ลาดพร้าว43 ถ. ลาดพร้าว   แขวงลาดพร้าว  เขตห้วยขวาง  กรุงเทพฯ 10320', ' ', '2005-05-02', '2005-05-02', '', '2024-10-01', '', 0, 0, 0, '0000-00-00', '', '2006-08-25 10:35:55', '', ''),
('PHAF00084/48', '', 'นางสาว', '', 'สุพพัด', 'ควรพงษากุล', 'SUPHAPHAT', 'KWONPONGSAOON', '4', 9, 223, 223, 'พุทธ', 'F', 'ไม', '', '1971-11-11', '', '4100100007319', '', ' 8/41  ซ.ปลูกจิต ถ.พระราม 4  แขวงลุมพินี  เขตปทุมวัน  กรุงเทพฯ  10330', ' ', '2005-03-22', '2005-03-22', '', '2031-10-01', '', 0, 0, 0, '0000-00-00', '', '2006-08-28 10:06:39', '', ''),
('PHAF00113/44', '', 'นาง', '', 'สุวิสา', 'มหาสันทนะ', 'SUWISA', 'MAHASANDANA', '4', 9, 223, 223, 'พุทธ', 'F', 'ไม', 'สมรส', '1968-08-01', '', '3102000984065', '', ' 516 ตรอก/ซอย พหลโยธิน 24 ถ. พหลโยธิน  แขวงลาดยาว  เขตจตุจักร  กรุงเทพฯ 10900', ' ', '2001-02-01', '2001-02-01', '', '2028-10-01', '', 0, 13610, 0, '0000-00-00', '', '2006-08-16 08:17:59', '', ''),
('PHAF00150/43', '', 'นาย', '', 'จักร์กริช', 'หิรัญเพชรรัตน์', 'CHAKRIT', 'HIRUNPETCHARAT', '4', 1, 223, 223, 'พุทธ', 'M', 'O', 'โสด', '1960-07-23', 'phchr@mahidol.ac.th', '3240400494658', '1460765638', ' 136/39 หมูที่ 2 ถ.สายอ้อมเมือง ต.ป่าแดด อ.เมือง จ.เชียงใหม่', ' ', '2000-08-01', '2000-04-07', '', '2020-10-01', '', 0, 0, 0, '0000-00-00', '', '2006-04-07 13:20:13', '', ''),
('PHAF00151/43', '', 'นาย', '', 'ทวี', 'สายวิชัย', 'TAWEE', 'SAIWICHAI', '4', 4, 223, 223, 'พุทธ', 'M', 'O', 'โสด', '1974-12-01', 'tsiwichai@hotmail.com', '3411700913922', '1790008740', ' 97 หมู่9 ต.หนองหัวคู อ.บ้านผือ จ.อุดรธานี ', ' ', '2000-06-30', '2000-06-30', '', '2034-10-01', '', 0, 0, 0, '0000-00-00', '', '2006-04-07 12:29:38', '', ''),
('PHAF00187/43', '', 'นาง', 'ร้อยเอกหญิง', 'จีรนันท์', 'แกล้วกล้า', 'JAEERANUN', 'KLAEWKLA', '4', 6, 223, 223, 'พุทธ', 'F', 'A', 'โสด', '2006-04-07', '', '3269900096803', '1017364659', ' 30/5 หมู่ที่6 ซอยวัดพรพระร่วงประสิทธิ์ ถ.สุขาภิบาล5 แขวงออเงิน เขตสายไหม จ.กรุงเทพมหานคร ', ' ', '2000-09-01', '2000-09-01', '', '2022-10-01', '', 0, 0, 0, '0000-00-00', '', '2006-04-07 12:55:59', '', ''),
('PHAF00200/45', '', 'นาง', '', 'แอนน์', 'จิระพงษ์สุวรรณ', 'ANN', 'JIRAPONGSUWAN', '4', 5, 223, 223, 'พุทธ', 'F', 'B', 'สมรส', '1972-04-28', '', '3549900005147', '', ' คณะพยาบาลศาสตร์มหาวิทยาลัยนเรศวร  อำเภอเมือง  จังหวัดพิษณุโลก  65000', ' ', '2002-09-02', '2002-09-02', '', '2032-10-01', '', 0, 0, 0, '0000-00-00', '', '2006-08-21 11:09:11', '', ''),
('PHAF00201/45', '', 'นางสาว', '', 'โสภา', 'ชินเวชกิจวานิชย์', 'SOPA', 'CHINWETKIVANICH', '4', 9, 223, 223, 'พุทธ', 'F', 'AB', 'โสด', '1972-02-01', '', '3100400092780', '', ' 1018/4 ถ. พระราม4  แขวงสีลม  เขตบางรัก  กรุงเทพมหานคร  10500', ' ', '2003-02-03', '2003-02-03', '', '2032-10-01', '', 0, 0, 0, '0000-00-00', '', '2006-08-21 09:21:19', '', ''),
('PHAF00202/45', '', 'นาย', '', 'กิติพงษ์', 'หาญเจริญ', 'KITIPHONG', 'HARNCHAROEN', '4', 7, 223, 223, 'พุทธ', 'M', 'O', 'โสด', '1958-12-27', 'phkhc@mahidol.ac.th', '3109900359071', '1230907251', ' 106/45 5.ถ. นวมินทร์  แขวง คลองกุ่ม เขต บึงกุ่ม  กรุงเทพฯ 10230', ' ', '2003-06-06', '2003-03-06', '', '2013-10-01', '', 0, 0, 0, '0000-00-00', '', '2006-08-21 16:24:05', '', ''),
('PHAF00203/45', '', 'นาย', '', 'บุณยฤทธิ์', 'ปัญญาภิญโญผล', 'BUNYARIT', 'PANYAPINYOPOL', '4', 9, 223, 223, 'พุทธ', 'M', 'A', 'โสด', '1978-04-06', '', '3100600429036', '1798714735', ' 3318  ถ. ลาดพร้าว  แขวงคลองจั่น  เขตบางกะปิ  กรุงเทพฯ ', ' ', '2002-09-02', '2002-09-02', '', '2038-10-01', '', 0, 0, 0, '0000-00-00', '', '2006-08-18 11:16:48', '', ''),
('PHAF00204/45', '', 'นาย', '', 'นิทัศน์', 'ศิริโชติรัตน์', 'NITHAT', 'SIRICHOTIRATANA', '4', 8, 223, 223, 'คริสต์ นิกายโรมัน', 'M', 'A', 'หม้าย', '1955-04-06', '', '3100601459401', '', ' 52/82 ชั้น 24  แกรนด์หลังสวนคอนโดมิเนียม ซ.หลังสวน  ถ. เพลินจิต  เขตปทุมวัน  กรุงเทพฯ 10330', ' ', '2002-08-15', '2002-08-15', '', '2015-10-01', '', 0, 0, 0, '0000-00-00', '', '2006-08-22 10:56:37', '', ''),
('PHAF00205/45', '', 'นาง', '', 'สุภัทรา', 'ลิลิตชาญ', 'SUPATHRA', 'LILITCHAN', '4', 6, 223, 223, 'พุทธ', 'F', 'ไม', 'โสด', '1974-08-17', 'phsll@mhidol.ac.th', '3102200637903', '', ' 197/23 ม.ช.รุ่งเรือง 6 ซ.3ก  แขวงบางรักพัฒนา  เขตบางบัวทอง  นนทบุรี  11110', ' ', '2004-06-01', '2004-06-01', '', '2034-10-01', '', 0, 0, 0, '0000-00-00', '', '2006-08-25 10:50:49', '', ''),
('PHAF00327/45', '', 'นาง', '', 'วิริณธิ์', 'กิตติพิชัย', 'WIRIN', 'KITTIPICHAI', '4', 11, 223, 223, 'พุทธ', 'F', 'A', 'สมรส', '1969-12-12', '', '3110100493975', '', ' 25/23 หมู่ที่ 2 ตำบลท่าลาด   อำเภอสามพราน  จังหวัดนครปฐม  73110', ' ', '2005-05-02', '2005-05-02', '', '2029-10-01', '', 0, 0, 0, '0000-00-00', '', '2006-08-21 10:40:24', '', ''),
('PHAF00461/46', '', 'นาย', '', 'จงจินต์', 'ผลประเสริฐ', 'CHONGCHIN', 'POLPRASERT', '4', 9, 223, 223, 'พุทธ', 'M', 'ไม', 'โสด', '1962-10-07', '', '3669900076892', '', ' 242  ตรอก/ซอย อาคารสงเคราะห์ ถ. พิชัย  เขตดุสิต  กรุงเทพฯ 10300', ' ', '2003-08-01', '2003-08-01', '', '2022-10-01', '', 0, 0, 0, '0000-00-00', '', '2006-08-21 10:05:37', '', ''),
('PHAF00586/43', '', 'นาย', '', 'โชคชัย', 'หมั่นแสวงทรัพย์', 'CHOKCHAI', 'MUNSAWAENCSUB', '4', 11, 223, 223, 'พุทธ', 'M', 'ไม', 'โสด', '1964-11-23', '', '3100100349301', '', ' 96-98 ถ.ศิริพงษ์ แขวงสำราญราษฎร์ เขตพระนคร จ.กรุงเทพมหานคร 10200', ' ', '2002-09-02', '2002-09-02', '', '2024-10-01', '', 0, 0, 0, '0000-00-00', '', '2006-04-07 13:23:37', '', ''),
('PHAF00592/43', '', 'นาง', '', 'มานี', 'ชะมะนา', 'MANEE', 'CHANAMA', '4', 1, 223, 223, 'พุทธ', 'F', 'O', 'สมรส', '1964-05-18', 'phmcn@mahidol.ac.th', '3101202202431', '1023781044', ' 198/331  ซ.ตรอกจันทร์  สะพาน 3  แขวงทุ่งวัดดอน  เขตสาทร  กรุงเทพฯ 10120', ' ', '2001-01-03', '2001-01-03', '', '2024-10-01', '', 0, 0, 0, '0000-00-00', '', '2006-08-24 15:53:27', '', ''),
('PHAF00595/43', '', 'นาย', '', 'สุทธินันท์', 'ฉันท์ธนกุล', 'SUTTINUN', 'CHANTANAKUL', '4', 12, 223, 223, 'พุทธ', 'M', 'AB', 'สมรส', '1961-04-26', '', '3100904155165', '1255364671', ' 1242 ซอย วชิรธรรม  แขวง พระโขนง เขต พระโขนง  กรุงเทพฯ 10260', ' ', '2001-02-01', '2001-02-01', '', '2016-10-01', '', 0, 0, 0, '0000-00-00', '', '2007-01-08 15:08:17', '', ''),
('PHAF00629/43', '', 'นางสาว', '', 'ณิชชาภัทร', 'ขันสาคร', 'NITCHAPHAT', 'KUNSAKORN', '4', 13, 223, 223, 'พุทธ', 'F', 'ไม', 'โสด', '1973-04-22', '', '3141400094953', '', ' 8/324 ม.บุญอนันต์ หมู่ที่ 3  ถ.สรงประภา  แขวงสีกัน เขตดอนเมือง  กรุงเทพฯ 10210', ' ', '2001-11-01', '2001-11-01', '', '2033-10-01', '', 0, 0, 0, '0000-00-00', '', '2006-08-18 14:17:53', '', ''),
('PHAF00689/43', '', 'นาย', '', 'ไกรชาติ', 'ตันตระการอาภา', 'KRAICHAT', 'TANTRAKARNAPA', '4', 10, 223, 223, 'พุทธ', 'M', 'O', 'โสด', '1964-05-18', 'phktt@mahidol.ac.th', '3520800256913', '1019707423', ' 10/444 ม. สวนทิพย์ ซ. 16 ถ.นวลจันทร์  แขวงคลองกุ่ม  เขตบึงกุ่ม  กรุงเทพฯ 10230', ' ', '2001-07-02', '2001-07-02', '', '2024-10-01', '', 0, 0, 0, '0000-00-00', '', '2006-08-24 09:12:52', '', ''),
('PHAF00690/43', '', 'นาย', '', 'ธวัช', 'เพชรไทย', 'TAWACH', 'PRECHTHAI', '4', 10, 223, 223, 'พุทธ', 'F', 'ไม', 'โสด', '1975-08-10', 'phtpt@mahidol.ac.th', '3660100855406', '1787012989', ' 161/2 หมู่ที่8 ต.คงกลาง อ.เมือง จ.พิจิตร 66170', ' ', '2001-07-02', '2001-07-02', '', '2035-10-01', '', 0, 0, 0, '0000-00-00', '', '2006-04-07 14:56:15', '', ''),
('PHAF00691/43', '', 'นาย', '', 'ชัชวาล', 'สิงหกันต์', 'CHATCHAWAL', 'SINGHAKANT', '4', 10, 223, 223, 'พุทธ', 'M', 'ไม', 'โสด', '1978-04-23', '', '3101500874764', '1785735200', ' 261/369  ถ.จรัญสนิทวงศ์  แขวงบางขุนศรี  เขตบางกอกน้อย  กรุงเทพฯ ', ' ', '2001-07-02', '2001-07-02', '', '2038-10-01', '', 0, 0, 0, '0000-00-00', '', '2006-08-22 14:39:07', '', ''),
('PHAF00692/43', '', 'นางสาว', '', 'ประนอม', 'ขันสาคร', 'PRANOM', 'KUNSAKORN', '4', 13, 223, 223, 'พุทธ', 'F', 'ไม', 'โสด', '1973-04-22', '', '3141400094953', '', ' 8/324 ม.บุญอนันต์ หมู่ที่3 ถ.สรงประภา แขงสีกัน เขตดอนเมือง จ.กรุงเทพมหานคร 10210', ' ', '2001-11-01', '2001-11-01', '', '2033-10-01', '', 0, 0, 0, '0000-00-00', '', '2006-04-08 16:33:07', '', ''),
('PHAF00693/43', '', 'นางสาว', '', 'บุษบา', 'สงวนประสิทธิ์', 'BOOSABA', 'SANGUANPRASIT', '4', 8, 223, 223, 'พุทธ', 'F', 'ไม', 'โสด', '1951-01-01', 'phbs@mahidol.ac.th', '3259800004109', '', ' 250/34 หมู่บ้าน สัมมากร ซ.สุขาภิบาล3 ถ.สุขาภิบาล3 แขวงสะพานสูง เขตสะพานสูง กรุงเทพฯ 10240', ' ', '2001-12-03', '2001-12-03', '', '2011-10-01', '', 0, 0, 0, '0000-00-00', '', '2006-08-22 11:22:41', '', ''),
('PHAF00694/43', '', 'นางสาว', '', 'มธุรส', 'ทิพยมงคลกุล', 'MATHUROS', 'TIPAYAMONGKOLGUL', '4', 7, 223, 223, 'พุทธ', 'F', 'O', 'โสด', '1969-11-04', 'phmty@mahidol.ac.ch', '3100603089406', '', ' 163 ซอย ลาดพร้าว 64 เขต วังทองหลาง กรุงเทพมหานคร', ' ', '2004-01-16', '2004-01-16', '', '2029-10-01', '', 0, 0, 0, '0000-00-00', '', '2006-08-22 09:32:14', '', ''),
('PHAF00731/43', '', 'นาง', '', 'สุพร', 'อภินันทเวช', 'SUPORN', 'APINUNTAVECH', '4', 11, 223, 223, 'พุทธ', 'F', 'A', 'สมรส', '1963-12-19', 'phsap@mahidol.ac.th', '3102000369735', '', ' 510/12 ถ.พรานนก  แขวงศิริราช  เขตบางกอกน้อย  กรุงเทพฯ  10700', ' ', '2002-10-09', '2002-10-09', '', '2023-10-01', '', 0, 0, 0, '0000-00-00', '', '2006-08-21 13:21:23', '', ''),
('PHAT00010/42', '', 'นาง', '', 'พจนา', 'หันจางสิทธิ์', 'POJJANA', 'HUNCHAGSITH', '4', 2, 223, 223, 'พุทธ', 'F', 'ไม', 'สมรส', '1973-06-22', '', '3219900088444', '', ' 138/70-71 ถ.สุขุมวิท  ต.ท่าประดู่  อ.เมือง  จ.ระยอง 2100', ' ', '2000-06-01', '2000-07-01', '', '2033-09-01', '', 0, 0, 0, '0000-00-00', '', '2006-08-22 15:38:13', '', ''),
('PHAT00024/48', '', 'นางสาว', '', 'ณัฐนารี', 'เอมยงค์', 'NATNAREE', 'AIMYONG', '4', 2, 223, 223, 'พุทธ', 'F', 'A', 'โสด', '1972-05-05', '', '3301200573775', '', ' 43/3 หมู่ 5 ต.บางยอ อ.พระประแดง จ.สมุทรปราการ', ' ', '2004-08-03', '2004-08-03', 'สถาบันแห่งชาติเพื่อการพัฒนาเด็กและครอบครัว', '2032-10-01', '', 0, 0, 0, '0000-00-00', '', '2007-09-02 15:48:27', '', ''),
('PHAT00025/48', '', 'นางสาว', '', 'พิมพ์ทอง', 'ศรีเหรา', 'PIMTONG', 'SRIHERA', '4', 2, 223, 223, 'พุทธ', 'F', 'ไม', 'โสด', '1973-03-28', '', '3100904094336', '', ' 211/3 ม.6 ซ.15 เมืองทอง2/2 ถ.พุฒนาการ  แขวงประเวศ  เขตประเวศ  จังหวัดกรุงเทพฯ 10250', ' ', '2005-06-01', '2005-06-01', '', '2033-10-01', '', 0, 0, 0, '0000-00-00', '', '2006-08-24 10:08:41', '', ''),
('PHAT00056/48', '', 'นางสาว', '', 'อุษณา', 'ตัณมุขยกุล', 'UTSANA', 'TONMUKAYAKUL', '4', 7, 223, 223, 'พุทธ', 'F', 'ไม่ระบุ', 'โสด', '1974-07-14', '', '3501300611979', '', ' 420/1  ถ. ราชวิถี  เขตราชเทวี กรุงเทพฯ 10400', ' ', '2006-08-15', '2005-04-04', '', '2034-10-01', '', 0, 0, 0, '0000-00-00', '', '2007-09-02 13:13:56', '', ''),
('PHAT00057/48', '', 'นางสาว', '', 'นันท์นภัส', 'ภัคะมาน', 'NUNNAPAS', 'BHAGAMAN', '4', 7, 223, 223, 'พุทธ', 'F', 'B', 'โสด', '1979-06-25', '', '3160100548460', '', ' 26 ตรอก/ซอย ศาสนา2 ถ.พระรามหก  แขวงสามเสนใน  เขตพยาไท  กรุงเทพฯ \r\n', ' ', '2005-11-07', '2005-11-07', '', '2039-10-01', '', 0, 0, 0, '0000-00-00', '', '2006-08-21 15:57:00', '', ''),
('PHAT00094/44', '', 'นาง', '', 'สุภาวดี', 'บุญชื่น', 'SUPAWADEE', 'BOONCHUEN', '7', 4, 223, 223, 'พุทธ', 'F', 'O', 'โสด', '1958-05-03', '', '3100602825508', '1194408832', ' 60/350  ม. 5 แขวงจรเข้บัว  เขตลาดพร้าว  กรุงเทพฯ 10230', ' ', '2004-05-03', '2001-05-03', '', '2018-10-01', '', 0, 0, 0, '0000-00-00', '', '2006-08-24 14:27:32', '', ''),
('PHAT00096/44', '', 'นางสาว', '', 'วลัยรัตน์', 'ตัณฑประศาสน์', 'WALAIRUT', 'TUNTAPRASART', '4', 4, 223, 223, 'พุทธ', 'F', 'O', 'โสด', '1972-11-05', 'phwtp@mahidol.ac.th', '3102001055653', '1047654881', ' 93/20 ถ. บางขุนนนท์    แขวงบางขุนนนท์  เขตบางกอกน้อย  กรุงเทพฯ  10700', ' ', '2003-06-23', '2003-06-25', '', '2032-10-01', '', 0, 0, 0, '0000-00-00', '', '2006-08-24 14:58:52', '', ''),
('PHAT00202/45', '', 'นาย', '', 'กิติพงษ์', 'หาญเจริญ', 'KITIPONG', 'HARNCHAROEN', '4', 7, 223, 223, 'พุทธ', 'M', 'O', 'โสด', '1958-12-27', 'phrhc@mahidol.ac.th', '3109900359071', '1230907251', ' 106/45 ถ. นวมินทร์  แขวง คลองกุ่ม  เขต บึงกุ่ม  กรุงเทพฯ  10230', ' ', '2003-06-06', '2003-03-06', '', '2018-09-01', '', 0, 0, 0, '0000-00-00', '', '2006-09-21 13:59:07', '', ''),
('PHAT00291/45', '', 'นางสาว', '', 'วราภรณ์', 'เสถียรนพเก้า', 'WARAPONE', 'SATHENNOPPAKAO', '4', 6, 223, 223, 'พุทธ', 'F', 'ไม', 'โสด', '1971-05-21', 'phwst@mhidol.ac.th', '3101100283840', '', ' 18/35-36 ม. 1 แขวงลาดกระบัง  เขตลาดยาว  กรุงเทพฯ 10520', ' ', '2004-08-17', '2004-08-17', '', '2031-10-01', '', 0, 0, 0, '0000-00-00', '', '2006-08-24 15:33:25', '', ''),
('PHAT00694/43', '', 'นางสาว', '', 'มธุรส', 'ทิพยมงคลกุล', 'MATHUROS', 'TIPAYMONGKHOLGUL', '4', 7, 223, 223, 'พุทธ', 'F', 'O', 'โสด', '1969-11-04', 'phmty @ mahidol.ac.th', '3100603089406', '', ' 163 ซอยลาดพร้าว 64  เขตวังทองหลาง   กรุงเทพฯ ', ' ', '2004-01-16', '2004-01-16', '', '2029-10-01', '', 0, 0, 0, '0000-00-00', '', '2006-09-21 13:59:46', '', ''),
('PHMF00008/47', '', 'นางสาว', '', 'อรัญญา', 'จันทร', 'ARANYA', 'CHANTORN', '6', 8, 223, 223, 'อิสลาม', 'F', 'O', 'โสด', '1973-11-09', '', '3100300440352', '', ' 10 หมู่ 10 ถ.มิตรไมตรี  เขตหนองจอก  แขวงหนองจอก  กรุงเทพมหานคร10530', ' ', '2004-07-01', '2003-09-15', '', '2033-10-01', '', 0, 0, 0, '0000-00-00', '', '2006-08-22 10:35:16', '', ''),
('PHMF00026/48', '', 'นางสาว', '', 'เกศวรี', 'ปัญญาธรรม', 'KETWAREE', 'PUNYATHAM', '6', 25, 223, 223, 'พุทธ', 'F', 'B', 'โสด', '2006-08-16', '', '3520101133201', '', ' 8/121 ทวีทรัย์คอนโด เสรี 2 ซอย 21 ถนน รามคำแหง แขวงหัวหมาก เขตบางกะปิ\r\nกรุงเทพมหานคร', ' ', '2005-04-01', '2005-04-01', '', '2031-10-01', '', 0, 10890, 0, '0000-00-00', '', '2006-09-21 14:00:25', '', ''),
('PHMF00028/43', '', 'นางสาว', '', 'วีณา', 'บุรวิชเกษตรกร', 'WEENA', 'BURAWITKASETKRON', '6', 25, 223, 223, 'พุทธ', 'F', 'ไม', 'โสด', '1973-02-14', '', '3610100034216', '', ' 27/1  ซอยสันติสุข ถ. นครชัยศรี เขตดุสิต  กรุงเทพมหานคร  10300', ' ', '2003-11-01', '2003-12-01', '', '2033-10-01', '', 0, 0, 0, '0000-00-00', '', '2006-09-21 14:05:25', '', ''),
('PHMF00103/44', '', 'นางสาว', '', 'สุดาวดี', 'เพ็ชร์ปุ่น', 'SUDAWADEE', 'PHETPUN', '6', 25, 223, 223, 'พุทธ', 'F', 'A', 'โสด', '1975-01-28', '', '3120200562111', '1051643888', ' 8/1 ม.7 ต.มหาสวัสดิ์  อ. บางกรวย  จ. นนทบุรึ  11130', ' ', '2001-02-19', '2001-02-19', '', '2035-10-01', '', 0, 0, 0, '0000-00-00', '', '2006-09-21 14:08:39', '', ''),
('PHMF00184/43', '', 'นาง', '', 'สุภาพร', 'โกศลวิบูลย์พงศ์', 'SUPAPORN', 'KOSONVIBOONPONG', '6', 6, 223, 223, 'พุทธ', 'F', 'O', 'สมรส', '1975-07-29', '', '3100201510778', '1052626934', ' 444/5 ถ.วงศ์สว่าง บางซื่อ บางซื่อ กรุงเทพมหานคร 10800', ' ', '2000-09-01', '2000-09-01', '', '2005-10-01', '', 0, 0, 0, '0000-00-00', '', '2006-04-07 14:49:11', '', ''),
('PHMF00186/43', '', 'นาง', '', 'ธารทิพย์', 'เกตุตะคุ', 'TALTIP', 'KATTAKY', '6', 13, 223, 223, 'พุทธ', 'F', 'B', 'สมรส', '1968-01-14', '', '3301800020734', '1312231748', ' 306/1 หมูที่1 ต.สูงเนิน อ.สูงเนิน จ.นครราชสีมา', ' ', '2000-09-01', '2000-09-01', '', '2028-10-01', '', 0, 0, 0, '0000-00-00', '', '2006-04-07 15:03:20', '', ''),
('PHMF00188/43', '', 'นางสาว', '', 'มัลลิกา', 'โสดวิลัย', 'MULLIKA', 'SODWILAI', '6', 12, 223, 223, 'พุทธ', 'F', 'B', 'โสด', '1958-04-17', '', '3420900691035', '1027457280', ' 12/5 อาคารตางจิตต์ ถ.ราชวิถี พญาไท ราชเทวี กรุงเทพฯ 10400', ' ', '2000-09-01', '2000-09-01', '', '2018-10-01', '', 0, 0, 0, '0000-00-00', '', '2006-08-16 08:54:26', '', ''),
('PHMF00271/47', '', 'นาง', '', 'ธัญญารัตน์', 'สุนทร', 'THANYARAT', 'SOONTORN', '6', 25, 223, 223, 'พุทธ', 'F', 'AB', 'สมรส', '1976-08-03', '', '3310400111359', '', ' 613/7 หมู่ 6 แขวงสายใหม เขตสายใหม กรุงเทพมหานคร', ' ', '2004-10-01', '2004-10-01', '', '2036-10-01', '', 0, 11940, 0, '0000-00-00', '', '2006-09-21 14:09:17', '', ''),
('PHMF00306/45', '', 'นาง', '', 'ยุพดี', 'รักษ์มณี', 'YUPADEE', 'RAKMANEE', '6', 6, 223, 223, 'พุทธ', 'F', 'O', 'สมรส', '1969-12-24', 'phyrm@mahidol.ac.th', '3461300078678', '', ' 41/17 ซ. ประดิพัทธ์25 ถ.ประดิพัทธ์   แขวงสามเสนใน  เขตพญาไท  กรุงเทพฯ  10400', ' ', '2002-03-01', '2002-03-01', '', '2029-10-01', '', 0, 0, 0, '0000-00-00', '', '2006-08-28 10:20:56', '', ''),
('PHMF00475/46', '', 'นางสาว', '', 'นภสร', 'ศรีคง', 'NOPBHASORN', 'SRIKHONG', '6', 1, 223, 223, 'พุทธ', 'F', 'ไม', 'โสด', '1973-02-05', '', '3770600560692', '', ' 254 ถ.กรุงเทพ-นนท์ บางซื่อ บางซื่อ กรุงเทพมหานคร 10800', ' ', '2004-03-01', '1999-01-04', '', '2033-10-01', '', 0, 0, 0, '0000-00-00', '', '2006-04-07 14:36:01', '', ''),
('PHMT00001/49', '', 'นางสาว', '', 'ปาริฉัตร', 'บำรุงศรี', 'PARITCHUT', '[OMROONSRI', '6', 25, 223, 223, 'พุทธ', 'F', 'ไม่ระบุ', 'โสด', '1976-09-12', '', '3100502762741', '', ' 301/52 หมู่บ้านการเคหะท่าทราย หมู่ 6 ถนนประชาชื่น ตำบลทุ่งสองห้อง อำเภอหลักสี่ กทม.10210', ' ', '2006-08-01', '2006-08-01', '', '2033-10-01', '', 0, 0, 0, '0000-00-00', '', '2007-09-02 16:40:10', '', ''),
('PHMT00185/43', '', 'นาง', '', 'สิรามล', 'ทิบทิม', 'SIRAMON', 'TUBTIM', '6', 25, 223, 223, 'พุทธ', 'F', 'B', '', '1975-05-08', '', '5500100016517', '', '164/4 ตรอกประดู่ ต.บางซื่อ อ.บางซื่อ กทม.\r\n', ' ', '2006-11-16', '2006-11-16', '', '2035-10-01', '', 0, 0, 0, '0000-00-00', '', '2007-09-02 16:32:28', '', ''),
('PHMT00186/43', '', 'นาง', '', 'ธารทิพย์', 'เกตุตะคุ', 'TALTIP', 'KATTAKY', '6', 13, 223, 223, 'พุทธ', 'F', 'B', 'สมรส', '1968-01-14', '', '3301800020734', '1312231748', ' 306/1  ต.สูงเนิน    อ.สูงเนิน  จังหวัด นครราชสีมา', ' ', '1987-10-01', '2006-08-16', '', '2028-10-01', '', 0, 7210, 0, '0000-00-00', '', '2006-09-21 14:10:31', '', ''),
('PHMT00206/45', '', 'นางสาว', '', 'ปุณณภา', 'ระวานนท์', 'PUNNAPAR', 'RAWANONT', '6', 2, 223, 223, 'พุทธ', 'F', 'B', 'โสด', '1977-06-07', 'phprw@mahidol.ac.th', '3100203417881', '1051146488', ' 96/8 ซอยลาซาล3 ถ.สุขุมวิท105 บางนา กรุงเทพมหานคร 10260', ' ', '2002-03-01', '2002-03-01', '', '2037-10-01', '', 0, 0, 0, '0000-00-00', '', '2006-04-14 12:53:20', '', ''),
('PHPF00132/44', '', 'นางสาว', '', 'อัญชนา', 'เกิดปัญญา', 'UANCHANA', 'KEODPANYA', '5', 7, 223, 223, 'พุทธ', 'F', 'ไม', 'โสด', '1970-08-22', '', '5709900017689', '', ' 111/515  หมู่ 5  แขวงท่าแร้ง  เขตบางเขน  กรุงเทพมหานคร', ' ', '2002-10-01', '2001-10-01', '', '2030-10-01', '', 0, 0, 0, '0000-00-00', '', '2006-08-22 10:03:58', '', ''),
('PHPF00150/44', '', 'นางสาว', '', 'กรกช', 'รามโกมุท', 'KORAKOT', 'RAMKOMUT', '5', 25, 223, 223, 'พุทธ', 'F', 'ไม', 'โสด', '1974-06-25', '', '4119900005424', '', ' 42/226 หมู่ที่ 3 แขวงบางสีทอง เขตบางกรวย  จังหวัดนนทบุรี  ', ' ', '2001-08-16', '2006-08-16', '', '2034-10-01', '', 0, 0, 0, '0000-00-00', '', '2006-09-21 14:15:17', '', ''),
('PHPF00263/47', '', 'นาย', '', 'ชัยนุวัฒน์', 'วัชรพันธ์ชัย', 'CHAINUWAT', 'WATCHARAPUNCHAI', '5', 25, 223, 223, 'พุทธ', 'M', 'AB', 'โสด', '1968-04-07', '', '3100903349268', '', ' 41/61 หมู่ที่ 9 ถ. วิภาวดีรังสิต  แขวง สีกัน  เขต ดอนเมือง  กรุงเทพมหานคร 10210', ' ', '2004-10-01', '2000-10-01', '', '2028-10-01', '', 0, 0, 0, '0000-00-00', '', '2006-09-21 14:18:17', '', ''),
('PHPF00304/48', '', 'นางสาว', '', 'ศศิธร', 'บูรณ์เจริญ', 'SASITHORN', 'BOONCHAROEN', '5', 25, 223, 223, 'พุทธ', 'F', 'O', 'โสด', '1977-01-28', '', '3301600083597', '', ' 184  ซ.ลาดพร้าว  84     วังทองหลาง    วังทองหลาง  กรุงเทพฯ  ', ' ', '2005-06-15', '2005-06-15', '', '2037-10-01', '', 0, 0, 0, '0000-00-00', '', '2006-09-21 14:20:08', '', ''),
('PHPF00323/43', '', 'นางสาว', '', 'ปิยะรัตน์', 'ภูมิโคก', 'PIYARAT', 'PHUMKOK', '5', 1, 223, 223, 'พุทธ', 'F', 'O', 'โสด', '1980-10-23', 'phupha.ray@chaiyo.com', '3411400571481', '1779121163', ' ที่พักตำรวจทางหลวง อาคาร 2 ห้อง 101 ถ.พหลโยธิน  ต.ประชาปัตย์ อ.ธัญบุรี  จ.ปทุมธานี  12130', ' ', '2002-09-01', '2001-03-01', '', '2040-10-01', '', 0, 0, 0, '0000-00-00', '', '2006-08-24 10:56:04', '', ''),
('PHPT00095/44', '', 'นางสาว', '', 'ดารารัตน์', 'จิตต์อำนวยศักดา', 'DARARUT', 'JITAMNUAYSAKDA', '5', 2, 223, 223, 'พุทธ', 'F', 'O', 'โสด', '1979-04-22', '', '3700100524930', '', ' 1/3 หมู่ที่ 1  ตำบล ท่าพระยา  อำเภอ นครชัยศรี  จังหวัดนครปฐม 73120', ' ', '2005-09-12', '2005-09-12', '', '2039-10-01', '', 0, 0, 0, '0000-00-00', '', '2006-08-24 09:52:35', '', ''),
('PHPT00227/49', '', 'นาย', '', 'สุนทร', 'พิมพ์นนท์', 'SUNTORN', 'PIMNON', '5', 4, 223, 223, 'พุทธ', 'F', 'B', 'โสด', '1980-12-22', '', '3331000894420', '', ' 86 ซอยสุขุมวิท 103/1  ต3บางนา อ.บางนา กทม. 10260\r\n31 หมู่ที่ 14  ต.เสียว อ.โพธิศรีสุวรรณ จ.ศรีสะเกษ', ' ', '2006-03-15', '2006-03-15', '', '2040-10-01', '', 0, 0, 0, '0000-00-00', '', '2007-09-02 14:53:47', '', ''),
('PHPT00264.1/47', '', 'นางสาว', '', 'กรรณิการ์', 'ป้อมบุบผา', 'KANNIKA', 'POMBUBPA', '5', 1, 223, 223, 'พุทธ', 'F', 'ไม่ระบุ', 'โสด', '1980-07-13', '', '3301200573775', '', ' 21/4 หมู่ 5 ถ.ห้วยโป่ง ต.โคกสำโรง อ.โคกสำโรง จ.ลพบุรี', ' ', '2007-09-02', '2007-09-02', '', '2009-09-30', '', 0, 0, 0, '0000-00-00', '', '2007-09-02 16:10:23', '', ''),
('PHPT00264/47', '', 'นาย', '', 'อนุศักดิ์', 'เกิดสิน', 'ANUSAK', 'KERDSIN', '5', 1, 223, 223, 'พุทธ', 'M', 'ไม', 'โสด', '1978-09-09', '', '3120600557158', '', ' 7 ม. 3  ต.บางพูด  อ. ปากเกร็ด  จ.นนทบุรี  11120', ' ', '2004-12-01', '2004-12-01', '', '2038-10-01', '', 0, 0, 0, '0000-00-00', '', '2006-08-24 10:40:08', '', ''),
('PHPT00320/45', '', 'นาย', '', 'อนุพันธ์', 'เสียงใหญ่', 'ANUPHAN', 'SIANGYAI', '5', 10, 223, 223, 'พุทธ', 'M', 'A', 'โสด', '1979-09-30', '', '3770100111163', '', ' 39/34 ม. 1 ซ.ชนชื่น  แขวงทวีวัฒนา  เขตวัฒนา  กรุงเทพฯ 10170', ' ', '2005-04-01', '2005-04-01', '', '2039-10-01', '', 0, 0, 0, '0000-00-00', '', '2006-08-22 13:57:26', '', ''),
('PHPT00323/43', '', 'นางสาว', '', 'หนึ่งหทัย', 'สุภา', 'NEUNGHATAI', 'SUPHA', '5', 1, 223, 223, 'พุทธ', 'F', 'B', 'โสด', '1980-04-01', '', '3100100977743', '', ' ', ' ', '2006-12-12', '2006-12-12', '', '2041-10-01', '', 0, 0, 0, '0000-00-00', '', '2007-09-02 16:16:11', '', ''),
('ph5', '', NULL, NULL, NULL, NULL, NULL, NULL, '', 23, 0, 0, NULL, NULL, NULL, NULL, NULL, NULL, NULL, NULL, NULL, NULL, NULL, NULL, NULL, NULL, NULL, NULL, NULL, 0, NULL, NULL, NULL, 'ph5', '123456'),
('ph6', '', NULL, NULL, NULL, NULL, NULL, NULL, '', 23, 0, 0, NULL, NULL, NULL, NULL, NULL, NULL, NULL, NULL, NULL, NULL, NULL, NULL, NULL, NULL, NULL, NULL, NULL, 0, NULL, NULL, NULL, 'ph6', '123456'),
('phit', '', NULL, NULL, NULL, NULL, NULL, NULL, '', 25, 0, 0, NULL, NULL, NULL, NULL, NULL, NULL, NULL, NULL, NULL, NULL, NULL, NULL, NULL, NULL, NULL, NULL, NULL, 0, NULL, NULL, NULL, 'phit', '123456'),
('68', '', NULL, NULL, 'วีณา', NULL, NULL, NULL, '', 0, 0, 0, NULL, NULL, NULL, NULL, NULL, 'phwww@mahidol.ac.th', NULL, NULL, NULL, NULL, NULL, NULL, NULL, NULL, NULL, NULL, NULL, 0, NULL, NULL, NULL, 'itunit', '123456'),
('69', '', NULL, NULL, 'Chakkapan Charupoom', NULL, NULL, NULL, '', 0, 0, 0, NULL, NULL, NULL, NULL, NULL, 'chakkapan@ovi.com', NULL, NULL, NULL, NULL, NULL, NULL, NULL, NULL, NULL, NULL, NULL, 0, NULL, NULL, NULL, 'chakkapan', '123456'),
('71', '', NULL, NULL, 'ภาควิชาจุลชีววิทยา', NULL, NULL, NULL, '', 0, 0, 0, NULL, NULL, NULL, NULL, NULL, 'phmi01@localhost', NULL, NULL, NULL, NULL, NULL, NULL, NULL, NULL, NULL, NULL, NULL, 0, NULL, NULL, NULL, 'phmi01', '123456'),
('72', '', NULL, NULL, 'ภาควิชาชีวสถิติ', NULL, NULL, NULL, '', 0, 0, 0, NULL, NULL, NULL, NULL, NULL, 'phbs02@localhost', NULL, NULL, NULL, NULL, NULL, NULL, NULL, NULL, NULL, NULL, NULL, 0, NULL, NULL, NULL, 'phbs02', '123456'),
('73', '', NULL, NULL, 'ภาควิชาบริหารงานสาธารณสุข', NULL, NULL, NULL, '', 0, 0, 0, NULL, NULL, NULL, NULL, NULL, 'phad03@localhost', NULL, NULL, NULL, NULL, NULL, NULL, NULL, NULL, NULL, NULL, NULL, 0, NULL, NULL, NULL, 'phad03', '123456'),
('74', '', NULL, NULL, 'ภาควิชาปรสิตวิทยาและกีฏวิทยา', NULL, NULL, NULL, '', 0, 0, 0, NULL, NULL, NULL, NULL, NULL, 'phpr04@localhost', NULL, NULL, NULL, NULL, NULL, NULL, NULL, NULL, NULL, NULL, NULL, 0, NULL, NULL, NULL, 'phpr04', '123456'),
('75', '', NULL, NULL, 'ภาควิชาการพยาบาลสาธารณสุข', NULL, NULL, NULL, '', 0, 0, 0, NULL, NULL, NULL, NULL, NULL, 'phpn05@localhost', NULL, NULL, NULL, NULL, NULL, NULL, NULL, NULL, NULL, NULL, NULL, 0, NULL, NULL, NULL, 'phpn05', '123456'),
('76', '', NULL, NULL, 'ภาควิชาโภชนวิทยา', NULL, NULL, NULL, '', 0, 0, 0, NULL, NULL, NULL, NULL, NULL, 'phnu06@localhost', NULL, NULL, NULL, NULL, NULL, NULL, NULL, NULL, NULL, NULL, NULL, 0, NULL, NULL, NULL, 'phnu06', '123456'),
('77', '', NULL, NULL, 'ภาควิชาระบาดวิทยา', NULL, NULL, NULL, '', 0, 0, 0, NULL, NULL, NULL, NULL, NULL, 'phep07@localhost', NULL, NULL, NULL, NULL, NULL, NULL, NULL, NULL, NULL, NULL, NULL, 0, NULL, NULL, NULL, 'phep07', '123456'),
('78', '', NULL, NULL, 'ภาควิชาวิศวกรรมสุขาภิบาล', NULL, NULL, NULL, '', 0, 0, 0, NULL, NULL, NULL, NULL, NULL, 'phse08@localhost', NULL, NULL, NULL, NULL, NULL, NULL, NULL, NULL, NULL, NULL, NULL, 0, NULL, NULL, NULL, 'phse08', '123456'),
('79', '', NULL, NULL, 'ภาควิชาวิทยาศาสตร์อนามัยสิ่งแวดล้อม', NULL, NULL, NULL, '', 0, 0, 0, NULL, NULL, NULL, NULL, NULL, 'phss09@localhost', NULL, NULL, NULL, NULL, NULL, NULL, NULL, NULL, NULL, NULL, NULL, 0, NULL, NULL, NULL, 'phss09', '123456'),
('80', '', NULL, NULL, 'ภาควิชาสุขศึกษาและพฤติกรรมศาสตร์', NULL, NULL, NULL, '', 0, 0, 0, NULL, NULL, NULL, NULL, NULL, 'phhe10@localhost', NULL, NULL, NULL, NULL, NULL, NULL, NULL, NULL, NULL, NULL, NULL, 0, NULL, NULL, NULL, 'phhe10', '123456'),
('81', '', NULL, NULL, 'ภาควิชาอนามัยครอบครัว', NULL, NULL, NULL, '', 0, 0, 0, NULL, NULL, NULL, NULL, NULL, 'phfh11@localhost', NULL, NULL, NULL, NULL, NULL, NULL, NULL, NULL, NULL, NULL, NULL, 0, NULL, NULL, NULL, 'phfh11', '123456'),
('82', '', NULL, NULL, 'ภาควิชาอาชีวอนามัยและความปลอดภัย', NULL, NULL, NULL, '', 0, 0, 0, NULL, NULL, NULL, NULL, NULL, 'phoh12@localhost', NULL, NULL, NULL, NULL, NULL, NULL, NULL, NULL, NULL, NULL, NULL, 0, NULL, NULL, NULL, 'phoh12', '123456'),
('83', '', NULL, NULL, 'สถานฝึกอบรมและวิจัยอนามัยชนบท', NULL, NULL, NULL, '', 0, 0, 0, NULL, NULL, NULL, NULL, NULL, 'phst13@localhost', NULL, NULL, NULL, NULL, NULL, NULL, NULL, NULL, NULL, NULL, NULL, 0, NULL, NULL, NULL, 'phst13', '123456'),
('84', '', NULL, NULL, 'สำนักบริการเทคโนโลยีสาธารณสุข', NULL, NULL, NULL, '', 0, 0, 0, NULL, NULL, NULL, NULL, NULL, 'phet14@localhost', NULL, NULL, NULL, NULL, NULL, NULL, NULL, NULL, NULL, NULL, NULL, 0, NULL, NULL, NULL, 'phet14', '123456'),
('85', '', NULL, NULL, 'หน่วยบริการวิชาการและธุรกิจสัมพันธ์', NULL, NULL, NULL, '', 0, 0, 0, NULL, NULL, NULL, NULL, NULL, 'phac15@localhost', NULL, NULL, NULL, NULL, NULL, NULL, NULL, NULL, NULL, NULL, NULL, 0, NULL, NULL, NULL, 'phac15', '123456'),
('86', '', NULL, NULL, 'หน่วยวิเทศสัมพันธ์และฝึกอบรมนานาชาติ', NULL, NULL, NULL, '', 0, 0, 0, NULL, NULL, NULL, NULL, NULL, 'phir16@localhost', NULL, NULL, NULL, NULL, NULL, NULL, NULL, NULL, NULL, NULL, NULL, 0, NULL, NULL, NULL, 'phir16', '123456'),
('87', '', NULL, NULL, 'หน่วยสารบรรณ', NULL, NULL, NULL, '', 0, 0, 0, NULL, NULL, NULL, NULL, NULL, 'phcr17@localhost', NULL, NULL, NULL, NULL, NULL, NULL, NULL, NULL, NULL, NULL, NULL, 0, NULL, NULL, NULL, 'phcr17', '123456'),
('88', '', NULL, NULL, 'สำนักงานคณบดี', NULL, NULL, NULL, '', 0, 0, 0, NULL, NULL, NULL, NULL, NULL, 'phso18@localhost', NULL, NULL, NULL, NULL, NULL, NULL, NULL, NULL, NULL, NULL, NULL, 0, NULL, NULL, NULL, 'phso18', '123456'),
('89', '', NULL, NULL, 'สุนันทา ไตรภพ', NULL, NULL, NULL, '', 0, 0, 0, NULL, NULL, NULL, NULL, NULL, 'phteste@hotmail.com', NULL, NULL, NULL, NULL, NULL, NULL, NULL, NULL, NULL, NULL, NULL, 0, NULL, NULL, NULL, 'phteste', '123456'),
('90', '', NULL, NULL, 'phadmin', NULL, NULL, NULL, '', 0, 0, 0, NULL, NULL, NULL, NULL, NULL, 'sirimayee@hotmail.com', NULL, NULL, NULL, NULL, NULL, NULL, NULL, NULL, NULL, NULL, NULL, 0, NULL, NULL, NULL, 'phadmin', '123456'),
('91', '', NULL, NULL, 'phnu', NULL, NULL, NULL, '', 0, 0, 0, NULL, NULL, NULL, NULL, NULL, 'phnu@phnu', NULL, NULL, NULL, NULL, NULL, NULL, NULL, NULL, NULL, NULL, NULL, 0, NULL, NULL, NULL, 'phnu', '123456');

-- --------------------------------------------------------

--
-- Stand-in structure for view `personel_view`
--
DROP VIEW IF EXISTS `personel_view`;
CREATE TABLE IF NOT EXISTS `personel_view` (
`per_id` varchar(20)
,`per_no` varchar(15)
,`per_pname` varchar(10)
,`per_pname2` varchar(30)
,`per_fnamet` varchar(100)
,`per_lnamet` varchar(50)
,`per_fnamee` varchar(50)
,`per_lnamee` varchar(50)
,`per_type` varchar(20)
,`per_dept` int(2)
,`per_nal` int(3)
,`per_renal` int(3)
,`per_religion` varchar(20)
,`per_sex` char(1)
,`per_blood` varchar(8)
,`per_situation` varchar(20)
,`per_bhd` date
,`per_email` varchar(50)
,`per_idcard` varchar(16)
,`per_tax` varchar(16)
,`per_addr` text
,`per_skill` text
,`per_hiredate1` date
,`per_hiredate2` date
,`per_trans` varchar(50)
,`per_retire` date
,`per_expert` varchar(50)
,`per_money1` int(5)
,`per_money2` int(5)
,`per_status` int(1)
,`per_outdate` date
,`per_remark` text
,`per_modify` datetime
,`password` text
,`id` varchar(10)
,`groups` varchar(50)
,`comment` text
,`DeID` int(2) unsigned
,`Code` varchar(8)
,`Fname` varchar(50)
,`Sname` varchar(16)
,`Chair` varchar(32)
,`Types` int(2)
,`Posit` char(1)
);
-- --------------------------------------------------------

--
-- Table structure for table `point_policy`
--

DROP TABLE IF EXISTS `point_policy`;
CREATE TABLE IF NOT EXISTS `point_policy` (
  `poi_id` int(11) NOT NULL auto_increment,
  `point` text NOT NULL,
  `pol_id` int(11) NOT NULL,
  PRIMARY KEY  (`poi_id`),
  KEY `fk` (`pol_id`)
) ENGINE=MyISAM  DEFAULT CHARSET=tis620 AUTO_INCREMENT=3 ;

--
-- Dumping data for table `point_policy`
--

INSERT INTO `point_policy` (`poi_id`, `point`, `pol_id`) VALUES
(1, 'ปฏิรูปการศึกษาทั้งระบบ โดยปฏิรูปโครงสร้างและการบริหารจัดการ ปรับปรุงกฎหมาย\r\nให้สอดคล้องกับ รัฐธรรมนูญ และระดมทรัพยากรเพื่อการปรับปรุงการบริหารจัด\r\nการศึกษาตั้งแต่ระดับการศึกษาขั้น พื้นฐานจนถึงระดับอุดมศึกษา พัฒนาครู พัฒนา\r\nระบบการคัดเลือกเข้าสู่มหาวิทยาลัย พัฒนาหลักสูตรรวมทั้งปรับหลักสูตรวิชาแกนหลัก\r\nรวมถึงวิชาประวัติศาสตร์ ปรับปรุงสื่อการเรียนการสอน พัฒนาทักษะในการคิด\r\nวิเคราะห์ ปรับบทบาทการศึกษานอกโรงเรียนเป็นสำนักงานการศึกษาตลอดชีวิต และ\r\nจัดให้มีศูนย์การศึกษาตลอดชีวิตเพื่อการเรียนรู้ที่เหมาะสมในแต่ละพื้นที่ ตลอดจน\r\nส่งเสริมการกระจายอำนาจให้ทุกภาคส่วนมีส่วนร่วมในการจัดการศึกษา เพื่อนำไปสู่\r\nเป้าหมายคุณภาพการ ศึกษาและการเรียนรู้ที่มุ่งเน้นคุณธรรมนำความรู้อย่างแท้จริง', 1),
(2, 'พัฒนาครู อาจารย์ และบุคลากรทางการศึกษาเพื่อให้ได้ครูดี ครูเก่ง มีคุณธรรม มี\r\nคุณภาพ และมีวิทยฐานะสูงขึ้น ลดภาระงานครูที่ไม่เกี่ยวกับการเรียนการสอนตาม\r\nโครงการคืนครูให้นักเรียน มีการดูแลคุณภาพชีวิตของครูด้วยการปรับโครงสร้างหนี้\r\nและจัดตั้งกองทุนพัฒนาคุณภาพชีวิตครู ควบคู่ไปกับการลงทุนด้านเทคโนโลยี\r\nสารสนเทศที่เน้นการพัฒนาเนื้อหาสาระและบุคลากรให้พร้อมรองรับและใช้ ประโยชน์\r\nจากระบบเทคโนโลยีสารสนเทศได้อย่างคุ้มค่า', 1);

-- --------------------------------------------------------

--
-- Table structure for table `policy`
--

DROP TABLE IF EXISTS `policy`;
CREATE TABLE IF NOT EXISTS `policy` (
  `pol_id` int(11) NOT NULL auto_increment,
  `policy` text NOT NULL,
  PRIMARY KEY  (`pol_id`)
) ENGINE=MyISAM  DEFAULT CHARSET=tis620 AUTO_INCREMENT=2 ;

--
-- Dumping data for table `policy`
--

INSERT INTO `policy` (`pol_id`, `policy`) VALUES
(1, 'นโยบายการศึกษา');

-- --------------------------------------------------------

--
-- Table structure for table `position_project`
--

DROP TABLE IF EXISTS `position_project`;
CREATE TABLE IF NOT EXISTS `position_project` (
  `pos_id` int(1) NOT NULL auto_increment,
  `position` text NOT NULL,
  PRIMARY KEY  (`pos_id`)
) ENGINE=MyISAM DEFAULT CHARSET=tis620 AUTO_INCREMENT=1 ;

-- --------------------------------------------------------

--
-- Table structure for table `project`
--

DROP TABLE IF EXISTS `project`;
CREATE TABLE IF NOT EXISTS `project` (
  `pro_id` int(20) NOT NULL auto_increment,
  `budget_year` int(4) default NULL COMMENT 'ปีงบประมาณ',
  `names` text COMMENT 'ชื่อโครงการ',
  `pro_code` text COMMENT 'รหัสโครงการ',
  `DeID_main` int(11) NOT NULL COMMENT 'ส่วนงานหลัก',
  `DeID_join` int(11) NOT NULL COMMENT 'ส่วนงานร่วม',
  `sec_id` int(11) default NULL COMMENT 'ประเภทโครงการ',
  `typ_id` int(11) default NULL COMMENT 'ลักษณะโครงการ',
  `str_id` int(11) default NULL COMMENT 'ยุทธศาสตร์มหาวิทยาลัย',
  `str_goal_id` int(2) default NULL COMMENT 'ตัวชี้วัด',
  `obj_id` int(11) default NULL COMMENT 'เป้าประสงค์',
  `sf_id` int(11) NOT NULL COMMENT 'ยุทธศาสตร์คณะ',
  `pol_id` int(11) default NULL COMMENT 'นโยบายรัฐบาล',
  `poi_id` int(11) default NULL COMMENT 'ประเด็น',
  `sub_id` int(11) default NULL COMMENT 'ประเด็นข้อย่อย',
  `act_id` int(11) default NULL COMMENT 'กิจกรรม',
  `reason` text COMMENT 'หลักการและเหตุผล',
  `budget` int(20) default NULL COMMENT 'งบประมาณ',
  `bt_id` int(2) default NULL COMMENT 'แหล่งเงิน',
  `pro_start` varchar(20) default NULL COMMENT 'วันเริ่มโครงการ',
  `pro_end` varchar(20) default NULL COMMENT 'วันจบโครงการ',
  `pro_obj` text,
  `reason2` text NOT NULL,
  `pro_target_group` text NOT NULL COMMENT 'กลุ่มเป้าหมาย',
  `pro_target_group_number` varchar(4) NOT NULL,
  `pro_target_group_unit` varchar(20) NOT NULL,
  `pro_area` text NOT NULL COMMENT 'พื้นที่เป้าหมาย',
  `pro_resource` text NOT NULL COMMENT 'ทรัพยากรที่ใช้',
  `pro_resource_from` text NOT NULL COMMENT 'แหล่งที่มาทรัพยากร',
  `pro_rate` int(3) NOT NULL COMMENT 'ประเมินความก้าวหน้า',
  `pro_sum1` text NOT NULL COMMENT 'สรุป',
  `pro_sum2` text NOT NULL COMMENT 'แนวทางการแก้ปัญหา',
  `status` char(1) NOT NULL,
  `pro_att` varchar(200) default NULL,
  `created` datetime default NULL,
  `create_by` varchar(10) default NULL,
  `modified` char(20) NOT NULL,
  `modified_by` char(20) NOT NULL,
  PRIMARY KEY  (`pro_id`),
  KEY `DeID_main` (`DeID_main`,`DeID_join`),
  KEY `str_goal_id` (`str_goal_id`)
) ENGINE=MyISAM  DEFAULT CHARSET=tis620 AUTO_INCREMENT=11161 ;

--
-- Dumping data for table `project`
--

INSERT INTO `project` (`pro_id`, `budget_year`, `names`, `pro_code`, `DeID_main`, `DeID_join`, `sec_id`, `typ_id`, `str_id`, `str_goal_id`, `obj_id`, `sf_id`, `pol_id`, `poi_id`, `sub_id`, `act_id`, `reason`, `budget`, `bt_id`, `pro_start`, `pro_end`, `pro_obj`, `reason2`, `pro_target_group`, `pro_target_group_number`, `pro_target_group_unit`, `pro_area`, `pro_resource`, `pro_resource_from`, `pro_rate`, `pro_sum1`, `pro_sum2`, `status`, `pro_att`, `created`, `create_by`, `modified`, `modified_by`) VALUES
(11111, 2555, 'การวิเคราะห์กระบวนการจัดระบบและกลไกงานประกันคุณภาพ : คณะสาธารณสุขศาสตร์ มหาวิทยาลัยมหิดล', NULL, 23, 0, 2, 2, 4, NULL, 3, 0, NULL, NULL, 1, 12, '<p><span style="font-size: medium;">&nbsp;&nbsp;&nbsp;&nbsp;&nbsp;&nbsp; พระราชบัญญัติการศึกษาแห่งชาติ พ.ศ.2542 แก้ไขเพิ่มเติม (ฉบับที่ 2) พ.ศ.2545 กำหนดให้สถานศึกษาทุกแห่งจัดให้มีระบบการประกันคุณภาพภายในและให้ถือว่าการประกันคุณภาพภายในเป็นส่วนหนึ่งของกระบวนการบริหารการศึกษาที่ต้องดำเนินการอย่างต่อเนื่อง โดยมีการจัดทำรายงานประจำปีเสนอต่อหน่วยงานต้นสังกัด หน่วยงานที่เกี่ยวข้อง และเปิดเผยต่อสาธารณชน เพื่อนำไปสู่การพัฒนาคุณภาพและมาตรฐานการศึกษา และเพื่อรองรับการประกันคุณภาพภายนอก รวมถึงให้มีสำนักงานรับรองมาตรฐานและประเมินคุณภาพการศึกษาเพื่อทำหน้าที่พัฒนาเกณฑ์ วิธีการประเมินคุณภาพภายนอก และทำการประเมินผลการจัดการศึกษา เพื่อให้มีการตรวจสอบคุณภาพของสถานศึกษา โดยคำนึงถึงความมุ่งหมายและหลักการ และแนวทางจัดการศึกษาในแต่ละระดับ และให้มีการประเมินคุณภาพภายนอกของสถานศึกษาทุกแห่งอย่างน้อยหนึ่งครั้งในทุกห้าปีนับตั้งแต่การประเมินครั้งสุดท้าย และเสนอผลการประเมินต่อหน่วยงานที่เกี่ยวข้องและสาธารณชน</span></p>\r\n<p><span style="font-size: medium;">&nbsp;&nbsp;&nbsp;&nbsp;&nbsp;&nbsp; ระบบการประกันคุณภาพการศึกษาภายในสถานศึกษา เป็นส่วนหนึ่งของการบริหารการศึกษา ซึ่งเป็นกระบวนการพัฒนาคุณภาพการศึกษาอย่างต่อเนื่อง โดยให้สถานศึกษายึดหลักการมีส่วนร่วมของชุมชนและหน่วยงานที่เกี่ยวข้องโดยการส่งเสริม สนับสนุนและกำกับ ดูแลขอหน่วยงานต้นสังกัด</span></p>\r\n<p><span style="font-size: medium;">&nbsp;&nbsp;&nbsp;&nbsp;&nbsp;&nbsp;&nbsp; คณะสาธารณสุขศาสตร์ มหาวิทยาลัยมหิดลได้เห็นความสำคัญของการประกันคุณภาพการศึกษา ซึ่งเป็นนโยบายของสำนักงานคณะกรรมการการอุดมศึกษาที่ได้กำหนดไว้ตามประกาศเรื่อง "นโยบายและแนวปฏิบัติในการประกันคุณภาพการศึกษาในระดับอุดมศึกษา" เมื่อวันที่ 8 กรกฎาคม พ.ศ.2539 และ "นโยบาย แนวทาง และปฏิบัติการประกันคุณภาพการศึกษาระดับอุดมศึกษา" เพื่อพัฒนาคุณภาพการศึกษาให้มีมาตรฐานและมีประสิทธิภาพ โดยแต่ละสถาบันมีอิสระในการดำเนินงาน คณะสาธารณสุขศาสตร์จึงได้จัดทำโครงการ กระบวนการจัดระบบและกลไกการประกันคุณภาพการศึกษาของคณะฯ</span></p>', 50, 3, '2011-10-01', '2012-08-31', '<p><span style="font-size: small;">1.&nbsp; เพื่อให้บุคลากรภายในคณะได้รับทราบระบบและกลไกการประกันคุณภาพของคณะสาธารณสุขศาสตร์</span></p>\r\n<p><span style="font-size: small;">2.&nbsp; เพื่อให้งานประกันคุณภาพการศึกษาของคณะสาธารณสุขศาสตร์มีความต่อเนื่องและบรรลุวัตถุประสงค์</span></p>', '<p>-</p>', 'ผู้บริหาร/บุคลากรภายในคณะสาธารณสุขศาสตร์', '300', 'คน', 'ภาควิชา/หน่วยงานในสำนักงานคณบดี', '1. เอกสารประกอบการประชุมและรายงานการประชุมคณะกรรมการพัฒนาคุณภาพ', 'งานแผนพัฒนาและระบบคุณภาพ', 90, 'ตามเป้าหมาย', 'ตรงเป้า', '', NULL, '2012-03-20 13:26:41', 'ph3', '', ''),
(11112, 2555, 'โครงการพัฒนาความพร้อมของนักศึกษาสู่ประชาคมอาเซืยน', NULL, 20, 0, 3, 2, 4, NULL, 3, 0, NULL, NULL, 1, 5, '<p>&nbsp;&nbsp;&nbsp;&nbsp;&nbsp;&nbsp;&nbsp;&nbsp;&nbsp;&nbsp;&nbsp;&nbsp; <span style="font-size: small;">ตามที่ประชาคมอาเซียนจะมีการเปิดเสรีทางเศรษฐกิจ ในปี 2558 ซี่งจะเป็นความร่วมมือกันในบูรณาการด้านการศึกษาสร้างสังคมความรู้ พัฒนาทรัพยากรมนุษย์ ส่งเสริมการจ้างงานที่เหมาะสม และส่งเสริม ICT ระหว่างประเทศอาเซียน 11 ประเทศ ดังนั้นการพัฒนาคุณภาพและศักยภาพของนักศึกษาจึงเป็นกลยุทธ์ที่สำคัญที่จะนำไปสู่เป้าหมายของมหาวิทยาลัยมหิดลที่มุ่งสู่การเป็นมหาวิทยาลัยหนึ่งในร้อยอันดับแรกของโลก และเนื่องจาก คณะสาธารณสุขศาสตร์ มหาวิทยาลัยมหิดล มีวิสัยทัศน์ที่จะเป็นองค์กรชั้นนำในการจัดการศึกษาและพัฒนาองค์ความรู้ด้านสาธารณสุข ที่นำไปสู่ความเป็นเลิศในการพัฒนาสุขภาพและคุณภาพชีวิตประชาชน ฝ่ายกิจการนักศึกษาจึงเห็นความสำคัญของการจัดกิจกรรมอย่างต่อเนื่องเพื่อพัฒนาความพร้อมของนักศึกษาวิทยาศาสตร์บัณฑิตศึกษาเพื่อเข้าสู่การแข่งขันในตลาดแรงงานทั้งในระดับประเทศและนานาชาติ และเพื่อสร้างความรู้สึกเป็นเจ้าของ อนุรักษ์มรดกทางวัฒนธรรมอาเซียน ส่งเสริมการสร้างสรรค์ด้านวัฒนธรรม ลดช่องว่างการพัฒนาสุขภาพเพื่อให้บัณฑิตเป็นพลเมืองที่ดีของประชาคมอาเซียนและประชาคมโลก</span></p>', 100, 3, '2011-10-01', '2012-09-30', '<p><span style="font-size: small;">9.1 เพื่อให้นักศึกษามีความรู้ ความเข้าใจ เกี่ยวกับวัฒนธรรมของแต่ละประเทศในสมาชิก</span></p>\r\n<p><span style="font-size: small;">9.2 เพื่อสร้างทักษะการสื่อสารระหว่างวัฒนธรรม</span></p>\r\n<p><span style="font-size: small;">9.3 เพื่อให้เกิดเครือข่ายความร่วมมือทางวิชาการระหว่างประเทศ</span></p>\r\n<p><span style="font-size: small;">9.4 เพื่อพัฒนาศักยภาพด้านการแข่งขันในตลาดแรงงาน</span></p>\r\n<p><span style="font-size: small;">9.5 เพื่อสร้างความรู้สึกเป็นเจ้าของ อนุรักษ์มรดกทางวัฒนธรรมของอาเซียน</span></p>', '', 'กลุ่มเป้าหมายคือนักศึกษาระดับปริญญาตรีและบัณฑิตศึกษา', '', '', 'คณะสาธารณสุขศาสตร์ มหาวิทยาลัยมหิดล และมหาวิทยาลัยต่างประเทศ', '<P>1.ค่าวัสดุ</P>\r\n<P>2.ค่ายานพาหนะในการเดินทาง</P>\r\n<P>3.ค่าเบี้ยเลี้ยงในการดำเนินงาน</P>\r\n<P>4.ค่าตอบแทนวิทยากร</P>\r\n<P>5.ค่าเอกสาร</P>', 'คณะสาธารณสุขศาสตร์', 0, '', '', '', NULL, '2012-03-20 13:31:32', 'ph5', '', ''),
(11113, 2555, 'โครงการแผนพัฒนาระบบสารสนเทศฯ', NULL, 23, 0, 3, 2, 8, NULL, 9, 0, NULL, NULL, 6, 9, '<p>&nbsp;&nbsp;&nbsp; <span style="font-size: large;">การบริหารจัดการความเสี่ยงเป็นเรื่องสำคัญ และหลีกเลี่ยงไม่ได้ แม้แต่ในเรื่องใกล้ตัวเกี่ยวกับการปฏิบัติงาน ซึ่งดำเนินการทุกเรื่องอาจเกิดความเสี่ยงขึ้นได้ และอาจส่งผลกระทบต่อความสำเร็จในการปฏิบัติงาน เช่น ด้านงบประมาณ ด้านการศึกษา ด้านสารสนเทศ ด้านกระบวนการทำงาน ด้านบริหารจัดการ และความเสี่ยงด้านเทคนิค หากไม่ได้รับการดูแลเอาใจใส่ วางแผนปฏิบัติการ แก้ไข ติดตามประเมินผล จะก่อให้ผลเสียหายอย่างร้ายแรงต่อการปฏิบัติงานในแต่ละประเภทได้ ดังนั้น เพื่อลดผลกระทบต่อความเสี่ยงดังกล่าว คณะฯ จึงมีความจำเป็นต้องจัดทำโปรแกรมการบริหารความเสี่ยงเพื่อเตรียมการเฝ้าระวังจากผลการดำเนินงานการ</span></p>\r\n<p><span style="font-size: large;">บริหารความเสี่ยงให้น้อยลง&nbsp; หรือไม่มีเลย รวมทั้งผู้บริหารนำ</span></p>', 70, 3, '2012-03-20', '2012-09-28', '<p><span style="font-size: medium;">1.&nbsp; เพื่อลดขั้นตอนในการปฏิบัติงานของภาควิชา/หน่วยงาน</span></p>\r\n<p><span style="font-size: medium;">2.&nbsp; เพื่อลดปัญหาอันเกิดจากการเสี่ยงให้ลดลง หรือไม่มีความเสี่ยงเลย</span></p>\r\n<p><span style="font-size: medium;">3.&nbsp; เพื่อให้การเก็บข้อมูลด้านบริหารจัดการความเสี่ยงอย่างมีระบบ มีความละเอียด มีความถูกต้อง และครบถ้วนมากยิ่งขึ้น</span></p>', '<p>ปี 2554 - มีผลการดำเนินงาน&nbsp; จำนวน 15 ครั้ง</p>', 'ผู้บริหาร/บุคลากรที่รับผิดชอบข้อมูลรายงานผลการบริหารจัดการความเสี่ยง', '100', 'คน', 'ภาควิชา/หน่วยงานในสำนักงานคณบดี', '1.&nbsp; บุคลากรที่ให้ข้อมูลเกี่ยวกับระบบการบริหารความเสี่ยง', 'งานแผนพัฒนาและระบบคุณภาพ', 79, 'llllllllllllllllllllllllllllllllllllllll', 'สสสสสสสสสสสสสสสสสสสสสสสสสสสสสสสสส', '', NULL, '2012-03-20 13:32:05', 'ph1', '', ''),
(11114, 2555, 'โครงการพัฒนาความเป็นศูนย์กลางฝึกอบรมนโยบายด้านสุขภาพ', NULL, 24, 0, 3, 1, 5, NULL, 0, 0, NULL, NULL, NULL, NULL, NULL, NULL, NULL, NULL, NULL, NULL, '', '', '', '', '', '', '', 0, '', '', '', NULL, '2012-03-20 13:32:24', 'ph4', '', ''),
(11115, 2555, 'โครงการพัฒนาความเป็นศูนย์กลางฝึกอบรมนโยบายด้านสุขภาพ', NULL, 24, 0, 3, 1, 5, NULL, 7, 0, NULL, NULL, 5, NULL, '<p>&nbsp;&nbsp; คณะสาธารณสุขศาสตร์ มหาวิทยาลัยมหิดล เป็นคณะเก่าแก่ทางด้านสาธารณสุขศาสตร์ของประเทศ มีวิสัยทัศน์ที่จะนำคณะให้เป็นสถาบันการศึกษาสาธารณสุขชั้นนำในภูมิภาคเอเซีย เป็นศูนย์กลางการฝึกอบรม นโยบายด้านสุขภาพแก่คณะสาธารณสุขศาสตร์ในมหาวิทยาลัยอื่นๆ ของประเทสไทย และภูมิภาค ตลอดจนหน่วยงานในองค์กรอื่นๆทั่วโลก</p>\r\n<p>&nbsp;&nbsp;&nbsp; ด้วยเหตุนี้ จึงมีโครงการพัฒนาความเป็นศูนย์กลาง ฝึกอบรมนโยบายด้านสุขภาพ เพื่อเป็นแหล่งในการขับเคลื่อนเจรจากับภาคีและ</p>', NULL, NULL, '2011-02-01', '2013-10-31', '<p>&nbsp;&nbsp;&nbsp; จัดตั้งศูนย์กลางในการฝึกอบรมพัฒนา นโยบายด้านสุขภาพของภูมิภาค</p>', '', 'ผู้เชี่ยวชาญ นักวิชาการ เครือข่ายความร่วมมือภูมิภาคอาคเนย์', '1-2', 'ครั้ง', 'คณะสาธารณสุขศาสตร์ ม.มหิดล', '', '', 0, '', '', '', NULL, '2012-03-20 13:36:34', 'ph4', '', ''),
(11116, 2555, 'ทดสอบระบบ', NULL, 25, 0, 3, 2, 8, NULL, 9, 0, NULL, NULL, 6, 9, '<p>ทดสอบ</p>', 50000, 3, '2012-04-01', '2012-04-30', '<p>ทดสอบ</p>', '<p>ทดสอบ</p>', 'เจ้าหน้าที่คณะฯ', '100', 'ท่าน', 'คณะสาธารณสุขศาสตร์', '<P>test</P>', 'test', 0, '', '', '', NULL, '2012-03-20 13:41:19', '111', '', ''),
(11117, 2555, 'โครางการพัฒนาภาควิชาฯ', NULL, 5, 0, 0, 0, 0, NULL, 0, 0, NULL, NULL, NULL, NULL, NULL, NULL, NULL, NULL, NULL, NULL, '', '', '', '', '', '', '', 0, '', '', '', NULL, '2012-03-28 14:44:02', 'ph1', '', ''),
(11118, 2555, 'ระบบ e-office', NULL, 10, 0, 0, 0, 0, NULL, 0, 0, NULL, NULL, NULL, NULL, NULL, NULL, NULL, NULL, NULL, NULL, '', '', '', '', '', '', '', 0, '', '', '', NULL, '2012-03-28 14:44:43', 'ph1', '', ''),
(11119, 2555, 'พัฒนาภาควิชา', NULL, 14, 0, 2, 2, 9, NULL, 3, 0, NULL, NULL, NULL, NULL, NULL, NULL, NULL, NULL, NULL, NULL, '', '', '', '', '', '', '', 0, '', '', '', NULL, '2012-03-28 14:45:00', 'ph1', '', ''),
(11120, 2555, 'โครงการสัมมนาภาควิชาประจำปี ', NULL, 11, 0, 2, 2, 4, NULL, 2, 0, NULL, NULL, 5, NULL, '<p><span style="font-size: medium;"><span style="font-family: tahoma,arial,helvetica,sans-serif;"><span style="font-size: small;">หลักการและเหตุผล</span></span></span></p>', NULL, NULL, '2012-03-29', '2012-03-31', '<p>เเ</p>', '', 'นักศึกษาชั้นปีที่ 4', '10', 'คน', 'คณะสาธารณสุขศาสตร์', '', '', 0, '', '', '', NULL, '2012-03-28 14:45:22', 'ph1', '', ''),
(11121, 2555, 'พัฒนาความพร้อมนักศึกษา', NULL, 20, 0, 1, 1, 4, NULL, 3, 0, NULL, NULL, 1, 5, '<p><span style="font-size: medium;">1. เพื่อพัฒนานักศึกษาระดับปริญญาตรีให้มีการพัฒนายกระดับด้านจิตใจ<br />2. เพื่อทำนุบำรุงศิลปวัฒนธรรมไทย<br />3. เพื่อให้นักศึกษาเรียนรู้หลักธรรมคำสอนตามหลักพระพุทธศาสนา </span></p>', 50000, 3, '2012-06-01', '2012-06-04', '<p><span style="font-size: small;">1.เพื่อให้นักศึกษามีความรู้เรื่องการปฏิบัติธรรม<br />2.เพื่อให้นักศึกษารู้จักการวิปัสสนากัมมัฏฐาน</span></p>', '<p><span style="font-size: small;">ดำเนินโครงการเป้นประจำทุกปี </span></p>', 'นักศึกษาชั้นปีที่3', '183', 'คน', 'วัดป่ามณีกาญจน์', 'กดกดกด', 'ดกดกดก', 0, '', '', '', NULL, '2012-03-28 14:45:29', 'ph1', '', ''),
(11122, 2555, 'เสริมสร้างการพัฒนาตำแหน่งทางวิชาการ', NULL, 21, 0, 0, 0, 0, NULL, 0, 0, NULL, NULL, NULL, NULL, NULL, NULL, NULL, NULL, NULL, NULL, '', '', '', '', '', '', '', 0, '', '', '', NULL, '2012-03-28 14:45:40', 'ph6', '', ''),
(11123, 2555, 'พัฒนาการศึกษา', NULL, 12, 0, 3, 2, 3, NULL, 2, 0, NULL, NULL, NULL, NULL, NULL, NULL, NULL, NULL, NULL, NULL, '', '', '', '', '', '', '', 0, '', '', '', NULL, '2012-03-28 14:45:57', 'ph1', '', ''),
(11124, 2555, 'การเรียนรู้:การสร้างเสริมสุขภาพฯ', NULL, 7, 0, 3, 2, 4, NULL, 5, 0, NULL, NULL, 5, 1, '<p>กกกกากากากาสสววงงงง</p>', 100, 2, '2012-03-01', '2012-03-31', '<p>กกกกกกกกกกกกกกกก</p>', '<p>&nbsp;นนนนนนนนนนนนนนนน</p>', 'นักศึกษา', '50', 'คน', 'คณะสาธารณสุขศาสตร์', 'กกกกกกกก', 'กกกกกกกกกกกกกกก', 0, '', '', '', NULL, '2012-03-28 14:46:10', 'ph2', '', ''),
(11125, 2555, 'สัมมนาบุคลากรภาควิชาปรสิตวิทยาและกีฏวิทยา', NULL, 6, 0, 0, 0, 0, NULL, 0, 0, NULL, NULL, NULL, NULL, NULL, NULL, NULL, NULL, NULL, NULL, '', '', '', '', '', '', '', 0, '', '', '', NULL, '2012-03-28 14:46:10', 'ph1', '', ''),
(11126, 2555, 'สัมมนาบุคลากรภาควิชาปรสิตวิทยาและกีฏวิทยา', NULL, 6, 0, 0, 0, 0, NULL, 0, 0, NULL, NULL, NULL, NULL, NULL, NULL, NULL, NULL, NULL, NULL, '', '', '', '', '', '', '', 0, '', '', '', NULL, '2012-03-28 14:46:10', 'ph1', '', ''),
(11127, 2555, 'สัมมนาบุคลากรภาควิชาปรสิตวิทยาและกีฏวิทยา', NULL, 6, 0, 0, 0, 0, NULL, 0, 0, NULL, NULL, NULL, NULL, NULL, NULL, NULL, NULL, NULL, NULL, '', '', '', '', '', '', '', 0, '', '', '', NULL, '2012-03-28 14:46:10', 'ph1', '', ''),
(11128, 2555, 'โครงการวิเคราะห์ผลงานการศึกษาและหาความต้องการเนื้อหาหลักสูตรชีวสถิติ', NULL, 4, 0, 0, 0, 0, NULL, 0, 0, NULL, NULL, NULL, NULL, NULL, NULL, NULL, NULL, NULL, NULL, '', '', '', '', '', '', '', 0, '', '', '', NULL, '2012-03-28 14:46:52', 'ph1', '', ''),
(11129, 2555, 'โครงการแผนพัฒนาระบบสารสนเทศเพื่อใช้ในการบริหารจัดการและการตัดสินใจของคณะสาธารณสุขศาสตร์', NULL, 23, 0, 3, 2, 6, NULL, 9, 0, NULL, NULL, NULL, NULL, NULL, NULL, NULL, NULL, NULL, NULL, '', '', '', '', '', '', '', 0, '', '', '', NULL, '2012-03-28 14:47:02', 'ph1', '', ''),
(11130, 2555, 'โครงการปรับปรุงสัญญาณเครือข่ายภายในคณะสาธารณสุขศาสตร์', NULL, 25, 0, 3, 2, 8, NULL, 9, 0, NULL, NULL, 6, 9, '<p><span style="font-size: medium;">ด้วยคณะได้ติดตั้งและใช้งานระบบเครือข่ายภายในคณะมาตั้งแต่ปี 2545 เป็นต้นมา ในระยะแรกการเชื่อมต่อสายสัญญาณเครือข่ายภายในเป็นการดำเนินการจากบุคลากรภายในคณะดำเนินการเอง เชื่อมต่อโดยเดินสายสัญญาณเพิ่มเติมตามจำนวนผู้ใช้งานภายในอาคาร ดังนั้น ระยะเวลาในการเดินสายสัญญาณจากอดีตจนถึงปัจจุบันมีอายุการใช้งานมานาน ทำให้มีการเสื่อมสภาพของสายสัญญาณดังกล่าว</span></p>', 625, 1, '2011-10-01', '2012-09-30', '<p><span style="font-size: medium;">1. พัฒนาสายสัญญาณเครือข่ายภายใน ให้มีสภาพเหมาะสมในการใช้งาน </span></p>\r\n<p><span style="font-size: medium;">2. จำนวนจุดเชื่อมต่อเพียงพอต่อการใช้งาน</span></p>\r\n<p><span style="font-size: medium;">3. สามารถใช้งานระบบ Internet ได้รวดเร็วอยู่เสมอ</span></p>', '<p>ไม่มี</p>', 'กลุ่มเป้าหมาย บุคลากรภายในอาคารนั้นๆ', '100', 'คน', 'อาคารภายในคณะฯ', '<P>1. บุคลากรในงานเทคโนโลยีสารสนเทศและการสื่อสาร</P>\r\n<P>2. บุคลากรสำนักงานคณบดี</P>', '<P>1. กำหนดคุณสมบัติเฉพาะ ควบคุมการปฏิบัติงาน</P>\r\n<P>2. จัดทำแผนผังจำนวนจุดเชื่อมต่อ</P>', 0, '', '', '', NULL, '2012-03-28 14:47:05', 'ph1', '', ''),
(11131, 2555, 'โครงการผลิตบัณฑิตใหม่', NULL, 8, 0, 3, 2, 6, NULL, 9, 0, NULL, NULL, 6, 1, '<p><span style="font-size: medium;">เพื่อทดสอบความต้องการของบัณฑิต</span></p>', 10000, 4, '2012-04-02', '2012-06-29', '<p>1.</p>\r\n<p>2.</p>\r\n<p>3.</p>', '<p><span style="font-size: small;">ดำเนินงานเรียบร้อยแล้ว</span></p>', 'บัณฑิตระบาดวิทยา', '10', '10', 'สำนักสาธารณสุขจังหวัด', 'บัณฑิตระบาดวิทยา', 'จำนวนนักศึกษาที่จบ', 0, '', '', '', NULL, '2012-03-28 14:47:28', 'ph3', '', ''),
(11132, 2555, 'ความชุกและปีจจัยที่มีความสัมพันธ์กับภาวะซึมเศร้าในผู้สูงอายุที่เจ็บป่วยด้วยโรคเรื้อรัง จังหวัดตรัง', NULL, 8, 0, 3, 1, 3, NULL, 5, 0, NULL, NULL, 6, 3, '<p>1.</p>\r\n<p>2</p>\r\n<p>3.</p>', 1, 3, '2012-03-28', '2012-03-30', '<p>1. สร้างเครือข่าย</p>\r\n<p>2. พัฒนางานประจำ</p>', '<p>1. ได้รับทุนสนับสนุน</p>\r\n<p>2. ผ่านจริยธรรม</p>', 'ผู้ป่วยเบาหวาน', '10', 'คน', 'จังหวัดตรัง', '<P>1. สถานที่</P>\r\n<P>2. ผู่ช่วยวิจัย</P>', '<P>คณะฯจัดหาให้</P>\r\n<P>ผู้รับผิดชอบโครงการเลือกเอง</P>', 0, '', '', '', NULL, '2012-03-28 14:47:44', 'ph1', '', ''),
(11133, 2555, 'จัดซื้อเครื่องคอมพิวเตอร์', NULL, 25, 0, 1, 1, 3, NULL, 1, 0, NULL, NULL, 3, 9, '<p><span style="font-family: tahoma,arial,helvetica,sans-serif;"><span style="font-size: medium;">ทดสอบ</span></span></p>', 30000, 1, '2012-04-01', '2012-04-30', '<p><span style="font-family: tahoma,arial,helvetica,sans-serif;"><span style="font-size: small;">ทดสอบ</span></span></p>', '<p><span style="font-family: tahoma,arial,helvetica,sans-serif;"><span style="font-size: large;">test</span></span></p>', 'เจ้าหน้าที่คณะ', '200', 'ท่าน', 'คณะสาธารณสุขศาสตร์ ม.มหิดล', '<P>test</P>', 'test', 80, 'test', 'test', '', NULL, '2012-03-28 14:47:51', '111', '', ''),
(11134, 2555, 'วิเคราะห์กระบวนการจัดระบบและกลไก', NULL, 23, 0, 2, 2, 4, NULL, 3, 0, NULL, NULL, 1, 7, '<p>ดดดดดดดดดดดดดดดดดดดดดดดดดดดดดดดดดดดดดดดดดดดดดดดดดดดดดดดดดดดดดดดดดดดดดดดดดดดดดดดดดดดดดดดดดดดดดดดดดดดดดดดดดดดดด</p>', 2147483647, 1, '2012-03-30', '2012-05-25', '<p><span style="font-size: large;">ดดดดดดดดดดดดดดดดดดดดดดดดดดดดดดดดดดดดดดดดดดดดดดดดดดดดดดดดดดดดดด</span></p>', '<p>kkkkkkkkkkkkkkkkkkk</p>', 'จนท.', '111', '', '11111111', 'jjjjjjjjjjjjjj', 'jjjjjjjjjjjjj', 7, '', 'ดดดดดดดดดดดด', '', NULL, '2012-03-28 14:47:56', 'ph1', '', ''),
(11135, 2555, 'การใช้ฐานข้อมูล', NULL, 12, 0, 1, 2, 3, NULL, 1, 0, NULL, NULL, 3, 1, '<p><span style="font-size: medium;">&nbsp;&nbsp;&nbsp; การใช้ฐานข้อมูลการติดตามการดำเนินงาน</span></p>', 100000, 1, '2012-03-28', '2012-06-29', '<p><span style="font-size: medium;">การตรวจสอบข้อมูล การใช้ฐานข้อมูล</span></p>', '<p><span style="font-size: medium;">ไม่จำเป็นต้องกรอก</span></p>', 'ใช้ฐานข้อมูล', '600', 'ประวิง', 'คณะสาธาณรสุขศาสตร์ มหาวิทยาลัยมหิดล', 'ใช้บุคลากร', 'บุคลกร', 0, '', '', '', NULL, '2012-03-28 14:47:59', 'ph1', '', ''),
(11136, 2555, 'ผลักดันการตีพิมพ์ผลงานวิจัยในวารสารวิชาการนานาชาติ', NULL, 2, 0, 3, 2, 3, NULL, 1, 0, NULL, NULL, 5, 6, '<p><span style="font-size: medium;">สืบเนื่องจากภาควิชาการพยาบาลสาธารณสุข ได้จัดทำข้อตกลงการปฏิบัติงานประจำปีงบประมาณกับคณะสาธารณสุขศาสตร์</span></p>', 80, 3, '2012-03-28', '2012-09-30', '<p><span style="font-size: medium;">เพื่อให้อาจารย์ของภาควิชาฯมีผลงานตีพิมพ์ในวารสารวิชาการระดับนานาชาติ</span></p>', '<p>ไม่ได้ดำเนินการในโครงการนี้</p>', 'อาจารย์ภาควิชาการพยาบาลสาธารณสุข', '15', 'คน', 'ภาควิชาการพยาบาลสาธารณสุข', '<P>1. ห้องประชุม</P>\r\n<P>2. เครื่องคอมพิวเตอร์</P>', 'ภาควิชาการพยาบาลสาธารณสุข', 50, '', '1. เขียนผลงานวิชาการไม่ทันตามกำหนด\r\n2. ผู้เชี่ยวชาญไม่ส่งผลงานกลับตามกำหนดเวลา', '', NULL, '2012-03-28 14:48:07', 'ph1', '', ''),
(11137, 2555, 'การบำรุงรักษา', NULL, 19, 0, 3, 1, 6, NULL, 4, 0, NULL, NULL, 1, 4, '<p><span style="font-size: xx-large;">&nbsp;</span></p>', 50000, 3, '2012-03-15', '2012-03-30', '<p><span style="font-size: large;">จำลอง</span></p>', '<p>ดีมาก</p>', 'ลอง', '1', '3', 'ลุ่ม', '<P>การดนตรี</P>', 'เงิน', 0, '', '', '', NULL, '2012-03-28 14:48:12', 'ph2', '', ''),
(11138, 2555, 'โครงการวิเคราะห์ผลงานการศึกษาและหาความต้องการเนื้อหาหลักสูตรชีวสถิติ', NULL, 4, 0, 2, 2, 4, NULL, 2, 0, NULL, NULL, 1, 6, '<p><span style="font-family: verdana,geneva;"><span style="font-size: large;">จากกรอบแนวคิด.....</span></span></p>', 856555, 3, '2012-03-01', '2012-09-30', '<p>1. การดรยกาเดรครกฟหฟนข</p>\r\n<p>2. กากนรสกาดรเรหยหบกบเว</p>', '<p><span style="font-size: large;">ไม่มี</span></p>', 'ศิษย์เก่า ผู้ใช้บัณฑิตที่ส่ามารถประเมินและบอกความต้องการได้', '23', 'คน', 'ภาควิชาชีวสถิติ คณะสาธารณสุขศาสตร์', '155524588', 'สหกราทอารรก', 0, '', '', '', NULL, '2012-03-28 14:48:16', 'ph1', '', ''),
(11139, 2555, 'สัมมนาบุคลากรภาควิชาปรสิตวิทยาและกีฏวิทยา', NULL, 6, 0, 2, 2, 4, NULL, 2, 0, NULL, NULL, 5, 7, '<p>copy จากโครงการที่เขียนไว้มาใส่</p>', 10, 3, '2012-03-28', '2012-03-30', '<p>copy ในดครงการมาใส่</p>', '<p>สำเร็จตามเป้าหมาย</p>', 'อาจารย์ และเจ้าหน้าทีภาควิชาปรสิตวิทยาและกีฏวิทยา', '15', 'คน', 'พื้นที่ในกรุงเทพมหานคร และใกล้เครียง', '<P>test</P>', 'test', 0, '', '', '', NULL, '2012-03-28 14:48:21', 'ph1', '', ''),
(11140, 2555, 'พัฒนางานวิจัย', NULL, 14, 0, 3, 2, 3, NULL, 1, 0, NULL, NULL, 5, 3, '<p><span style="font-size: medium;">พัฒนาบุคคลากรในภาควิชาให้มีประสิทธิภาพ</span></p>', 400000, 3, '2012-03-05', '2016-08-31', '<p><span style="font-size: medium;">เพื่อพัฒนาบุคลากรในภาควิชา</span></p>', '<p>งานบรรลุตามวัตถุประสงค์</p>', 'อาจารย์ในภาควิชา', '10', 'คน', 'ภาควิชา', '<P>อาจารย์ในภาควิชา</P>\r\n<P>วิทยากรจาก วช.</P>\r\n<P>ห้องประชุม</P>\r\n<P>ถ่ายเอกสาร</P>', 'งบประมารภาควิชา', 0, '', '', '', NULL, '2012-03-28 14:48:40', 'ph1', '', ''),
(11141, 2555, 'โครงการพัฒนาระบบและกลไกการบริหารหลักสูตร', NULL, 20, 0, 2, 2, 4, NULL, 3, 0, NULL, NULL, 1, 0, '<p>การบริหารหลักสูตร และการจัดการเรียนการสอนเป็นการนำหลักสูตรไปสู่การปฏิบัติ.....</p>', 145, 3, '2011-10-03', '2012-09-28', '<p>9.1&nbsp; เพื่อจัดทำระบบและกลไกการบริหารหลักสูตร คณะสาธารณสุขศาสตร์ ม. มหิดล</p>', '', 'ผู้บริหารคณะฯ หัวหน้าภาค ประธานหลักสูตร', '', '', 'คณะสาธารณสุขศาสตร์ ม. มหิดล', '<P>บุคลากร</P>\r\n<P>ห้องประชุม</P>\r\n<P>พาหนะ</P>\r\n<P>เอกสาร</P>', 'คณั', 0, '', '', '', NULL, '2012-03-28 14:48:47', 'ph1', '', ''),
(11142, 2555, 'โครงการพัฒนาภาควิชาฯ', NULL, 23, 0, 3, 2, 5, NULL, 3, 0, NULL, NULL, 5, NULL, NULL, NULL, NULL, NULL, NULL, NULL, '', '', '', '', '', '', '', 0, '', '', '', NULL, '2012-03-28 14:48:49', 'ph1', '', ''),
(11143, 2555, 'โครงการแผนพัฒนาระบบสารสนเทศเพื่อใช้ในการบริหารฯ', NULL, 23, 0, 3, 2, 8, NULL, 9, 0, NULL, NULL, 6, NULL, '<p>&nbsp;</p>\r\n<p>&nbsp;&nbsp;&nbsp;&nbsp;&nbsp;&nbsp;<span style="font-size: medium;"> การบริหารจัดการความเสี่ยงฯ</span></p>\r\n<p><span style="font-size: medium;">&nbsp;</span></p>', NULL, NULL, '2012-03-28', '2012-03-30', '<p><span style="font-size: medium;">1.&nbsp; เพื่อลดขึ้นตอนในการปฏิบัติงานของภาควิชา/หน่วยงาน</span></p>', '<p>22222222222222222222222222222222222222222222222</p>', 'บุคลากรภาควิชา/หน่วยงาน', '150', 'คน', 'คณะสาธารณสุขศาสตร์', '', '', 0, '', '', '', NULL, '2012-03-28 14:48:52', 'ph1', '', ''),
(11144, 1234, '4321', NULL, 25, 0, 3, 2, 9, NULL, 9, 0, NULL, NULL, 5, NULL, NULL, NULL, NULL, NULL, NULL, NULL, '', '', '', '', '', '', '', 0, '', '', '', NULL, '2012-03-28 14:49:11', 'ph2', '', ''),
(11145, 2555, 'โครงการประชาสัมพันธ์ภาควิชาอาชีวอนามัยและความปลอดภัย', NULL, 13, 0, 3, 2, 4, NULL, 3, 0, NULL, NULL, 1, 9, '<p>จากคะแนนสอบเข้าเรียนหลักสูตรอาชีวอนามัยและความปลอดภัยที่มีคะแนนสูงสุดในกลุ่มสาขาวิชานี้ อย่างไรก็ตามหากไม่มีการส่งเสริมให้หลักสูตรนี้เป็นที่รู้จักกันในกลุ่มนักเรียนระดับมัธยมศึกษาและอาจารย์แนะแนวหรือผู้บริหารโรงเรียน อาจทำให้มีผู้สมัครรียนสาขานี้ไม่มากเท่าที่ควรจะเป็น ดังนั้นควรจะมีการประชาสัมพันธ์ให้กับกลุ่มเป้าหมาย คือโรงเรียนที่มีนักเรียนสอบเข้ามาเรียนหลักสูตรนี้ ปีละประมาณ ๖๐ คน รวบสี่ปีแล้วมีกลุ่มโรงเรียนเป้าหมายประมาณมากกว่า ๒๐๐ แห่ง ซึ่งอาจจะมีนักศึกษาที่มาจากโรงเรียนเดียวกันบ้าง</p>\r\n<p>&nbsp;&nbsp;&nbsp;&nbsp;&nbsp; &nbsp;หลักการในการประชาสัมสัมธ์คือการใหนักศึกษาปัจจุบันส่งซีดีที่มีข้อมูลประชาสัมพันธ์ของมหาวิทยาลัย ของคณะสาธารณสุข และข้อมูลของภาควิชาฯ โดยข้อมูลนี้จะจัดทำเป็นภาพยนต์สั้นๆ ให้มีความน่าสนใจ เข้าใจง่าย เหมาะกับวัยของนักเรียนระดับมัธยมปลาย ให้ทราบว่าเรียนจบสาขานี้แล้วสามารถประกอบอาชีพอะไรได้บ้าง การส่งข้อมูลทางไปรษณีย์โครงการเป็นผู้รับผิดชอบค่าใช้จ่ายโดยมีนักศึกษาที่เป็นศิษย์เก่าของโรงเรียนมัธยมเป็นผู้ติดตามประสานงานกับโรงเรียนของแต่ละคน</p>\r\n<p>&nbsp;&nbsp;&nbsp;&nbsp;&nbsp;&nbsp;&nbsp; การประเมินสามารถทำได้โดยพิจารณาจากการเพิ่มขึ้นของคะแนนสอบเข้า และจำนวนผู้เลือกเรียนหลักสูตรนี้</p>', 56000, 3, '2012-03-15', '2012-03-28', '<table style="width: 699px;" border="1" cellspacing="0" cellpadding="0">\r\n<tbody>\r\n<tr>\r\n<td width="699" valign="top"><ol>\r\n<li>เพื่อให้โรงเรียนในกลุ่มเป้าหมายรู้จัดหลักสูตรมากขึ้น</li>\r\n<li>เพื่อให้มีจำนวนผู้สมัครสอบเพื่อเข้าเรียนคณะนี้มากขึ้น</li>\r\n</ol></td>\r\n</tr>\r\n<tr>\r\n<td width="699" valign="top">&nbsp;</td>\r\n</tr>\r\n</tbody>\r\n</table>', '', 'โรงเรียนมัธยมของนักศึกษาหลักสูตรนี้', '200', 'แห่ง', 'ภาควิชาอาชีวอนามัยและความปลอดภัย', '<SPAN style="FONT-FAMILY: ''TH SarabunPSK'',''sans-serif''; FONT-SIZE: 14pt; mso-fareast-font-family: ''Times New Roman''; mso-ansi-language: EN-US; mso-fareast-language: EN-US; mso-bidi-language: TH" lang=TH>อุปกรณ์ถ่ายทำภาพยนต์และตัดต่อ</SPAN>', '<SPAN style="FONT-FAMILY: ''TH SarabunPSK'',''sans-serif''; FONT-SIZE: 14pt; mso-fareast-font-family: ''Times New Roman''; mso-ansi-language: EN-US; mso-fareast-language: EN-US; mso-bidi-language: TH" lang=TH>ว่าจ้างบริษัทถ่ายทำ ร่วมกับหน่วยงานของคณะฯ</SPAN>', 0, '', '', '', NULL, '2012-03-28 14:49:17', 'ph4', '', ''),
(11146, 2555, 'การกำจัดของเสียอันตรายจากห้องปฏิบัติการ', NULL, 22, 0, 3, 2, 9, NULL, 10, 0, NULL, NULL, 1, 13, '<p>มีการจัดการของเสียอย่างเป็นระบบแะถูกต้อง ซึ่งจะนำไปสู่การลดความเสี่ยงต่อการทำให้เกิดความเสียหาย</p>', 100000, 3, '2011-09-01', '2012-10-31', '<p>มีระบบการจัดการของเสีย</p>', '', 'บุคลากร', '', '', 'ห้องปฏิบัติการภายในคณะ', '<P>test</P>', 'test', 0, '', '', '', NULL, '2012-03-28 14:49:29', 'ph1', '', ''),
(11147, 2555, 'โครงการแผนพัฒนาระบบสารสนเทศเพื่อใช้ในการบริหารจัดการและการตัดสินใจของคณะสาธารณสุขศาสตร์', NULL, 23, 0, 3, 2, 6, NULL, 9, 0, NULL, NULL, 6, NULL, NULL, NULL, NULL, NULL, NULL, NULL, '', '', '', '', '', '', '', 0, '', '', '', NULL, '2012-03-28 14:49:33', 'ph1', '', ''),
(11148, 2554, 'ปรับภูมิทัศน์', NULL, 9, 0, 0, 2, 0, NULL, 0, 0, NULL, NULL, 6, 2, '<p>รอ Copy</p>', 80, 3, '2012-03-01', '2012-03-30', '<p>Copy</p>\r\n<p>&nbsp;</p>', '<p>จัดหาผู้รับเหมาเขียนแบบแปลน</p>', 'นักศึกษา', '50', 'คน', 'ห้อง Lab =yho 4', 'เงิน', 'คณะฯ', 0, '', '', '', NULL, '2012-03-28 14:49:41', 'ph1', '', ''),
(11149, 2555, 'เสริมสร้างการพัฒนาตำแหน่งทางวิชาการ', NULL, 23, 0, 3, 0, 4, NULL, 1, 0, NULL, NULL, 5, 6, '<p>ทดสอบระบบ</p>\r\n<p>&nbsp;</p>', 10000, 3, '2012-10-01', '2013-09-30', '<p>ทดสอบระบบ</p>', '<p>ทดสอบระบบ</p>', 'บุคลากรสายวิชาการ', '50', 'คน', 'คณะสาธารณสุขศาสตร์', '<FONT size=4>ทดสอบระบบ</FONT>', '<FONT size=4>ทดสอบระบบ</FONT>', 0, '', '', '', NULL, '2012-03-28 14:49:48', 'ph6', '', ''),
(11150, 2555, 'จดหมายข่าว', NULL, 5, 0, 3, 2, 8, NULL, 9, 0, NULL, NULL, 6, 1, '<p>ทดสอบ</p>', 20000, 3, '2012-03-28', '2012-03-30', '<p>ทดสอบการ</p>', '<p>โครงการข่าว</p>', 'ศิษย์เก่าและศิษย์ปัจจุบัน', '100', 'คน', 'web', '<P>ดำเนินการ</P>', 'การพัฒนา', 0, '', '', '', NULL, '2012-03-28 14:50:01', 'ph5', '', ''),
(11151, 2555, 'สืบสานงานสงกรานต์', NULL, 15, 0, 1, 1, 4, NULL, 3, 0, NULL, NULL, 5, 4, '<p>ทดสอบ</p>', 150000, 3, '2012-03-01', '2012-03-01', '<p>เพื่อความสามัคคี</p>', '', 'บุคลากร', '100', 'คน', 'อาคารสาธารณสุขวิศิษฏ์', '<P>ดอกไม้</P>', 'เงินรายได้คณะ', 0, '', '', '', NULL, '2012-03-28 14:51:14', 'ph1', '', ''),
(11152, 2555, 'โครงการ', NULL, 5, 0, 3, 1, 5, NULL, 1, 0, NULL, NULL, 6, 7, '<p>การจัดทำโครงการ</p>', 20000, 1, '2012-03-03', '2012-03-06', '<p>เพิ่มโครงการ</p>', '<p>โครงการ</p>', 'นักศึกษา', '120', 'คน', 'ภาควิชาฯ', 'กระดาษ', '<P>กรมควคุมโรค</P>', 0, '', '', '', NULL, '2012-03-28 14:52:05', 'ph1', '', ''),
(11153, 2555, 'โครงการพัฒนารูปแบบการประชาสัมพันธ์ตามจุดยุทธศาสตร์', NULL, 24, 0, 3, 1, 8, NULL, 3, 0, NULL, NULL, NULL, NULL, NULL, NULL, NULL, NULL, NULL, NULL, '', '', '', '', '', '', '', 0, '', '', '', NULL, '2012-03-28 14:52:37', 'ph1', '', ''),
(11154, 2555, 'โครงการพัฒนาหลักสูตร ป เอก สาขาวิชาชีวสถิติ', NULL, 4, 0, 3, 2, 4, NULL, 2, 0, NULL, NULL, 1, 6, '<p>xxxxxxxxxxxxxxxxxxxxxxxxx</p>', 60000, 3, '2011-10-01', '2012-08-31', '<p>x2</p>', '<p>-</p>', 'หลักสูตร ป เอก', '1', 'หลักสูตร', 'ภาควิชาชีวสถิติ คณสาธารณสุขศาสตร์ มหาวิทยาลัยมหิดล', '<P>1. เจ้าหน้าที่ภาค</P>\r\n<P>2. เครื่องคอมพิวเตอร์ และเครื่องพิมพ์ผล</P>\r\n<P>3. Internet Community</P>', '1. ภาควิชาชีวสถิติ', 0, '', '', '', NULL, '2012-03-28 14:54:48', 'ph1', '', ''),
(11155, 2555, 'test', NULL, 24, 0, 3, 1, 8, NULL, 3, 0, NULL, NULL, 6, 10, '<p>test</p>', 2000000, 3, '2012-03-30', '2012-10-31', '<p>test</p>', '<p>test</p>', 'test', '20', 'คน', 'ชุมชน', '<P>test</P>', 'test', 100, 'test', 'test', '', NULL, '2012-03-28 14:55:38', 'ph1', '', ''),
(11156, 2555, '55', NULL, 23, 0, 0, 0, 0, NULL, 0, 0, NULL, NULL, 6, NULL, NULL, NULL, NULL, NULL, NULL, NULL, '', '', '', '', '', '', '', 0, '', '', '', NULL, '2012-03-28 14:57:54', 'ph1', '', ''),
(11157, 2554, 'โครงการเสริมสร้างวัฒนธรรมองค์กรบุคลากร', NULL, 17, 0, 3, 2, 7, NULL, 3, 0, NULL, NULL, 5, 4, '<p>ปำปำปำป</p>', 253950, 3, '2011-05-08', '2011-05-09', '<p>เเ</p>', '<p>ทมิท ทมทมใทมทม</p>', 'บุคลากรสำนักงานคณบดี', '98', 'คน', 'อาคาร 6 ชั้น 2', 'เดเดืทิ', 'ท ท้', 0, '', '', '', NULL, '2012-03-28 15:09:32', 'ph5', '', ''),
(11158, 555, '555', NULL, 23, 0, 0, 0, 0, NULL, 0, 0, NULL, NULL, 5, 3, '<p>555</p>', 555, 2, '2012-03-05', '2012-03-15', '<p>555</p>', '<p>555</p>', '555', '555', '', '555', '555', '555', 0, '', '', '', NULL, '2012-03-28 15:19:14', 'ph6', '', '');
INSERT INTO `project` (`pro_id`, `budget_year`, `names`, `pro_code`, `DeID_main`, `DeID_join`, `sec_id`, `typ_id`, `str_id`, `str_goal_id`, `obj_id`, `sf_id`, `pol_id`, `poi_id`, `sub_id`, `act_id`, `reason`, `budget`, `bt_id`, `pro_start`, `pro_end`, `pro_obj`, `reason2`, `pro_target_group`, `pro_target_group_number`, `pro_target_group_unit`, `pro_area`, `pro_resource`, `pro_resource_from`, `pro_rate`, `pro_sum1`, `pro_sum2`, `status`, `pro_att`, `created`, `create_by`, `modified`, `modified_by`) VALUES
(11159, 25, 'ดกดดดดดดดดด', NULL, 23, 0, 2, 0, 5, NULL, 0, 0, NULL, NULL, NULL, NULL, NULL, NULL, NULL, NULL, NULL, NULL, '', '', '', '', '', '', '', 0, '', '', '', NULL, '2012-03-28 15:38:41', 'ph1', '', ''),
(11160, 25, 'กหหห', NULL, 23, 0, 0, 1, 0, NULL, 0, 0, NULL, NULL, 5, NULL, '<p>เเดดดดดดดดดด</p>', NULL, NULL, '2012-03-20', '2012-03-30', '<p>gggggggggg</p>', '', 'fffffffff', '', '', 'fffff', '', '', 0, '', '', '', NULL, '2012-03-28 15:39:35', 'ph1', '', '');

-- --------------------------------------------------------

--
-- Table structure for table `project_att`
--

DROP TABLE IF EXISTS `project_att`;
CREATE TABLE IF NOT EXISTS `project_att` (
  `id` int(5) NOT NULL auto_increment,
  `pro_id` int(20) NOT NULL,
  `display` varchar(200) NOT NULL,
  `attach` text NOT NULL,
  PRIMARY KEY  (`id`),
  KEY `fk` (`pro_id`)
) ENGINE=MyISAM DEFAULT CHARSET=tis620 AUTO_INCREMENT=1 ;

-- --------------------------------------------------------

--
-- Table structure for table `project_budtype`
--

DROP TABLE IF EXISTS `project_budtype`;
CREATE TABLE IF NOT EXISTS `project_budtype` (
  `id` int(11) NOT NULL auto_increment,
  `pro_id` int(11) NOT NULL,
  `bt_id` int(11) NOT NULL,
  `budget` decimal(10,2) NOT NULL,
  PRIMARY KEY  (`id`),
  KEY `pro_id` (`pro_id`,`bt_id`)
) ENGINE=MyISAM  DEFAULT CHARSET=utf8 AUTO_INCREMENT=4 ;

-- --------------------------------------------------------

--
-- Table structure for table `project_dep_res`
--

DROP TABLE IF EXISTS `project_dep_res`;
CREATE TABLE IF NOT EXISTS `project_dep_res` (
  `id` int(11) NOT NULL auto_increment,
  `pro_id` int(20) default NULL,
  `DeID` int(5) default NULL,
  `kind` varchar(10) default NULL COMMENT 'main,join',
  PRIMARY KEY  (`id`)
) ENGINE=MyISAM  DEFAULT CHARSET=tis620 AUTO_INCREMENT=3 ;

--
-- Dumping data for table `project_dep_res`
--

INSERT INTO `project_dep_res` (`id`, `pro_id`, `DeID`, `kind`) VALUES
(1, 74543, 25, 'main'),
(2, 74543, 23, 'join');

-- --------------------------------------------------------

--
-- Table structure for table `project_ind`
--

DROP TABLE IF EXISTS `project_ind`;
CREATE TABLE IF NOT EXISTS `project_ind` (
  `id` int(11) NOT NULL auto_increment,
  `pro_id` int(20) NOT NULL,
  `ind_name` varchar(200) NOT NULL,
  `ind_id` int(1) NOT NULL,
  `ind_type_id` varchar(5) NOT NULL,
  `a` int(1) NOT NULL COMMENT 'ปริมาณ',
  `q` int(1) NOT NULL COMMENT 'คุณภาพ',
  `t` int(1) NOT NULL COMMENT 'เวลา',
  `w` int(1) NOT NULL COMMENT 'คุ้มค่า',
  `plan` varchar(100) NOT NULL,
  `result` varchar(100) NOT NULL,
  `count` varchar(100) NOT NULL,
  PRIMARY KEY  (`id`)
) ENGINE=MyISAM  DEFAULT CHARSET=tis620 COMMENT='เก็บตัวชี้วัด' AUTO_INCREMENT=7 ;

--
-- Dumping data for table `project_ind`
--

INSERT INTO `project_ind` (`id`, `pro_id`, `ind_name`, `ind_id`, `ind_type_id`, `a`, `q`, `t`, `w`, `plan`, `result`, `count`) VALUES
(1, 11111, 'เอกสารกระบวนการจัดระบบและกลไกการประกันคุณภาพ', 1, '1', 0, 0, 0, 0, '1', '1', 'เล่ม'),
(2, 11112, 'ร้อยละของนักศึกษาที่เข้าร่วมแต่ละกิจกรรม', 1, '1', 0, 0, 0, 0, '90', '', '%'),
(3, 11112, 'ร้อยละของนักศึกษาที่ผ่านการอบรม', 1, '1', 0, 0, 0, 0, '90', '', '%'),
(4, 11112, 'ความพึงพอใจของนักศึกษาที่เข้าร่วมแต่ละกิจกรรม', 1, '2', 0, 0, 0, 0, '80', '', '%'),
(5, 11113, 'จำนวนโปรแกรมติดตามแผนปฏิบัติการของโครงการ', 1, '1', 0, 0, 0, 0, '1', '1', 'โปรแกรม'),
(6, 11113, 'จำนวนคู่มือการปฏิบัติงาน', 1, '1', 0, 0, 0, 0, '1', '1', 'เล่ม');

-- --------------------------------------------------------

--
-- Table structure for table `project_log`
--

DROP TABLE IF EXISTS `project_log`;
CREATE TABLE IF NOT EXISTS `project_log` (
  `id` int(11) NOT NULL auto_increment,
  `pro_id` int(20) NOT NULL,
  `per_id` varchar(20) NOT NULL,
  `per_name` varchar(200) default NULL,
  `DeID` int(11) NOT NULL,
  `per_tel` varchar(200) default NULL,
  `per_email` varchar(200) default NULL,
  `modified` datetime NOT NULL,
  `ip_log` varchar(15) NOT NULL,
  `status` int(1) NOT NULL COMMENT '0=present,1=follow,2=pa,3=att',
  PRIMARY KEY  (`id`),
  KEY `pro_id` (`pro_id`),
  KEY `per_id` (`per_id`),
  KEY `per_name` (`per_name`,`per_tel`,`per_email`)
) ENGINE=MyISAM  DEFAULT CHARSET=tis620 AUTO_INCREMENT=11 ;

--
-- Dumping data for table `project_log`
--

INSERT INTO `project_log` (`id`, `pro_id`, `per_id`, `per_name`, `DeID`, `per_tel`, `per_email`, `modified`, `ip_log`, `status`) VALUES
(1, 11111, '', 'มาสวไลย ขำแนวนาค', 23, '1126', 'temkn@mahidol.ac.th', '2012-03-20 13:58:37', '10.13.6.8', 2),
(2, 11111, '', 'มาสวไลย ขำแนวนาค', 23, '1126', 'temkn@mahidol.ac.th', '2012-03-20 14:06:11', '10.13.6.8', 1),
(3, 11111, '', 'มาสวไลย ขำแนวนาค', 23, '1126', 'temkn@mahidol.ac.th', '2012-03-20 14:13:26', '10.13.6.8', 1),
(4, 11111, '', 'มาสวไลย ขำแนวนาค', 23, '1126', 'temkn@mahidol.ac.th', '2012-03-20 14:15:23', '10.13.6.8', 2),
(5, 11111, '', 'มาสวไลย ขำแนวนาค', 23, '1126', 'temkn@mahidol.ac.th', '2012-03-20 14:16:28', '10.13.6.8', 2),
(6, 11111, '', 'มาสวไลย ขำแนวนาค', 23, '1126', 'temkn@mahidol.ac.th', '2012-03-20 14:23:13', '10.13.6.8', 1),
(7, 11113, '', 'สุดใจ  ประทีปทอง', 23, '02 640 9835', 'phspg@mahidol.ac.th', '2012-03-20 14:29:28', '10.13.6.7', 2),
(8, 11113, '', 'สุดใจ  ประทีปทอง', 23, '02 6409835', 'phspg@mahidol.ac.th', '2012-03-20 14:33:01', '10.13.6.7', 1),
(9, 11111, '', '1', 25, '1', '1', '2012-03-20 15:02:02', '10.13.6.129', 1),
(10, 11111, '', '1', 25, '1', '1', '2012-03-20 15:04:31', '10.13.6.129', 2);

-- --------------------------------------------------------

--
-- Table structure for table `project_pay`
--

DROP TABLE IF EXISTS `project_pay`;
CREATE TABLE IF NOT EXISTS `project_pay` (
  `id` int(20) NOT NULL auto_increment,
  `pro_id` int(20) NOT NULL,
  `pay` varchar(200) NOT NULL,
  `quarter1` varchar(255) NOT NULL,
  `q11` varchar(11) NOT NULL,
  `quarter2` varchar(255) NOT NULL,
  `q22` varchar(11) NOT NULL,
  `quarter3` varchar(255) NOT NULL,
  `q33` varchar(11) NOT NULL,
  `quarter4` varchar(255) NOT NULL,
  `q44` varchar(11) NOT NULL,
  PRIMARY KEY  (`id`),
  KEY `pay` (`pay`)
) ENGINE=MyISAM  DEFAULT CHARSET=tis620 AUTO_INCREMENT=5 ;

--
-- Dumping data for table `project_pay`
--

INSERT INTO `project_pay` (`id`, `pro_id`, `pay`, `quarter1`, `q11`, `quarter2`, `q22`, `quarter3`, `q33`, `quarter4`, `q44`) VALUES
(1, 11116, '', '/', '0', '/', '0', '/', '0', '/', '0'),
(2, 11111, '', '/', '0', '15,000/', '5000', '/', '5000', '35,000/', '5000'),
(3, 11112, '', '100,000.0/', '0', '/', '0', '/', '0', '/', '0'),
(4, 11113, '', '10,000.00/', '10', '30,000.00/', '30', '20,000.00/', '30', '10,000.00/', '30');

-- --------------------------------------------------------

--
-- Table structure for table `project_pol`
--

DROP TABLE IF EXISTS `project_pol`;
CREATE TABLE IF NOT EXISTS `project_pol` (
  `id` int(5) NOT NULL auto_increment,
  `pro_id` varchar(20) default NULL,
  `sub_id` int(2) default NULL,
  PRIMARY KEY  (`id`),
  KEY `pro_id` (`pro_id`,`sub_id`)
) ENGINE=MyISAM DEFAULT CHARSET=utf8 COMMENT='เก็บนโยบายรัฐบาล' AUTO_INCREMENT=1 ;

-- --------------------------------------------------------

--
-- Table structure for table `project_res`
--

DROP TABLE IF EXISTS `project_res`;
CREATE TABLE IF NOT EXISTS `project_res` (
  `id` int(11) NOT NULL auto_increment,
  `pro_id` int(20) default NULL,
  `per_id` varchar(20) default NULL,
  `names` text,
  `position` varchar(255) NOT NULL,
  `mission` varchar(255) NOT NULL,
  PRIMARY KEY  (`id`),
  KEY `fk` (`pro_id`)
) ENGINE=MyISAM  DEFAULT CHARSET=tis620 AUTO_INCREMENT=15 ;

--
-- Dumping data for table `project_res`
--

INSERT INTO `project_res` (`id`, `pro_id`, `per_id`, `names`, `position`, `mission`) VALUES
(1, 11111, NULL, 'รศ.ภูษิตา อินทรประสงค์', 'ผู้รับผิดชอบโครงการ', 'ที่ปรึกษา'),
(2, 11112, NULL, 'ผู้ช่วยศาสตราจารย์ ดร.ขวัญใจ  อำนาจสัตย์ซื่อ', '', ''),
(3, 11112, NULL, 'ร่วมกับรองคณบดีฝ่ายบริหารการศึกษา', '', ''),
(4, 11113, NULL, 'รศ. ภูษิตา  อินทรประสงค์', 'ผู้รับผิดชอบโครงการ', 'ที่ปรึกษาโครงการ'),
(5, 11113, NULL, 'ผศ. สุมาลี  สิงหนิยม', 'ผู้รับผิดชอบโครงการ', 'ที่ปรึกษาโครงการ'),
(6, 11114, NULL, 'รศ.ชาญชุติ จรรยาสัณห์', '', 'ที่ปรึกษาโครงการ'),
(7, 11114, NULL, 'นางสาวเจนจิรา นาทะทอง', '', 'ผู้ดำเนินโครงการ/ประสานงาน'),
(8, 11114, NULL, 'นายสยาม บุญเขียว', '', 'ผู้ดำเนินโครงการ/ประสานงาน'),
(9, 11114, NULL, 'Mr. Hans Gustav-Schwartz', '', 'ผู้ดำเนินโครงการ/ประสานงาน'),
(10, 11115, NULL, 'รศ.ชาญชุติ จรรยาสัณห์', '', 'ที่ปรึกษาโครงการ'),
(11, 11115, NULL, 'น.ส.เจนจิรา นาทะทอง', '', 'ผู้ดำเนินโครงการ/ประสาน'),
(12, 11115, NULL, 'นายสยาม บุญเขียว', '', ''),
(13, 11115, NULL, '', '', ''),
(14, 11116, NULL, 'นายจักรพันธ์ จารุภูมิ', 'โปรแกรมเมอร์', 'พัฒนาระบบ');

-- --------------------------------------------------------

--
-- Table structure for table `project_step`
--

DROP TABLE IF EXISTS `project_step`;
CREATE TABLE IF NOT EXISTS `project_step` (
  `id` int(11) NOT NULL auto_increment,
  `pro_id` int(20) NOT NULL,
  `date_step` varchar(50) NOT NULL,
  `step` int(5) NOT NULL,
  `act_step` text NOT NULL,
  `plan_step` int(3) NOT NULL,
  `bug_step` varchar(20) NOT NULL,
  `result_step` varchar(10) NOT NULL,
  `result_persent` int(3) NOT NULL,
  `problem_step` varchar(255) NOT NULL,
  `sum_step` text NOT NULL,
  PRIMARY KEY  (`id`)
) ENGINE=MyISAM  DEFAULT CHARSET=tis620 AUTO_INCREMENT=12 ;

--
-- Dumping data for table `project_step`
--

INSERT INTO `project_step` (`id`, `pro_id`, `date_step`, `step`, `act_step`, `plan_step`, `bug_step`, `result_step`, `result_persent`, `problem_step`, `sum_step`) VALUES
(1, 11111, 'ตุลาคม 2554', 1, 'วิเคราะห์เอกสารการประชุมคณะกรรมการพัฒนาคุณภาพ คณะสาธารณสุขศาสตร์', 0, '0', '', 0, '', ''),
(2, 11115, '1 ต.ค.53-30 ก.ย.2554', 1, '1. เจราเบื้องต้นกับหน่วยงาน', 0, '', '', 0, '', ''),
(3, 11111, 'มกราคม - มีนาคม 2555', 2, 'เรียบเรียงและเขียนเป็นกระบวนงาน และ flow chart การดำเนินงาน', 0, '15000', '', 0, '', ''),
(4, 11111, 'สิงหาคม 2555', 2, 'แก้ไข/ปรับปรุงตามที่มีผู้เสนอแนะ และจัดทำรูปเล่ม', 0, '35000', '', 0, '', ''),
(5, 11112, 'ตุลาคม 54', 1, 'ประชุมกรรมการ เตรียมงาน', 0, '', '', 0, '', ''),
(6, 11113, 'ธค.54', 1, '1.  ศึกษาโปรแกรมการวิเคราะห์ความเสี่ยงของสถาบันบำราศนราดูร', 0, '5000', '', 0, '', ''),
(7, 11112, 'ตุลาคม 54', 1, 'ส่งโครงการขอนุมัติหลักการ', 0, '', '', 0, '', ''),
(8, 11113, 'มค.55', 1, '2.  วิเคราะห์สภาพปัญหาที่เกิดจากการติดตามการบริหารจัดการความเสี่ยง', 0, '10000', '', 0, '', ''),
(9, 11112, 'พ.ย.-ธ.ค.54', 2, 'ดำเนินการประชาสัมพันธ์ผ่านสโมสรนักศึกษาและผู้แทนจากแต่ละสาขาและภาควิชา และผ่านาสื่อ Website', 0, '', '', 0, '', ''),
(10, 11112, 'ธ.ค.-ก.ย.55', 2, 'โครงการพัฒนาศักยภาพด้านการสื่อสารระหว่างวัฒนธรรมของนักศึกษา', 0, '40000.00', '', 0, '', ''),
(11, 11112, 'ธ.ค.-ก.ย.55', 2, '.โครงการแลกเปลี่ยนนักศึกษา อาจารย์ และเจ้าหน้าที่ระหว่างวัฒนธรรม', 0, '60,000.00', '', 0, '', '');

-- --------------------------------------------------------

--
-- Table structure for table `project_str_fac`
--

DROP TABLE IF EXISTS `project_str_fac`;
CREATE TABLE IF NOT EXISTS `project_str_fac` (
  `id` int(4) NOT NULL auto_increment,
  `pro_id` varchar(20) default NULL,
  `str_fac_id` varchar(2) default NULL,
  PRIMARY KEY  (`id`)
) ENGINE=MyISAM DEFAULT CHARSET=utf8 COMMENT='ยุทธศาสตร์คณะ' AUTO_INCREMENT=1 ;

-- --------------------------------------------------------

--
-- Table structure for table `project_suc`
--

DROP TABLE IF EXISTS `project_suc`;
CREATE TABLE IF NOT EXISTS `project_suc` (
  `id` int(11) NOT NULL auto_increment,
  `pro_id` int(20) NOT NULL,
  `suc_id` int(11) NOT NULL,
  `comment` text NOT NULL,
  PRIMARY KEY  (`id`)
) ENGINE=MyISAM  DEFAULT CHARSET=tis620 AUTO_INCREMENT=13 ;

--
-- Dumping data for table `project_suc`
--

INSERT INTO `project_suc` (`id`, `pro_id`, `suc_id`, `comment`) VALUES
(1, 11111, 2, ''),
(2, 11111, 5, ''),
(3, 11111, 1, ''),
(4, 11111, 2, ''),
(5, 11111, 3, ''),
(6, 11111, 5, ''),
(7, 11111, 5, ''),
(8, 11113, 2, ''),
(9, 11113, 3, ''),
(10, 11113, 4, ''),
(11, 11113, 5, ''),
(12, 11111, 4, '');

-- --------------------------------------------------------

--
-- Table structure for table `section`
--

DROP TABLE IF EXISTS `section`;
CREATE TABLE IF NOT EXISTS `section` (
  `sec_id` int(11) NOT NULL auto_increment,
  `section` text NOT NULL,
  `comment` text,
  PRIMARY KEY  (`sec_id`)
) ENGINE=MyISAM  DEFAULT CHARSET=tis620 AUTO_INCREMENT=4 ;

--
-- Dumping data for table `section`
--

INSERT INTO `section` (`sec_id`, `section`, `comment`) VALUES
(1, 'งานประจำ', 'โครงการที่บุคลากรกิจกรรมที่ปฏิบัติทุกวัน'),
(2, 'พัฒนางานประจำ', 'โครงการที่มีการปรับปรุง การเปลี่ยนแปลงกิจกรรมที่ปฏิบัติทุกวันให้สะดวก รวดเร็ว ลดขั้นตอนการปฏิบัติงานให้ดียิ่งขึ้นไปกว่าเดิม'),
(3, 'งานผลักดันยุทธศาสตร์', 'โครงการที่มีกิจกรรมเพื่อทำให้เป้าหมาย ยุทธศาสตร์ พันธกิจ และวิสัยทัศน์ของ\r\nคณะฯ และมหาวิทยาลัยบรรลุผลตามที่ตั้งใจ');

-- --------------------------------------------------------

--
-- Table structure for table `strategic`
--

DROP TABLE IF EXISTS `strategic`;
CREATE TABLE IF NOT EXISTS `strategic` (
  `str_id` int(11) NOT NULL auto_increment,
  `strategic_th` text,
  `strategic_en` text,
  `parent` int(11) NOT NULL,
  `modified` char(20) NOT NULL,
  PRIMARY KEY  (`str_id`)
) ENGINE=MyISAM  DEFAULT CHARSET=tis620 AUTO_INCREMENT=3 ;

--
-- Dumping data for table `strategic`
--

INSERT INTO `strategic` (`str_id`, `strategic_th`, `strategic_en`, `parent`, `modified`) VALUES
(1, 'ยุทธศาสตร์ผลักดัน', NULL, 0, ''),
(2, 'ยุทธศาสตร์ช่วยขับเคลื่อนการดำเนินงาน', NULL, 0, '');

-- --------------------------------------------------------

--
-- Table structure for table `strategic_faculty`
--

DROP TABLE IF EXISTS `strategic_faculty`;
CREATE TABLE IF NOT EXISTS `strategic_faculty` (
  `sf_id` int(11) NOT NULL auto_increment,
  `sf_name` varchar(255) default NULL,
  `sf_parent` int(11) default NULL,
  `modified` char(20) default NULL,
  PRIMARY KEY  (`sf_id`),
  KEY `sf_name` (`sf_name`,`sf_parent`)
) ENGINE=MyISAM  DEFAULT CHARSET=utf8 COMMENT='ยุทธศาสตร์_L1' AUTO_INCREMENT=7 ;

--
-- Dumping data for table `strategic_faculty`
--

INSERT INTO `strategic_faculty` (`sf_id`, `sf_name`, `sf_parent`, `modified`) VALUES
(1, '1. สร้างความเข้มแข็งของเครือข่ายงานวิจัยและการศึกษา', 0, ''),
(2, '2. พัฒนาวิชาการโดย ใช้กลไกการตลาด ผ่านเครือข่ายทั้งใน ระดับชาติและ นานาชาติ', 0, ''),
(3, '3. พัฒนาการบริหาร จัดการงานวิจัย หลักสูตร ระบบ สารสนเทศเพื่อการ จัดการและบริการวิชาการสู่การ แข่งขันเชิงพาณิชย์', NULL, NULL),
(4, '4. พัฒนาและบริหาร ทรัพยากรให้เกิด ประโยชน์สูงสุด', NULL, NULL);

-- --------------------------------------------------------

--
-- Table structure for table `str_fac2`
--

DROP TABLE IF EXISTS `str_fac2`;
CREATE TABLE IF NOT EXISTS `str_fac2` (
  `id` int(2) NOT NULL auto_increment,
  `name` text,
  `sf_id` int(2) default NULL,
  PRIMARY KEY  (`id`)
) ENGINE=MyISAM  DEFAULT CHARSET=utf8 COMMENT='ยุทธศาสตร์_L2' AUTO_INCREMENT=14 ;

--
-- Dumping data for table `str_fac2`
--

INSERT INTO `str_fac2` (`id`, `name`, `sf_id`) VALUES
(1, '1.1เพิ่มบทบาทคณะ\r\nสาธารณสุขศาสตร์\r\nในสังคมประเทศ\r\nไทยและนานาชาติ', 1),
(2, '1.2 เสริมสร้างความ\r\nแข็งแกร่งทางวิชา\r\nการและวิจัยทั้งใน\r\nศาสตร์เดียวกัน\r\nและการบูรณาการ\r\nระหว่างศาสตร์และ\r\nเครือข่ายในสังคมประเทศไทยและ\r\nนานาชาติ', 1),
(3, '2.1 สร้างความ\r\nสามารถการ\r\nแข่งขันให้สูงขึ้น\r\nโดยใช้กลไกตลาด', 2),
(4, '2.2 แสวงหาทุนวิจัย\r\nและทุนสนับสนุน\r\nวิชาการเพิ่มขึ้น', 2),
(5, '2.3 พัฒนาการประชา\r\nสัมพันธ์เชิงรุก', 2),
(6, '3.1 ส่งเสริมให้มีการนำ\r\nความรู้และประสบ\r\nการณ์จากการ\r\nบริการวิชาการ/\r\nการวิจัยสู่การเรียน การสอน', 3),
(7, '3.2 สร้างบัณฑิตคณะ\r\nสาธารณสุขศาสตร์\r\nให้มีคุณภาพและ\r\nเอกลักษณ์', 3),
(8, '3.3 พัฒนาระบบ\r\nเทคโนโลยีสารสน-\r\nเทศเพื่อการ\r\nบริหารและการ\r\nบริการวิชาการ', 3),
(9, '4.1 สร้างธรรมาภิบาล\r\nการบริหาร', 4),
(10, '4.2ใช้งบประมาณอย่าง\r\nคุ้มค่า', 4),
(11, '4.3พัฒนาระบบบริหาร\r\nทรัพยากรบุคคล\r\nของคณะ', 4),
(12, '4.4เพิ่มความคล่องตัว\r\nในการบริหาร', 4);

-- --------------------------------------------------------

--
-- Table structure for table `str_fac3`
--

DROP TABLE IF EXISTS `str_fac3`;
CREATE TABLE IF NOT EXISTS `str_fac3` (
  `id` int(2) NOT NULL auto_increment,
  `name` text NOT NULL,
  `parent1` int(2) NOT NULL,
  `parent2` int(2) NOT NULL,
  PRIMARY KEY  (`id`)
) ENGINE=MyISAM  DEFAULT CHARSET=utf8 COMMENT='ยุทธศาสตร์_L3' AUTO_INCREMENT=24 ;

--
-- Dumping data for table `str_fac3`
--

INSERT INTO `str_fac3` (`id`, `name`, `parent1`, `parent2`) VALUES
(1, '1.1.1จำ นวนบทความวิจัย\r\nตีพิมพ์ในวารสารวิชาการ\r\nระดับชาติและนานาชาติ\r\n(เฉลี่ย 1 เรื่อง/คน/ปี)\r\n(ปี 2554, 2555)', 1, 1),
(2, '1.1.2 ร้อยละของดัชนีการอ้าง\r\nอิงที่เพิ่มขึ้นเมื่อเทียบกับ\r\nปีงบประมาณที่ผ่านมา\r\n(ร้อยละ 10/ปี)', 1, 1),
(3, '1.1.3จำนวนงานวิจัยที่จด\r\nทรัพย์สินทางปัญญา\r\n(1 ชิ้นงาน/ปี)', 1, 1),
(4, '1.1.4ร้อยละผลงานวิจัยที่\r\nนำไปใช้ประโยชน์ใน\r\nระดับประเทศ(ร้อยละ10\r\nของผลงานวิจัย)', 1, 1),
(5, '1.2.1จำนวนโครงการความ\r\nร่วมมือทางวิชาการ\r\nระหว่างศาสตร์และ\r\nเครือข่ายในประเทศและ\r\nนานาชาติ(5 โครงการ/ปี)', 1, 2),
(6, '2.1.1 ระดับความพึงพอใจของ\r\nผู้ใช้บัณฑิตไม่ต่ำกว่า4\r\nต่อ 5 คะแนน', 2, 3),
(7, '2.1.2 อัตราการได้งานของ\r\nบัณฑิต (ตามเกณฑ์\r\nมหาวิทยาลัย)', 2, 3),
(8, '2.2.1 อัตราส่วนระหว่างทุน\r\nสนับสนุนที่ได้รับต่อ\r\nแหล่งทุนที่เสนอขอ', 2, 4),
(9, '2.2.2 ร้อยละของงบประมาณที่\r\nได้รับจากหน่วยงาน\r\nภายนอกเมื่อเทียบกับ\r\nปีงบประมาณที่ผ่านมา\r\n(ร้อยละ50)', 2, 4),
(10, '2.3.1 ร้อยละของการรับรู้ของ\r\nประชาคมในคณะ\r\n(1. ร้อยละ 70-80 ของบุคลากร\r\nทั้งหมด)\r\n(2. ร้อยละ 80 ของจำนวนเรื่อง\r\nได้รับการประชาสัมพันธ์ใน\r\nคณะ)', 2, 5),
(11, '2.3.2 จำนวนเรื่อง/โครงการที่\r\nได้ดำเนินการประชา\r\nสัมพันธ์เชิงรุกในระดับ\r\nประเทศ (ร้อยละ20)\r\nและระดับนานาชาติ\r\n(ร้อยละ 5)', 2, 5),
(12, '3.1.1 จำนวนเอกสารคำสอน\r\nและตำราที่เรียบเรียงจาก\r\nผลงานวิชาการและวิจัย\r\nของตนเองและนักคิดอื่น\r\n(1. เอกสารคำสอน 20 ชุด/ปี 2. ตำรา 10 เล่ม/ปี)', 3, 6),
(13, '3.1.2 ร้อยละของงานวิจัยที่\r\nนำไปสู่การเรียนการ\r\nสอนเมื่อเทียบกับจำนวน\r\nงานวิจัยทั้งหมด\r\n(ร้อยละ 80)', 3, 6),
(14, '3.2.1 ระดับความพึงพอใจของ\r\nผู้ใช้บัณฑิตทุกระดับ\r\n(ร้อยละ 80)', 3, 7),
(15, '3.2.2จำนวนรางวัลที่บัณฑิต\r\nได้รับจากสังคม\r\n(10 รางวัล/ปี)', 3, 7),
(16, '3.3.1 จำนวนฐานข้อมูลที่\r\nทันสมัย (ทุกฐานข้อมูล)', 3, 8),
(17, '3.3.2 จำนวนสารสนเทศที่\r\nผู้บริหารนำไปใช้ในการ\r\nบริหารและบริการ\r\nวิชาการ (10 เรื่อง)', 3, 8),
(18, '4.1.1จำนวนเรื่องร้องเรียน\r\n(ไม่มีเรื่องร้องเรียน)', 4, 9),
(19, '4.2.1ร้อยละของอัตราการเบิก\r\nจ่ายเงินงบประมาณ\r\nรายจ่ายลงทุน/รายจ่าย\r\nรวม (ร้อยละ 95)', 4, 10),
(20, '4.2.2ร้อยละของความสำเร็จ\r\nตามเป้าหมายผลผลิต\r\n(ร้อยละ 85)', 4, 10),
(21, '4.3.1จำนวนชั่วโมงต่อบุคลากร\r\nที่เข้ารับการฝึกอบรมเพื่อ\r\nพัฒนาตนเอง\r\n(20 ชั่วโมง/คน)', 4, 11),
(22, '4.4.1ร้อยละความสำเร็จของ\r\nหน่วยงานในการลดระยะเวลาการให้บริการ\r\nของหน่วยงานบริการ\r\n(1 หน่วย/ปี)', 4, 12);

-- --------------------------------------------------------

--
-- Table structure for table `str_goal`
--

DROP TABLE IF EXISTS `str_goal`;
CREATE TABLE IF NOT EXISTS `str_goal` (
  `id` int(11) NOT NULL auto_increment,
  `name` varchar(200) default NULL,
  `sub_str_id` int(2) default NULL,
  `str_id` int(2) default NULL,
  PRIMARY KEY  (`id`)
) ENGINE=MyISAM  DEFAULT CHARSET=utf8 AUTO_INCREMENT=11 ;

--
-- Dumping data for table `str_goal`
--

INSERT INTO `str_goal` (`id`, `name`, `sub_str_id`, `str_id`) VALUES
(1, '1. จำนวนบทความ ตีพิมพ์ในวารสาร ระดับนานาชาติ เฉลี่ย 1 บทความ ต่อบุคลากรสาย วิชาการต่อปี', 3, 1),
(2, '2. จำนวนดัชนีการ อ้างอิง(Citation Index) เพิ่มขึ้น 10% ต่อปี', 3, 1),
(3, '3. รายได้ที่เกิดจาก ทรัพย์สินทาง ปัญญญาของ มหาวิทยาลัย มหิดลเพิ่มขึ้น 5% ต่อปี', 3, 1),
(4, '1. จำนวนผลงานโดด เด่น/รางวัล ของ นักศึกษาและ บุคลากร', 4, 1),
(5, '2. อัตราการได้งาน ของบัณฑิต', 4, 1),
(6, '3. ผู้ใช้บัณฑิตมีความ พึงพอใจไม่ต่ำกว่า ระดับ 4ต่อ5คะแนน', 4, 1),
(7, '1. ร้อยละของ ผู้รับบริการที่มี ความพึงพอใจใน การบริการไม่ต่ำ กว่า ระดับ 3.75 ต่อ 5 คะแนน', 5, 1),
(8, '2. บุคลากรหรือ มหาวิทยาลัยได้รับ การรับรองคุณภาพ ระดับชาติหรือ นานาชาติ และ/ หรือรางวัลจากการ บริการสุขภาพใน ระดับประเทศ/โลก ทุกปี', 5, 1),
(9, '3. จำนวนนวัตกรรม ด้านบริการที่ เพิ่มขึ้นต่อปี', 5, 1),
(10, '1. มหาวิทยาลัยมหิดล ได้รับการจัดอันดับ ดีขึ้นในระดับโลก', 6, 1);

-- --------------------------------------------------------

--
-- Table structure for table `sub_point_policy`
--

DROP TABLE IF EXISTS `sub_point_policy`;
CREATE TABLE IF NOT EXISTS `sub_point_policy` (
  `sub_id` int(11) NOT NULL auto_increment,
  `subname` text NOT NULL,
  `poi_id` int(11) NOT NULL,
  `pol_id` int(5) NOT NULL,
  `modified` char(20) NOT NULL,
  PRIMARY KEY  (`sub_id`),
  KEY `fk` (`poi_id`),
  KEY `fk2` (`pol_id`)
) ENGINE=MyISAM  DEFAULT CHARSET=tis620 AUTO_INCREMENT=7 ;

--
-- Dumping data for table `sub_point_policy`
--

INSERT INTO `sub_point_policy` (`sub_id`, `subname`, `poi_id`, `pol_id`, `modified`) VALUES
(1, 'เร่งรัดพัฒนาคุณภาพการศึกษาทุกระดับ ทุกประเภท ตั้งแต่ระดับการศึกษาขั้นพื้นฐาน\r\nจนถึงระดับอุดมศึกษา รวมถึงการศึกษาตลอดชีวิต พร้อมทั้งสร้างกระบวนการเรียนรู้\r\nปลูกฝังจิตสำนึก ค่านิยม คุณธรรมวัฒนธรรมตามหลักเศรษฐกิจพอเพียงแก่ผู้เรียน\r\nโดยความร่วมมือของเครือข่าย บ้าน สถาบัน ศาสนา สถานศึกษา ชุมชนและสื่อ', 1, 1, ''),
(2, 'ให้มีการปฏิรูปการเงินการคลัง เพื่อการศึกษาที่เป็นระบบอย่างจริงจัง เพื่อให้การ\r\nลงทุนด้านการศึกษา และการเรียนรู้มีความเหมาะสมยิ่งขึ้น เน้นการระดมความ\r\nร่วมมือทุกภาคส่วนเพื่อพัฒนาการศึกษา', 1, 1, ''),
(3, 'ปรับระบบการคัดเลือกเข้าศึกษาต่อระดับอุดมศึกษาให้มีความเป็นธรรม สามารถ\r\nคัดเลือกผู้เรียนได้ ศึกษาต่อตามความต้องการและความถนัดอย่างแท้จริง', 1, 1, ''),
(4, 'พัฒนาระบบบริหารจัดการและกฎหมายด้านการศึกษา โดยการส่งเสริมสนับสนุนการ\r\nกระจายอำนาจการจัดการศึกษา ส่งเสริมการมีส่วนร่วมในการจัดการศึกษา ควบคู่กับ\r\nเร่งรัดการถ่ายโอนสถานศึกษาที่ผ่าน การประเมินความพร้อมให้แก่องค์กรปกครอง\r\nส่วนท้องถิ่น พร้อมทั้งพัฒนาบุคลากร ระบบการบริหารและจัดการศึกษา การจัดการ\r\nความรู้ขององค์กรปกครองส่วนท้องถิ่นให้มีศักยภาพในการจัดการศึกษา', 1, 1, ''),
(5, 'กำหนดแผนการผลิต และพัฒนาครู คณาจารย์อย่างเป็นระบบให้สอดคล้องกับสภาพ\r\nการใช้และความ ต้องการ รวมทั้งสร้างกระบวนการในการคัดเลือกคนเก่ง คนดีเข้ามา\r\nเป็นครูโดยการสร้างสิ่งจูงใจให้เด็กเก่งสนใจเข้าเรียนต่อครูเพิ่มขึ้น อาทิ การให้ทุนการ\r\nศึกษา การสร้างความมั่นใจ ความก้าวหน้าของ อาชีพครู เช่น รายได้ค่าตอบแทนและ\r\nสวัสดิการที่มีความเหมาะสมและสามารถดำรงชีวิตได้อย่างมีศักดิ์ศรี', 2, 1, ''),
(6, 'สร้างเสริม และพัฒนาทักษะด้านการใช้เทคโนโลยีสารสนเทศ เพื่อรองรับและใช้\r\nประโยชน์ จากระบบเทคโนโลยีสารสนเทศได้อย่างคุ้มค่า', 2, 1, '');

-- --------------------------------------------------------

--
-- Table structure for table `sub_strategic`
--

DROP TABLE IF EXISTS `sub_strategic`;
CREATE TABLE IF NOT EXISTS `sub_strategic` (
  `id` int(11) NOT NULL auto_increment,
  `nameth` text,
  `nameen` text,
  `parent` int(11) default NULL,
  `modified` char(20) NOT NULL,
  PRIMARY KEY  (`id`),
  KEY `fk` (`parent`)
) ENGINE=MyISAM  DEFAULT CHARSET=tis620 AUTO_INCREMENT=10 ;

--
-- Dumping data for table `sub_strategic`
--

INSERT INTO `sub_strategic` (`id`, `nameth`, `nameen`, `parent`, `modified`) VALUES
(3, 'สร้างความเป็นเลิศในการวิจัย', 'Research Excellence', 1, ''),
(4, 'สร้างองค์กรแห่งการเรียนรู้และความเป็นเลิศทางวิชาการ', 'Teaching and Learning Excellence', 1, ''),
(5, 'สร้างความเป็นเลิศในการบริการสุขภาพและบริการวิชาการ', 'Health Care and Services Excellence', 1, ''),
(6, 'สร้างความเป็นสากล', 'Internationalization', 1, ''),
(7, 'ประสานความกลมกลืนในความหลากหลาย', 'Harmony in Diversity', 2, ''),
(8, 'การใช้เทคโนโลยีสารสนเทศและการสื่อสารเป็นพื้นฐาน', 'ICT - Based University', 2, ''),
(9, 'ใช้ทรัพยากรให้เกิดประโยชน์สูงสุด', 'Resources Optimization', 2, '');

-- --------------------------------------------------------

--
-- Table structure for table `success`
--

DROP TABLE IF EXISTS `success`;
CREATE TABLE IF NOT EXISTS `success` (
  `suc_id` int(11) NOT NULL auto_increment,
  `suc_name` varchar(50) NOT NULL,
  PRIMARY KEY  (`suc_id`)
) ENGINE=MyISAM  DEFAULT CHARSET=tis620 AUTO_INCREMENT=7 ;

--
-- Dumping data for table `success`
--

INSERT INTO `success` (`suc_id`, `suc_name`) VALUES
(1, 'มีการดำเนินการตามแผน'),
(2, 'เป็นไปตามกำหนดเวลา'),
(3, 'ตรงตามวัตถุประสงค์'),
(4, 'บรรลุเป้าหมาย'),
(5, 'มีการติดตามประเมินผล'),
(6, 'อื่นๆ');

-- --------------------------------------------------------

--
-- Table structure for table `type_section`
--

DROP TABLE IF EXISTS `type_section`;
CREATE TABLE IF NOT EXISTS `type_section` (
  `typ_id` int(11) NOT NULL auto_increment,
  `type_s` text NOT NULL,
  `comment` text,
  PRIMARY KEY  (`typ_id`)
) ENGINE=MyISAM  DEFAULT CHARSET=tis620 AUTO_INCREMENT=3 ;

--
-- Dumping data for table `type_section`
--

INSERT INTO `type_section` (`typ_id`, `type_s`, `comment`) VALUES
(1, 'โครงการต่อเนื่อง', 'โครงการที่มีกิจกรรมตามขั้นตอนต่อเนื่องมาตั้งแต่ปีงบประมาณที่ผ่านมา'),
(2, 'โครงการใหม่', 'โครงการที่คิดใหม่ ทำใหม่ เพื่อพัฒนางนประจำ หรือผลักดันยุทธศาสตร์');

-- --------------------------------------------------------

--
-- Table structure for table `usergroup`
--

DROP TABLE IF EXISTS `usergroup`;
CREATE TABLE IF NOT EXISTS `usergroup` (
  `id` varchar(10) NOT NULL,
  `groups` varchar(50) default NULL,
  `comment` text NOT NULL,
  PRIMARY KEY  (`id`)
) ENGINE=MyISAM DEFAULT CHARSET=tis620;

--
-- Dumping data for table `usergroup`
--

INSERT INTO `usergroup` (`id`, `groups`, `comment`) VALUES
('00001', 'Administrator', 'จัดการในส่วนข้อมูลตั้งต้นของระบบ (Master Data)'),
('00002', 'เจ้าหน้าที่นโยบายและแผน', 'จัดการในส่วนของโครงการได้ทั้งหมด (ทั้งที่ของส่วนงานตังเอง และของส่วนงานต่างๆ)'),
('00003', 'ภาควิชา/ส่วนงาน', 'จัดการในส่วนของโครงการได้เฉพาะที่เป็นของส่วนงานตัวเอง'),
('00004', 'ดูรายงาน', '');

-- --------------------------------------------------------

--
-- Table structure for table `user_log`
--

DROP TABLE IF EXISTS `user_log`;
CREATE TABLE IF NOT EXISTS `user_log` (
  `id` int(11) NOT NULL auto_increment,
  `per_id` text NOT NULL,
  `dates` text NOT NULL,
  `ip` text NOT NULL,
  `event` text NOT NULL,
  PRIMARY KEY  (`id`),
  FULLTEXT KEY `event` (`event`)
) ENGINE=MyISAM  DEFAULT CHARSET=tis620 AUTO_INCREMENT=582 ;

--
-- Dumping data for table `user_log`
--

INSERT INTO `user_log` (`id`, `per_id`, `dates`, `ip`, `event`) VALUES
(1, 'ph1', '2012-03-19 22:26:20', '58.9.113.228', ''),
(2, '111', '2012-03-19 22:23:17', '58.9.113.228', ''),
(3, 'ph1', '2012-03-19 22:19:19', '58.9.113.228', ''),
(4, '111', '2012-03-19 21:58:57', '58.9.113.228', ''),
(5, 'ph1', '2012-03-19 15:58:01', '10.13.4.22', ''),
(6, 'phit', '2012-03-19 15:57:52', '10.13.4.22', ''),
(7, '111', '2012-03-19 15:34:45', '10.13.4.22', ''),
(8, 'ph1', '2011-12-05 11:11:01', '110.168.187.52', ''),
(9, 'ph1', '2011-11-25 10:18:58', '10.13.4.22', ''),
(10, '111', '2011-11-24 11:41:07', '10.13.4.22', ''),
(11, 'ph1', '2011-11-24 09:32:22', '10.13.5.1', ''),
(12, '111', '2011-11-24 09:29:36', '10.13.4.22', ''),
(13, 'ph3', '2011-11-24 09:29:18', '10.13.4.20', ''),
(14, 'ph3', '2011-11-24 09:25:20', '10.13.4.20', ''),
(15, 'ph3', '2011-11-24 09:12:32', '10.13.4.20', ''),
(16, 'ph3', '2011-11-24 09:08:33', '10.13.4.20', ''),
(17, 'ph1', '2011-11-24 09:00:39', '10.13.3.91', ''),
(18, 'ph4', '2011-11-23 21:15:30', '10.13.4.22', ''),
(19, 'ph3', '2011-11-23 21:15:17', '10.13.4.22', ''),
(20, 'ph2', '2011-11-23 21:15:07', '10.13.4.22', ''),
(21, 'ph1', '2011-11-23 21:14:58', '10.13.4.22', ''),
(22, 'ph3', '2011-11-23 16:25:36', '10.13.4.22', ''),
(23, '111', '2011-11-23 15:54:26', '10.13.4.22', ''),
(24, '111', '2011-11-23 15:53:07', '10.13.4.22', ''),
(25, '111', '2011-11-23 15:16:02', '10.13.4.22', ''),
(26, 'ph1', '2012-03-20 08:25:19', '10.13.4.22', ''),
(27, 'phit', '2012-03-20 09:04:45', '10.13.4.22', ''),
(28, '111', '2012-03-20 09:12:45', '10.13.4.22', ''),
(29, 'phit', '2012-03-20 09:13:20', '10.13.4.22', ''),
(30, 'phit', '2012-03-20 09:14:31', '10.13.4.20', ''),
(31, '111', '2012-03-20 09:32:44', '10.13.4.22', ''),
(32, '111', '2012-03-20 10:06:34', '10.13.4.22', ''),
(33, 'ph3', '2012-03-20 13:21:39', '10.13.6.8', ''),
(34, 'ph1', '2012-03-20 13:23:22', '10.13.6.7', ''),
(35, 'ph4', '2012-03-20 13:25:21', '10.13.6.9', ''),
(36, 'ph5', '2012-03-20 13:25:43', '10.13.6.11', ''),
(37, 'ph1', '2012-03-20 13:28:43', '10.13.6.7', ''),
(38, '111', '2012-03-20 13:30:55', '10.13.6.129', ''),
(39, 'ph4', '2012-03-20 13:59:11', '10.13.6.9', ''),
(40, 'ph4', '2012-03-20 14:02:55', '10.13.6.9', ''),
(41, '111', '2012-03-20 14:49:10', '10.13.6.129', ''),
(42, 'ph5', '2012-03-20 14:52:34', '10.13.6.129', ''),
(43, '111', '2012-03-23 09:47:31', '127.0.0.1', ''),
(44, '111', '2012-03-26 10:32:36', '10.13.4.22', ''),
(45, '111', '2012-03-26 13:55:57', '10.13.4.22', ''),
(46, '111', '2012-03-27 10:35:39', '127.0.0.1', ''),
(47, '111', '2012-03-28 11:35:01', '127.0.0.1', ''),
(48, '111', '2012-04-02 10:26:45', '127.0.0.1', ''),
(49, '111', '2012-04-03 11:29:21', '127.0.0.1', ''),
(50, '111', '2012-04-03 12:45:39', '127.0.0.1', '/ph/tmps/admin/compcode/admin.php'),
(51, '111', '2012-04-03 14:55:45', '127.0.0.1', '/ph/tmps/phpm/myProject.php'),
(52, '111', '2012-04-03 14:55:47', '127.0.0.1', '/ph/tmps/phpm/index.php'),
(53, '111', '2012-04-03 15:58:01', '127.0.0.1', '/ph/tmps/phpm/profile.php'),
(54, '111', '2012-04-03 15:58:03', '127.0.0.1', '/ph/tmps/phpm/index.php'),
(55, '111', '2012-04-04 10:19:39', '127.0.0.1', '/ph/tmps/admin/compcode/admin.php'),
(56, '111', '2012-04-04 10:19:39', '127.0.0.1', '/ph/tmps/phpm/index.php'),
(57, '111', '2012-04-04 17:33:04', '127.0.0.1', '/ph/tmps/phpm/index.php'),
(58, '111', '2012-04-04 17:33:04', '127.0.0.1', '/ph/tmps/phpm/index.php'),
(59, '111', '2012-04-04 17:33:08', '127.0.0.1', '/ph/tmps/phpm/index.php'),
(60, '111', '2012-04-04 17:33:08', '127.0.0.1', '/ph/tmps/phpm/index.php'),
(61, '111', '2012-04-04 17:33:18', '127.0.0.1', '/ph/tmps/phpm/index.php'),
(62, '111', '2012-04-04 17:33:18', '127.0.0.1', '/ph/tmps/phpm/index.php'),
(63, '', '2012-04-10 09:52:56', '127.0.0.1', '/ph/tmps/phpm/index.php'),
(64, '111', '2012-04-10 15:16:41', '127.0.0.1', '/ph/tmps/admin/compcode/admin.php'),
(65, '111', '2012-04-10 15:16:41', '127.0.0.1', '/ph/tmps/phpm/index.php'),
(66, '111', '2012-04-10 15:16:41', '127.0.0.1', '/ph/tmps/phpm/index.php'),
(67, '', '2012-04-11 10:01:27', '127.0.0.1', '/ph/tmps/phpm/index.php'),
(68, '111', '2012-04-11 10:33:27', '127.0.0.1', '/ph/tmps/admin/compcode/admin.php'),
(69, '111', '2012-04-11 10:33:27', '127.0.0.1', '/ph/tmps/phpm/index.php'),
(70, '111', '2012-04-11 10:33:27', '127.0.0.1', '/ph/tmps/phpm/index.php'),
(71, '', '2012-04-11 11:50:34', '127.0.0.1', '/ph/tmps/phpm/index.php'),
(72, '111', '2012-04-11 12:03:29', '127.0.0.1', '/ph/tmps/admin/compcode/admin.php'),
(73, '111', '2012-04-11 12:03:29', '127.0.0.1', '/ph/tmps/phpm/index.php'),
(74, '111', '2012-04-11 12:03:29', '127.0.0.1', '/ph/tmps/phpm/index.php'),
(75, '', '2012-04-12 09:46:37', '127.0.0.1', '/ph/tmps/phpm/index.php'),
(76, '111', '2012-04-12 10:17:51', '127.0.0.1', '/ph/tmps/admin/compcode/admin.php'),
(77, '111', '2012-04-12 10:17:51', '127.0.0.1', '/ph/tmps/phpm/index.php'),
(78, '111', '2012-04-12 10:17:51', '127.0.0.1', '/ph/tmps/phpm/index.php'),
(79, '', '2012-04-12 10:37:35', '127.0.0.1', '/ph/tmps/phpm/index.php'),
(80, '111', '2012-04-12 15:06:39', '127.0.0.1', '/ph/tmps/admin/compcode/admin.php'),
(81, '111', '2012-04-12 15:06:39', '127.0.0.1', '/ph/tmps/phpm/index.php'),
(82, '111', '2012-04-12 15:06:39', '127.0.0.1', '/ph/tmps/phpm/index.php'),
(83, '111', '2012-04-12 15:19:59', '127.0.0.1', '/ph/tmps/phpm/index.php'),
(84, '111', '2012-04-12 15:19:59', '127.0.0.1', '/ph/tmps/phpm/index.php'),
(85, '111', '2012-04-12 15:20:06', '127.0.0.1', '/ph/tmps/phpm/index.php'),
(86, '111', '2012-04-12 15:20:06', '127.0.0.1', '/ph/tmps/phpm/index.php'),
(87, '111', '2012-04-12 15:20:07', '127.0.0.1', '/ph/tmps/phpm/present_project.php'),
(88, '111', '2012-04-12 15:20:09', '127.0.0.1', '/ph/tmps/phpm/index.php'),
(89, '111', '2012-04-12 15:20:09', '127.0.0.1', '/ph/tmps/phpm/index.php'),
(90, '111', '2012-04-12 15:21:09', '127.0.0.1', '/ph/tmps/phpm/index.php'),
(91, '111', '2012-04-12 15:21:09', '127.0.0.1', '/ph/tmps/phpm/index.php'),
(92, '111', '2012-04-12 15:21:18', '127.0.0.1', '/ph/tmps/phpm/index.php'),
(93, '111', '2012-04-12 15:21:18', '127.0.0.1', '/ph/tmps/phpm/index.php'),
(94, '111', '2012-04-12 15:21:27', '127.0.0.1', '/ph/tmps/phpm/index.php'),
(95, '111', '2012-04-12 15:21:27', '127.0.0.1', '/ph/tmps/phpm/index.php'),
(96, '111', '2012-04-12 15:22:00', '127.0.0.1', '/ph/tmps/phpm/index.php'),
(97, '111', '2012-04-12 15:22:00', '127.0.0.1', '/ph/tmps/phpm/index.php'),
(98, '111', '2012-04-12 15:22:27', '127.0.0.1', '/ph/tmps/phpm/index.php'),
(99, '111', '2012-04-12 15:22:27', '127.0.0.1', '/ph/tmps/phpm/index.php'),
(100, '111', '2012-04-12 15:22:32', '127.0.0.1', '/ph/tmps/phpm/index.php'),
(101, '111', '2012-04-12 15:22:32', '127.0.0.1', '/ph/tmps/phpm/index.php'),
(102, '111', '2012-04-12 15:22:40', '127.0.0.1', '/ph/tmps/phpm/index.php'),
(103, '111', '2012-04-12 15:22:40', '127.0.0.1', '/ph/tmps/phpm/index.php'),
(104, '111', '2012-04-12 15:22:52', '127.0.0.1', '/ph/tmps/phpm/index.php'),
(105, '111', '2012-04-12 15:22:52', '127.0.0.1', '/ph/tmps/phpm/index.php'),
(106, '111', '2012-04-12 15:23:16', '127.0.0.1', '/ph/tmps/phpm/index.php'),
(107, '111', '2012-04-12 15:23:16', '127.0.0.1', '/ph/tmps/phpm/index.php'),
(108, '111', '2012-04-12 15:23:24', '127.0.0.1', '/ph/tmps/phpm/index.php'),
(109, '111', '2012-04-12 15:23:24', '127.0.0.1', '/ph/tmps/phpm/index.php'),
(110, '111', '2012-04-12 15:23:31', '127.0.0.1', '/ph/tmps/phpm/index.php'),
(111, '111', '2012-04-12 15:23:31', '127.0.0.1', '/ph/tmps/phpm/index.php'),
(112, '111', '2012-04-12 15:23:33', '127.0.0.1', '/ph/tmps/phpm/index.php'),
(113, '111', '2012-04-12 15:23:33', '127.0.0.1', '/ph/tmps/phpm/index.php'),
(114, '111', '2012-04-12 15:28:13', '127.0.0.1', '/ph/tmps/phpm/index.php'),
(115, '111', '2012-04-12 15:28:13', '127.0.0.1', '/ph/tmps/phpm/index.php'),
(116, '111', '2012-04-12 15:31:39', '127.0.0.1', '/ph/tmps/phpm/index.php'),
(117, '111', '2012-04-12 15:31:39', '127.0.0.1', '/ph/tmps/phpm/index.php'),
(118, '', '2012-04-17 09:38:40', '127.0.0.1', '/ph/tmps/phpm/index.php'),
(119, '111', '2012-04-17 09:40:42', '127.0.0.1', '/ph/tmps/admin/compcode/admin.php'),
(120, '111', '2012-04-17 09:40:42', '127.0.0.1', '/ph/tmps/phpm/index.php'),
(121, '111', '2012-04-17 09:40:42', '127.0.0.1', '/ph/tmps/phpm/index.php'),
(122, '', '2012-04-17 10:12:05', '127.0.0.1', '/ph/tmps/phpm/index.php'),
(123, '', '2012-04-17 10:14:14', '127.0.0.1', '/ph/tmps/phpm/index.php'),
(124, '111', '2012-04-17 10:14:17', '127.0.0.1', '/ph/tmps/admin/compcode/admin.php'),
(125, '111', '2012-04-17 10:14:17', '127.0.0.1', '/ph/tmps/phpm/index.php'),
(126, '111', '2012-04-17 10:14:17', '127.0.0.1', '/ph/tmps/phpm/index.php'),
(127, '111', '2012-04-17 14:22:59', '127.0.0.1', '/ph/tmps/admin/compcode/admin.php'),
(128, '111', '2012-04-17 14:23:00', '127.0.0.1', '/ph/tmps/phpm/index.php'),
(129, '111', '2012-04-17 14:23:00', '127.0.0.1', '/ph/tmps/phpm/index.php'),
(130, '111', '2012-04-17 16:38:04', '127.0.0.1', '/ph/tmps/phpm/index.php'),
(131, '111', '2012-04-17 16:38:04', '127.0.0.1', '/ph/tmps/phpm/index.php'),
(132, '111', '2012-04-17 16:52:55', '127.0.0.1', '/ph/tmps/phpm/index.php'),
(133, '111', '2012-04-17 16:52:55', '127.0.0.1', '/ph/tmps/phpm/index.php'),
(134, '111', '2012-04-17 16:52:58', '127.0.0.1', '/ph/tmps/phpm/index.php'),
(135, '111', '2012-04-17 16:52:58', '127.0.0.1', '/ph/tmps/phpm/index.php'),
(136, '', '2012-04-18 10:11:29', '127.0.0.1', '/ph/tmps/phpm/index.php'),
(137, '111', '2012-04-18 10:11:36', '127.0.0.1', '/ph/tmps/admin/compcode/admin.php'),
(138, '111', '2012-04-18 10:11:36', '127.0.0.1', '/ph/tmps/phpm/index.php'),
(139, '111', '2012-04-18 10:11:36', '127.0.0.1', '/ph/tmps/phpm/index.php'),
(140, '111', '2012-04-18 11:28:27', '127.0.0.1', '/ph/tmps/phpm/index.php'),
(141, '111', '2012-04-18 11:28:27', '127.0.0.1', '/ph/tmps/phpm/index.php'),
(142, '111', '2012-04-18 11:28:45', '127.0.0.1', '/ph/tmps/phpm/index.php'),
(143, '111', '2012-04-18 11:28:45', '127.0.0.1', '/ph/tmps/phpm/index.php'),
(144, '', '2012-04-18 11:57:10', '127.0.0.1', '/ph/tmps/phpm/index.php'),
(145, '111', '2012-04-18 11:57:16', '127.0.0.1', '/ph/tmps/admin/compcode/admin.php'),
(146, '111', '2012-04-18 11:57:16', '127.0.0.1', '/ph/tmps/phpm/index.php'),
(147, '111', '2012-04-18 11:57:16', '127.0.0.1', '/ph/tmps/phpm/index.php'),
(148, '111', '2012-04-18 17:22:35', '127.0.0.1', '/ph/tmps/phpm/index.php'),
(149, '111', '2012-04-18 17:22:35', '127.0.0.1', '/ph/tmps/phpm/index.php'),
(150, '111', '2012-04-18 17:22:35', '127.0.0.1', '/ph/tmps/phpm/index.php'),
(151, '111', '2012-04-18 17:22:35', '127.0.0.1', '/ph/tmps/phpm/index.php'),
(152, '', '2012-04-19 09:35:59', '127.0.0.1', '/ph/tmps/phpm/index.php'),
(153, '111', '2012-04-19 09:36:13', '127.0.0.1', '/ph/tmps/admin/compcode/admin.php'),
(154, '111', '2012-04-19 09:36:13', '127.0.0.1', '/ph/tmps/phpm/index.php'),
(155, '111', '2012-04-19 09:36:13', '127.0.0.1', '/ph/tmps/phpm/index.php'),
(156, '111', '2012-04-19 10:59:31', '127.0.0.1', '/ph/tmps/phpm/index.php'),
(157, '111', '2012-04-19 10:59:31', '127.0.0.1', '/ph/tmps/phpm/index.php'),
(158, '111', '2012-04-19 11:00:20', '127.0.0.1', '/ph/tmps/phpm/index.php'),
(159, '111', '2012-04-19 11:00:20', '127.0.0.1', '/ph/tmps/phpm/index.php'),
(160, '111', '2012-04-19 11:00:26', '127.0.0.1', '/ph/tmps/admin/compcode/admin.php'),
(161, '111', '2012-04-19 11:00:26', '127.0.0.1', '/ph/tmps/phpm/index.php'),
(162, '111', '2012-04-19 11:00:26', '127.0.0.1', '/ph/tmps/phpm/index.php'),
(163, 'ph1', '2012-04-19 11:03:34', '127.0.0.1', '/ph/tmps/admin/compcode/admin.php'),
(164, 'ph1', '2012-04-19 11:03:34', '127.0.0.1', '/ph/tmps/phpm/index.php'),
(165, 'ph1', '2012-04-19 11:03:34', '127.0.0.1', '/ph/tmps/phpm/index.php'),
(166, '111', '2012-04-19 11:10:53', '127.0.0.1', '/ph/tmps/admin/compcode/admin.php'),
(167, '111', '2012-04-19 11:10:53', '127.0.0.1', '/ph/tmps/phpm/index.php'),
(168, '111', '2012-04-19 11:10:53', '127.0.0.1', '/ph/tmps/phpm/index.php'),
(169, '111', '2012-04-19 14:50:40', '127.0.0.1', '/ph/tmps/phpm/index.php'),
(170, '111', '2012-04-19 14:50:40', '127.0.0.1', '/ph/tmps/phpm/index.php'),
(171, '', '2012-04-20 09:20:18', '127.0.0.1', '/ph/tmps/phpm/index.php'),
(172, '111', '2012-04-20 09:22:05', '127.0.0.1', '/ph/tmps/admin/compcode/admin.php'),
(173, '111', '2012-04-20 09:22:05', '127.0.0.1', '/ph/tmps/phpm/index.php'),
(174, '111', '2012-04-20 09:22:05', '127.0.0.1', '/ph/tmps/phpm/index.php'),
(175, '', '2012-04-20 14:49:31', '127.0.0.1', '/ph/tmps/phpm/index.php'),
(176, '', '2012-04-23 09:28:52', '127.0.0.1', '/ph/tmps/phpm/index.php'),
(177, '', '2012-04-23 14:21:36', '127.0.0.1', '/ph/tmps/phpm/index.php'),
(178, '', '2012-04-23 16:20:36', '127.0.0.1', '/ph/tmps/phpm/index.php'),
(179, '111', '2012-04-23 16:20:47', '127.0.0.1', '/ph/tmps/admin/compcode/admin.php'),
(180, '111', '2012-04-23 16:20:47', '127.0.0.1', '/ph/tmps/phpm/index.php'),
(181, '111', '2012-04-23 16:20:47', '127.0.0.1', '/ph/tmps/phpm/index.php'),
(182, '111', '2012-04-23 16:20:51', '127.0.0.1', '/ph/tmps/phpm/myProject.php'),
(183, '111', '2012-04-23 16:21:13', '127.0.0.1', '/ph/tmps/phpm/index.php'),
(184, '111', '2012-04-23 16:21:13', '127.0.0.1', '/ph/tmps/phpm/index.php'),
(185, '111', '2012-04-23 16:21:46', '127.0.0.1', '/ph/tmps/present_project.php'),
(186, '111', '2012-04-23 16:22:02', '127.0.0.1', '/ph/tmps/present_project.php'),
(187, '111', '2012-04-23 16:22:07', '127.0.0.1', '/ph/tmps/phpm/index.php'),
(188, '111', '2012-04-23 16:22:07', '127.0.0.1', '/ph/tmps/phpm/index.php'),
(189, '111', '2012-04-23 16:22:27', '127.0.0.1', '/ph/tmps/phpm/index.php'),
(190, '111', '2012-04-23 16:22:27', '127.0.0.1', '/ph/tmps/phpm/index.php'),
(191, '111', '2012-04-23 16:22:29', '127.0.0.1', '/ph/tmps/present_project.php'),
(192, '111', '2012-04-23 16:22:31', '127.0.0.1', '/ph/tmps/phpm/index.php'),
(193, '111', '2012-04-23 16:22:31', '127.0.0.1', '/ph/tmps/phpm/index.php'),
(194, '111', '2012-04-23 16:22:40', '127.0.0.1', '/ph/tmps/phpm/index.php'),
(195, '111', '2012-04-23 16:22:40', '127.0.0.1', '/ph/tmps/phpm/index.php'),
(196, '111', '2012-04-23 16:22:52', '127.0.0.1', '/ph/tmps/phpm/index.php'),
(197, '111', '2012-04-23 16:22:52', '127.0.0.1', '/ph/tmps/phpm/index.php'),
(198, '111', '2012-04-23 16:23:15', '127.0.0.1', '/ph/tmps/phpm/index.php'),
(199, '111', '2012-04-23 16:23:15', '127.0.0.1', '/ph/tmps/phpm/index.php'),
(200, '111', '2012-04-23 16:23:27', '127.0.0.1', '/ph/tmps/phpm/index.php'),
(201, '111', '2012-04-23 16:23:27', '127.0.0.1', '/ph/tmps/phpm/index.php'),
(202, '111', '2012-04-23 16:25:00', '127.0.0.1', '/ph/tmps/phpm/index.php'),
(203, '111', '2012-04-23 16:25:00', '127.0.0.1', '/ph/tmps/phpm/index.php'),
(204, '111', '2012-04-23 16:26:33', '127.0.0.1', '/ph/tmps/phpm/index.php'),
(205, '111', '2012-04-23 16:26:33', '127.0.0.1', '/ph/tmps/phpm/index.php'),
(206, '111', '2012-04-23 16:26:33', '127.0.0.1', '/ph/tmps/phpm/myProject.php'),
(207, '111', '2012-04-23 16:26:44', '127.0.0.1', '/ph/tmps/phpm/index.php'),
(208, '111', '2012-04-23 16:26:44', '127.0.0.1', '/ph/tmps/phpm/index.php'),
(209, '', '2012-04-24 09:12:43', '127.0.0.1', '/ph/tmps/phpm/index.php'),
(210, '111', '2012-04-24 09:12:58', '127.0.0.1', '/ph/tmps/admin/compcode/admin.php'),
(211, '111', '2012-04-24 09:12:58', '127.0.0.1', '/ph/tmps/phpm/index.php'),
(212, '111', '2012-04-24 09:12:58', '127.0.0.1', '/ph/tmps/phpm/index.php'),
(213, '111', '2012-04-24 09:29:58', '127.0.0.1', '/ph/tmps/phpm/myProject.php'),
(214, '111', '2012-04-24 09:30:08', '127.0.0.1', '/ph/tmps/phpm/index.php'),
(215, '111', '2012-04-24 09:30:08', '127.0.0.1', '/ph/tmps/phpm/index.php'),
(216, '111', '2012-04-24 09:30:20', '127.0.0.1', '/ph/tmps/phpm/index.php'),
(217, '111', '2012-04-24 09:30:20', '127.0.0.1', '/ph/tmps/phpm/index.php'),
(218, '111', '2012-04-24 09:30:32', '127.0.0.1', '/ph/tmps/phpm/index.php'),
(219, '111', '2012-04-24 09:30:32', '127.0.0.1', '/ph/tmps/phpm/index.php'),
(220, '111', '2012-04-24 09:30:37', '127.0.0.1', '/ph/tmps/phpm/index.php'),
(221, '111', '2012-04-24 09:30:37', '127.0.0.1', '/ph/tmps/phpm/index.php'),
(222, '111', '2012-04-24 09:31:27', '127.0.0.1', '/ph/tmps/phpm/myProject.php'),
(223, '111', '2012-04-24 09:32:13', '127.0.0.1', '/ph/tmps/phpm/index.php'),
(224, '111', '2012-04-24 09:32:13', '127.0.0.1', '/ph/tmps/phpm/index.php'),
(225, '111', '2012-04-24 09:32:17', '127.0.0.1', '/ph/tmps/phpm/index.php'),
(226, '111', '2012-04-24 09:32:17', '127.0.0.1', '/ph/tmps/phpm/index.php'),
(227, '111', '2012-04-24 09:34:03', '127.0.0.1', '/ph/tmps/phpm/myProject.php'),
(228, '111', '2012-04-24 09:34:31', '127.0.0.1', '/ph/tmps/phpm/myProject.php'),
(229, '111', '2012-04-24 09:35:52', '127.0.0.1', '/ph/tmps/phpm/index.php'),
(230, '111', '2012-04-24 09:35:52', '127.0.0.1', '/ph/tmps/phpm/index.php'),
(231, '111', '2012-04-24 09:35:57', '127.0.0.1', '/ph/tmps/phpm/index.php'),
(232, '111', '2012-04-24 09:35:57', '127.0.0.1', '/ph/tmps/phpm/index.php'),
(233, '111', '2012-04-24 09:36:01', '127.0.0.1', '/ph/tmps/phpm/index.php'),
(234, '111', '2012-04-24 09:36:01', '127.0.0.1', '/ph/tmps/phpm/index.php'),
(235, '111', '2012-04-24 09:36:02', '127.0.0.1', '/ph/tmps/phpm/myProject.php'),
(236, '111', '2012-04-24 09:36:14', '127.0.0.1', '/ph/tmps/phpm/index.php'),
(237, '111', '2012-04-24 09:36:14', '127.0.0.1', '/ph/tmps/phpm/index.php'),
(238, '111', '2012-04-24 09:36:20', '127.0.0.1', '/ph/tmps/phpm/index.php'),
(239, '111', '2012-04-24 09:36:20', '127.0.0.1', '/ph/tmps/phpm/index.php'),
(240, '111', '2012-04-24 09:36:31', '127.0.0.1', '/ph/tmps/phpm/index.php'),
(241, '111', '2012-04-24 09:36:31', '127.0.0.1', '/ph/tmps/phpm/index.php'),
(242, '111', '2012-04-24 09:37:08', '127.0.0.1', '/ph/tmps/phpm/index.php'),
(243, '111', '2012-04-24 09:37:08', '127.0.0.1', '/ph/tmps/phpm/index.php'),
(244, '111', '2012-04-24 09:37:41', '127.0.0.1', '/ph/tmps/phpm/index.php'),
(245, '111', '2012-04-24 09:37:41', '127.0.0.1', '/ph/tmps/phpm/index.php'),
(246, '111', '2012-04-24 09:37:42', '127.0.0.1', '/ph/tmps/present_project.php'),
(247, '111', '2012-04-24 09:37:45', '127.0.0.1', '/ph/tmps/phpm/index.php'),
(248, '111', '2012-04-24 09:37:45', '127.0.0.1', '/ph/tmps/phpm/index.php'),
(249, '111', '2012-04-24 09:37:46', '127.0.0.1', '/ph/tmps/phpm/myProject.php'),
(250, '111', '2012-04-24 09:37:51', '127.0.0.1', '/ph/tmps/phpm/index.php'),
(251, '111', '2012-04-24 09:37:51', '127.0.0.1', '/ph/tmps/phpm/index.php'),
(252, '111', '2012-04-24 09:37:52', '127.0.0.1', '/ph/tmps/phpm/myProject.php'),
(253, '111', '2012-04-24 09:37:57', '127.0.0.1', '/ph/tmps/phpm/index.php'),
(254, '111', '2012-04-24 09:37:57', '127.0.0.1', '/ph/tmps/phpm/index.php'),
(255, '111', '2012-04-24 09:40:27', '127.0.0.1', '/ph/tmps/phpm/index.php'),
(256, '111', '2012-04-24 09:40:27', '127.0.0.1', '/ph/tmps/phpm/index.php'),
(257, '111', '2012-04-24 09:40:29', '127.0.0.1', '/ph/tmps/phpm/myProject.php'),
(258, '111', '2012-04-24 09:40:30', '127.0.0.1', '/ph/tmps/phpm/index.php'),
(259, '111', '2012-04-24 09:40:30', '127.0.0.1', '/ph/tmps/phpm/index.php'),
(260, '111', '2012-04-24 09:40:31', '127.0.0.1', '/ph/tmps/present_project.php'),
(261, '111', '2012-04-24 09:40:33', '127.0.0.1', '/ph/tmps/phpm/index.php'),
(262, '111', '2012-04-24 09:40:33', '127.0.0.1', '/ph/tmps/phpm/index.php'),
(263, '111', '2012-04-24 09:40:34', '127.0.0.1', '/ph/tmps/phpm/index.php'),
(264, '111', '2012-04-24 09:40:34', '127.0.0.1', '/ph/tmps/phpm/index.php'),
(265, '111', '2012-04-24 09:40:38', '127.0.0.1', '/ph/tmps/phpm/index.php'),
(266, '111', '2012-04-24 09:40:38', '127.0.0.1', '/ph/tmps/phpm/index.php'),
(267, '111', '2012-04-24 09:40:44', '127.0.0.1', '/ph/tmps/phpm/index.php'),
(268, '111', '2012-04-24 09:40:44', '127.0.0.1', '/ph/tmps/phpm/index.php'),
(269, '111', '2012-04-24 09:40:45', '127.0.0.1', '/ph/tmps/phpm/index.php'),
(270, '111', '2012-04-24 09:40:45', '127.0.0.1', '/ph/tmps/phpm/index.php'),
(271, '111', '2012-04-24 09:40:48', '127.0.0.1', '/ph/tmps/phpm/index.php'),
(272, '111', '2012-04-24 09:40:48', '127.0.0.1', '/ph/tmps/phpm/index.php'),
(273, '111', '2012-04-24 09:40:56', '127.0.0.1', '/ph/tmps/present_project.php'),
(274, '111', '2012-04-24 09:40:58', '127.0.0.1', '/ph/tmps/phpm/index.php'),
(275, '111', '2012-04-24 09:40:58', '127.0.0.1', '/ph/tmps/phpm/index.php'),
(276, '111', '2012-04-24 09:41:54', '127.0.0.1', '/ph/tmps/phpm/myProject.php'),
(277, '111', '2012-04-24 09:42:12', '127.0.0.1', '/ph/tmps/phpm/index.php'),
(278, '111', '2012-04-24 09:42:12', '127.0.0.1', '/ph/tmps/phpm/index.php'),
(279, '111', '2012-04-24 10:03:40', '127.0.0.1', '/ph/tmps/phpm/index.php'),
(280, '111', '2012-04-24 10:03:40', '127.0.0.1', '/ph/tmps/phpm/index.php'),
(281, '111', '2012-04-24 10:07:30', '127.0.0.1', '/ph/tmps/present_project.php'),
(282, '111', '2012-04-24 10:09:14', '127.0.0.1', '/ph/tmps/present_project.php'),
(283, '111', '2012-04-24 10:10:24', '127.0.0.1', '/ph/tmps/present_project.php'),
(284, '111', '2012-04-24 10:16:58', '127.0.0.1', '/ph/tmps/present_project.php'),
(285, '111', '2012-04-24 10:17:55', '127.0.0.1', '/ph/tmps/present_project.php'),
(286, '111', '2012-04-24 10:18:55', '127.0.0.1', '/ph/tmps/present_project.php'),
(287, '111', '2012-04-24 10:19:49', '127.0.0.1', '/ph/tmps/present_project.php'),
(288, '111', '2012-04-24 10:20:36', '127.0.0.1', '/ph/tmps/phpm/index.php'),
(289, '111', '2012-04-24 10:20:36', '127.0.0.1', '/ph/tmps/phpm/index.php'),
(290, '111', '2012-04-24 10:21:43', '127.0.0.1', '/ph/tmps/phpm/index.php'),
(291, '111', '2012-04-24 10:21:43', '127.0.0.1', '/ph/tmps/phpm/index.php'),
(292, '111', '2012-04-24 10:21:45', '127.0.0.1', '/ph/tmps/present_project.php'),
(293, '111', '2012-04-24 10:22:10', '127.0.0.1', '/ph/tmps/phpm/index.php'),
(294, '111', '2012-04-24 10:22:10', '127.0.0.1', '/ph/tmps/phpm/index.php'),
(295, '111', '2012-04-24 10:22:14', '127.0.0.1', '/ph/tmps/phpm/index.php'),
(296, '111', '2012-04-24 10:22:14', '127.0.0.1', '/ph/tmps/phpm/index.php'),
(297, '111', '2012-04-24 10:22:37', '127.0.0.1', '/ph/tmps/phpm/index.php'),
(298, '111', '2012-04-24 10:22:37', '127.0.0.1', '/ph/tmps/phpm/index.php'),
(299, '111', '2012-04-24 10:22:39', '127.0.0.1', '/ph/tmps/phpm/myProject.php'),
(300, '111', '2012-04-24 10:40:25', '127.0.0.1', '/ph/tmps/phpm/index.php'),
(301, '111', '2012-04-24 10:40:25', '127.0.0.1', '/ph/tmps/phpm/index.php'),
(302, '111', '2012-04-24 10:40:36', '127.0.0.1', '/ph/tmps/phpm/myProject.php'),
(303, '111', '2012-04-24 10:40:37', '127.0.0.1', '/ph/tmps/phpm/index.php'),
(304, '111', '2012-04-24 10:40:37', '127.0.0.1', '/ph/tmps/phpm/index.php'),
(305, '111', '2012-04-24 10:40:38', '127.0.0.1', '/ph/tmps/present_project.php'),
(306, '111', '2012-04-24 10:40:42', '127.0.0.1', '/ph/tmps/phpm/index.php'),
(307, '111', '2012-04-24 10:40:42', '127.0.0.1', '/ph/tmps/phpm/index.php'),
(308, '111', '2012-04-24 11:27:53', '127.0.0.1', '/ph/tmps/present_project.php'),
(309, '111', '2012-04-24 11:36:10', '127.0.0.1', '/ph/tmps/present_project.php'),
(310, '', '2012-04-24 14:32:13', '127.0.0.1', '/ph/tmps/phpm/index.php'),
(311, '111', '2012-04-24 14:32:34', '127.0.0.1', '/ph/tmps/admin/compcode/admin.php'),
(312, '111', '2012-04-24 14:32:34', '127.0.0.1', '/ph/tmps/phpm/index.php'),
(313, '111', '2012-04-24 14:32:34', '127.0.0.1', '/ph/tmps/phpm/index.php'),
(314, '111', '2012-04-24 14:40:09', '127.0.0.1', '/ph/tmps/phpm/myProject.php'),
(315, '111', '2012-04-24 14:40:13', '127.0.0.1', '/ph/tmps/phpm/index.php'),
(316, '111', '2012-04-24 14:40:13', '127.0.0.1', '/ph/tmps/phpm/index.php'),
(317, '111', '2012-04-24 14:40:15', '127.0.0.1', '/ph/tmps/present_project.php'),
(318, '111', '2012-04-24 14:41:03', '127.0.0.1', '/ph/tmps/phpm/index.php'),
(319, '111', '2012-04-24 14:41:03', '127.0.0.1', '/ph/tmps/phpm/index.php'),
(320, '111', '2012-04-24 14:41:05', '127.0.0.1', '/ph/tmps/phpm/myProject.php'),
(321, '111', '2012-04-24 14:41:45', '127.0.0.1', '/ph/tmps/phpm/index.php'),
(322, '111', '2012-04-24 14:41:45', '127.0.0.1', '/ph/tmps/phpm/index.php'),
(323, '111', '2012-04-24 14:41:47', '127.0.0.1', '/ph/tmps/phpm/myProject.php'),
(324, '111', '2012-04-24 14:42:04', '127.0.0.1', '/ph/tmps/phpm/index.php'),
(325, '111', '2012-04-24 14:42:04', '127.0.0.1', '/ph/tmps/phpm/index.php'),
(326, '111', '2012-04-24 14:42:05', '127.0.0.1', '/ph/tmps/present_project.php'),
(327, '111', '2012-04-24 14:42:08', '127.0.0.1', '/ph/tmps/phpm/index.php'),
(328, '111', '2012-04-24 14:42:08', '127.0.0.1', '/ph/tmps/phpm/index.php'),
(329, '111', '2012-04-24 14:42:13', '127.0.0.1', '/ph/tmps/phpm/index.php'),
(330, '111', '2012-04-24 14:42:13', '127.0.0.1', '/ph/tmps/phpm/index.php'),
(331, '111', '2012-04-24 14:42:16', '127.0.0.1', '/ph/tmps/phpm/index.php'),
(332, '111', '2012-04-24 14:42:16', '127.0.0.1', '/ph/tmps/phpm/index.php'),
(333, '111', '2012-04-24 14:43:11', '127.0.0.1', '/ph/tmps/phpm/index.php'),
(334, '111', '2012-04-24 14:43:11', '127.0.0.1', '/ph/tmps/phpm/index.php'),
(335, '111', '2012-04-24 16:48:32', '127.0.0.1', '/ph/tmps/phpm/index.php'),
(336, '111', '2012-04-24 16:48:32', '127.0.0.1', '/ph/tmps/phpm/index.php'),
(337, '111', '2012-04-24 16:48:36', '127.0.0.1', '/ph/tmps/phpm/myProject.php'),
(338, '111', '2012-04-24 16:48:37', '127.0.0.1', '/ph/tmps/phpm/index.php'),
(339, '111', '2012-04-24 16:48:37', '127.0.0.1', '/ph/tmps/phpm/index.php'),
(340, '111', '2012-04-24 17:15:34', '127.0.0.1', '/ph/tmps/admin/compcode/admin.php'),
(341, '111', '2012-04-24 17:15:34', '127.0.0.1', '/ph/tmps/phpm/index.php'),
(342, '111', '2012-04-24 17:15:34', '127.0.0.1', '/ph/tmps/phpm/index.php'),
(343, '111', '2012-04-24 17:21:35', '127.0.0.1', '/ph/tmps/admin/compcode/admin.php'),
(344, '111', '2012-04-24 17:21:35', '127.0.0.1', '/ph/tmps/phpm/index.php'),
(345, '111', '2012-04-24 17:21:35', '127.0.0.1', '/ph/tmps/phpm/index.php'),
(346, '111', '2012-04-24 17:22:24', '127.0.0.1', '/ph/tmps/admin/compcode/admin.php'),
(347, '111', '2012-04-24 17:22:24', '127.0.0.1', '/ph/tmps/phpm/index.php'),
(348, '111', '2012-04-24 17:22:24', '127.0.0.1', '/ph/tmps/phpm/index.php'),
(349, '111', '2012-04-24 17:22:45', '127.0.0.1', '/ph/tmps/admin/compcode/admin.php'),
(350, '111', '2012-04-24 17:22:45', '127.0.0.1', '/ph/tmps/phpm/index.php'),
(351, '111', '2012-04-24 17:22:45', '127.0.0.1', '/ph/tmps/phpm/index.php'),
(352, '111', '2012-04-24 17:27:36', '127.0.0.1', '/ph/tmps/admin/compcode/admin.php'),
(353, '111', '2012-04-24 17:27:36', '127.0.0.1', '/ph/tmps/phpm/index.php'),
(354, '111', '2012-04-24 17:27:36', '127.0.0.1', '/ph/tmps/phpm/index.php'),
(355, '', '2012-04-25 09:11:24', '127.0.0.1', '/ph/tmps/phpm/index.php'),
(356, '111', '2012-04-25 09:11:29', '127.0.0.1', '/ph/tmps/admin/compcode/admin.php'),
(357, '111', '2012-04-25 09:11:29', '127.0.0.1', '/ph/tmps/phpm/index.php'),
(358, '111', '2012-04-25 09:11:29', '127.0.0.1', '/ph/tmps/phpm/index.php'),
(359, '111', '2012-04-25 09:42:13', '127.0.0.1', '/ph/tmps/phpm/myProject.php'),
(360, '111', '2012-04-25 09:42:19', '127.0.0.1', '/ph/tmps/phpm/index.php'),
(361, '111', '2012-04-25 09:42:19', '127.0.0.1', '/ph/tmps/phpm/index.php'),
(362, '111', '2012-04-25 09:43:52', '127.0.0.1', '/ph/tmps/phpm/index.php'),
(363, '111', '2012-04-25 09:43:52', '127.0.0.1', '/ph/tmps/phpm/index.php'),
(364, '111', '2012-04-25 09:43:53', '127.0.0.1', '/ph/tmps/phpm/myProject.php'),
(365, '111', '2012-04-25 09:44:27', '127.0.0.1', '/ph/tmps/phpm/myProject.php'),
(366, '111', '2012-04-25 09:44:58', '127.0.0.1', '/ph/tmps/phpm/index.php'),
(367, '111', '2012-04-25 09:44:58', '127.0.0.1', '/ph/tmps/phpm/index.php'),
(368, '111', '2012-04-25 09:45:00', '127.0.0.1', '/ph/tmps/present_project.php'),
(369, '111', '2012-04-25 09:45:34', '127.0.0.1', '/ph/tmps/present_project.php'),
(370, '111', '2012-04-25 09:45:37', '127.0.0.1', '/ph/tmps/phpm/index.php'),
(371, '111', '2012-04-25 09:45:37', '127.0.0.1', '/ph/tmps/phpm/index.php'),
(372, '111', '2012-04-25 09:53:16', '127.0.0.1', '/ph/tmps/phpm/index.php'),
(373, '111', '2012-04-25 09:53:16', '127.0.0.1', '/ph/tmps/phpm/index.php'),
(374, '111', '2012-04-25 09:53:51', '127.0.0.1', '/ph/tmps/phpm/profile.php'),
(375, '111', '2012-04-25 09:54:22', '127.0.0.1', '/ph/tmps/phpm/index.php'),
(376, '111', '2012-04-25 09:54:22', '127.0.0.1', '/ph/tmps/phpm/index.php'),
(377, '111', '2012-04-25 14:10:04', '127.0.0.1', '/ph/tmps/phpm/myProject.php'),
(378, '111', '2012-04-25 19:00:26', '127.0.0.1', '/ph/tmps/phpm/index.php'),
(379, '111', '2012-04-25 19:00:26', '127.0.0.1', '/ph/tmps/phpm/index.php'),
(380, '', '2012-05-01 09:23:51', '127.0.0.1', '/ph/tmps/phpm/index.php'),
(381, '111', '2012-05-01 09:24:03', '127.0.0.1', '/ph/tmps/admin/compcode/admin.php'),
(382, '111', '2012-05-01 09:24:03', '127.0.0.1', '/ph/tmps/phpm/index.php'),
(383, '111', '2012-05-01 09:24:03', '127.0.0.1', '/ph/tmps/phpm/index.php'),
(384, '', '2012-05-01 09:50:19', '127.0.0.1', '/ph/tmps/phpm/index.php'),
(385, '111', '2012-05-01 09:50:21', '127.0.0.1', '/ph/tmps/admin/compcode/admin.php'),
(386, '111', '2012-05-01 09:50:21', '127.0.0.1', '/ph/tmps/phpm/index.php'),
(387, '111', '2012-05-01 09:50:21', '127.0.0.1', '/ph/tmps/phpm/index.php'),
(388, '111', '2012-05-01 15:12:23', '127.0.0.1', '/ph/tmps/phpm/myProject.php'),
(389, '111', '2012-05-01 15:12:35', '127.0.0.1', '/ph/tmps/phpm/index.php'),
(390, '111', '2012-05-01 15:12:35', '127.0.0.1', '/ph/tmps/phpm/index.php'),
(391, '111', '2012-05-01 15:12:40', '127.0.0.1', '/ph/tmps/phpm/index.php'),
(392, '111', '2012-05-01 15:12:40', '127.0.0.1', '/ph/tmps/phpm/index.php'),
(393, '', '2012-05-02 09:40:29', '127.0.0.1', '/ph/tmps/phpm/index.php'),
(394, '111', '2012-05-02 09:42:14', '127.0.0.1', '/ph/tmps/admin/compcode/admin.php'),
(395, '111', '2012-05-02 09:42:14', '127.0.0.1', '/ph/tmps/phpm/index.php'),
(396, '111', '2012-05-02 09:42:14', '127.0.0.1', '/ph/tmps/phpm/index.php'),
(397, '111', '2012-05-02 09:42:17', '127.0.0.1', '/ph/tmps/phpm/myProject.php'),
(398, '111', '2012-05-02 09:42:19', '127.0.0.1', '/ph/tmps/phpm/index.php'),
(399, '111', '2012-05-02 09:42:19', '127.0.0.1', '/ph/tmps/phpm/index.php'),
(400, '111', '2012-05-02 09:42:20', '127.0.0.1', '/ph/tmps/present_project.php'),
(401, '', '2012-05-02 20:15:50', '127.0.0.1', '/ph/tmps/phpm/index.php'),
(402, '', '2012-05-03 09:08:33', '127.0.0.1', '/ph/tmps/phpm/index.php'),
(403, '111', '2012-05-03 09:08:36', '127.0.0.1', '/ph/tmps/admin/compcode/admin.php'),
(404, '111', '2012-05-03 09:08:36', '127.0.0.1', '/ph/tmps/phpm/index.php'),
(405, '111', '2012-05-03 09:08:36', '127.0.0.1', '/ph/tmps/phpm/index.php'),
(406, '111', '2012-05-03 10:16:45', '127.0.0.1', '/ph/tmps/phpm/myProject.php'),
(407, '111', '2012-05-03 10:17:32', '127.0.0.1', '/ph/tmps/phpm/index.php'),
(408, '111', '2012-05-03 10:17:32', '127.0.0.1', '/ph/tmps/phpm/index.php'),
(409, '111', '2012-05-03 10:17:33', '127.0.0.1', '/ph/tmps/present_project.php'),
(410, '', '2012-05-03 14:09:37', '127.0.0.1', '/ph/tmps/phpm/index.php'),
(411, '111', '2012-05-03 14:10:13', '127.0.0.1', '/ph/tmps/admin/compcode/admin.php'),
(412, '111', '2012-05-03 14:10:13', '127.0.0.1', '/ph/tmps/phpm/index.php'),
(413, '111', '2012-05-03 14:10:13', '127.0.0.1', '/ph/tmps/phpm/index.php'),
(414, '111', '2012-05-03 14:10:15', '127.0.0.1', '/ph/tmps/phpm/myProject.php'),
(415, '111', '2012-05-03 14:10:36', '127.0.0.1', '/ph/tmps/phpm/index.php'),
(416, '111', '2012-05-03 14:10:36', '127.0.0.1', '/ph/tmps/phpm/index.php'),
(417, '111', '2012-05-03 14:10:38', '127.0.0.1', '/ph/tmps/present_project.php'),
(418, '111', '2012-05-03 15:36:14', '127.0.0.1', '/ph/tmps/present_project.php'),
(419, '111', '2012-05-03 15:36:42', '127.0.0.1', '/ph/tmps/present_project.php'),
(420, '111', '2012-05-03 15:37:12', '127.0.0.1', '/ph/tmps/present_project.php'),
(421, '111', '2012-05-03 15:44:02', '127.0.0.1', '/ph/tmps/present_project.php'),
(422, '111', '2012-05-03 15:44:16', '127.0.0.1', '/ph/tmps/present_project.php'),
(423, '111', '2012-05-03 16:24:38', '127.0.0.1', '/ph/tmps/present_project.php'),
(424, '111', '2012-05-03 16:25:01', '127.0.0.1', '/ph/tmps/present_project.php'),
(425, '', '2012-05-04 09:14:44', '127.0.0.1', '/ph/tmps/phpm/index.php'),
(426, '111', '2012-05-04 09:14:54', '127.0.0.1', '/ph/tmps/admin/compcode/admin.php'),
(427, '111', '2012-05-04 09:14:54', '127.0.0.1', '/ph/tmps/phpm/index.php'),
(428, '111', '2012-05-04 09:14:54', '127.0.0.1', '/ph/tmps/phpm/index.php'),
(429, '111', '2012-05-04 09:14:56', '127.0.0.1', '/ph/tmps/present_project.php'),
(430, '111', '2012-05-04 13:05:40', '127.0.0.1', '/ph/tmps/present_project.php'),
(431, '111', '2012-05-04 13:06:31', '127.0.0.1', '/ph/tmps/present_project.php'),
(432, '111', '2012-05-04 13:06:49', '127.0.0.1', '/ph/tmps/present_project.php'),
(433, '111', '2012-05-04 13:07:45', '127.0.0.1', '/ph/tmps/present_project.php'),
(434, '111', '2012-05-04 14:14:48', '127.0.0.1', '/ph/tmps/present_project.php'),
(435, '111', '2012-05-04 14:15:33', '127.0.0.1', '/ph/tmps/present_project.php'),
(436, '111', '2012-05-04 14:16:07', '127.0.0.1', '/ph/tmps/present_project.php'),
(437, '111', '2012-05-04 14:17:51', '127.0.0.1', '/ph/tmps/present_project.php'),
(438, '111', '2012-05-04 14:18:05', '127.0.0.1', '/ph/tmps/present_project.php'),
(439, '111', '2012-05-04 14:18:46', '127.0.0.1', '/ph/tmps/present_project.php'),
(440, '111', '2012-05-04 14:19:17', '127.0.0.1', '/ph/tmps/present_project.php'),
(441, '111', '2012-05-04 14:20:14', '127.0.0.1', '/ph/tmps/present_project.php'),
(442, '111', '2012-05-04 14:21:25', '127.0.0.1', '/ph/tmps/present_project.php'),
(443, '111', '2012-05-04 14:23:49', '127.0.0.1', '/ph/tmps/present_project.php'),
(444, '111', '2012-05-04 14:28:19', '127.0.0.1', '/ph/tmps/present_project.php'),
(445, '111', '2012-05-04 14:30:16', '127.0.0.1', '/ph/tmps/present_project.php'),
(446, '111', '2012-05-04 14:33:22', '127.0.0.1', '/ph/tmps/present_project.php'),
(447, '111', '2012-05-04 14:35:37', '127.0.0.1', '/ph/tmps/present_project.php'),
(448, '111', '2012-05-04 14:35:45', '127.0.0.1', '/ph/tmps/present_project.php'),
(449, '111', '2012-05-04 14:36:09', '127.0.0.1', '/ph/tmps/present_project.php'),
(450, '111', '2012-05-04 14:51:25', '127.0.0.1', '/ph/tmps/present_project.php'),
(451, '111', '2012-05-04 14:58:54', '127.0.0.1', '/ph/tmps/present_project.php'),
(452, '111', '2012-05-04 15:04:03', '127.0.0.1', '/ph/tmps/present_project.php'),
(453, '111', '2012-05-04 15:25:44', '127.0.0.1', '/ph/tmps/present_project.php'),
(454, '111', '2012-05-04 15:26:04', '127.0.0.1', '/ph/tmps/present_project.php'),
(455, '111', '2012-05-04 15:26:37', '127.0.0.1', '/ph/tmps/present_project.php'),
(456, '111', '2012-05-04 15:27:06', '127.0.0.1', '/ph/tmps/present_project.php'),
(457, '111', '2012-05-04 15:27:46', '127.0.0.1', '/ph/tmps/present_project.php'),
(458, '111', '2012-05-04 16:06:31', '127.0.0.1', '/ph/tmps/present_project.php'),
(459, '111', '2012-05-04 16:54:53', '127.0.0.1', '/ph/tmps/phpm/index.php'),
(460, '111', '2012-05-04 16:54:53', '127.0.0.1', '/ph/tmps/phpm/index.php'),
(461, '111', '2012-05-04 16:54:56', '127.0.0.1', '/ph/tmps/phpm/index.php'),
(462, '111', '2012-05-04 16:54:56', '127.0.0.1', '/ph/tmps/phpm/index.php'),
(463, '111', '2012-05-04 16:55:03', '127.0.0.1', '/ph/tmps/phpm/index.php'),
(464, '111', '2012-05-04 16:55:03', '127.0.0.1', '/ph/tmps/phpm/index.php'),
(465, '111', '2012-05-04 16:55:06', '127.0.0.1', '/ph/tmps/phpm/index.php'),
(466, '111', '2012-05-04 16:55:06', '127.0.0.1', '/ph/tmps/phpm/index.php'),
(467, '', '2012-05-04 18:52:51', '127.0.0.1', '/ph/tmps/phpm/index.php'),
(468, '111', '2012-05-04 18:52:58', '127.0.0.1', '/ph/tmps/admin/compcode/admin.php'),
(469, '111', '2012-05-04 18:52:58', '127.0.0.1', '/ph/tmps/phpm/index.php'),
(470, '111', '2012-05-04 18:52:58', '127.0.0.1', '/ph/tmps/phpm/index.php'),
(471, '', '2012-05-08 09:18:30', '127.0.0.1', '/ph/tmps/phpm/index.php'),
(472, '111', '2012-05-08 09:18:32', '127.0.0.1', '/ph/tmps/admin/compcode/admin.php'),
(473, '111', '2012-05-08 09:18:32', '127.0.0.1', '/ph/tmps/phpm/index.php'),
(474, '111', '2012-05-08 09:18:32', '127.0.0.1', '/ph/tmps/phpm/index.php'),
(475, '111', '2012-05-08 09:18:34', '127.0.0.1', '/ph/tmps/present_project.php'),
(476, '111', '2012-05-08 09:18:50', '127.0.0.1', '/ph/tmps/present_project.php'),
(477, '111', '2012-05-08 09:49:15', '127.0.0.1', '/ph/tmps/present_project.php'),
(478, '111', '2012-05-08 09:51:04', '127.0.0.1', '/ph/tmps/present_project.php'),
(479, '111', '2012-05-08 09:52:08', '127.0.0.1', '/ph/tmps/present_project.php'),
(480, '111', '2012-05-08 09:52:31', '127.0.0.1', '/ph/tmps/present_project.php'),
(481, '111', '2012-05-08 10:08:53', '127.0.0.1', '/ph/tmps/present_project.php'),
(482, '111', '2012-05-08 10:10:10', '127.0.0.1', '/ph/tmps/present_project.php'),
(483, '111', '2012-05-08 10:12:38', '127.0.0.1', '/ph/tmps/present_project.php'),
(484, '111', '2012-05-08 10:22:58', '127.0.0.1', '/ph/tmps/present_project.php'),
(485, '111', '2012-05-08 10:52:04', '127.0.0.1', '/ph/tmps/phpm/index.php'),
(486, '111', '2012-05-08 10:52:04', '127.0.0.1', '/ph/tmps/phpm/index.php'),
(487, '111', '2012-05-08 10:52:37', '127.0.0.1', '/ph/tmps/phpm/index.php'),
(488, '111', '2012-05-08 10:52:37', '127.0.0.1', '/ph/tmps/phpm/index.php'),
(489, '111', '2012-05-08 10:52:39', '127.0.0.1', '/ph/tmps/phpm/index.php'),
(490, '111', '2012-05-08 10:52:39', '127.0.0.1', '/ph/tmps/phpm/index.php'),
(491, '111', '2012-05-08 10:53:21', '127.0.0.1', '/ph/tmps/phpm/index.php'),
(492, '111', '2012-05-08 10:53:21', '127.0.0.1', '/ph/tmps/phpm/index.php'),
(493, '111', '2012-05-08 10:53:29', '127.0.0.1', '/ph/tmps/phpm/index.php'),
(494, '111', '2012-05-08 10:53:29', '127.0.0.1', '/ph/tmps/phpm/index.php'),
(495, '111', '2012-05-08 11:06:51', '127.0.0.1', '/ph/tmps/phpm/index.php'),
(496, '111', '2012-05-08 11:06:51', '127.0.0.1', '/ph/tmps/phpm/index.php'),
(497, '111', '2012-05-08 11:18:55', '127.0.0.1', '/ph/tmps/phpm/index.php'),
(498, '111', '2012-05-08 11:18:55', '127.0.0.1', '/ph/tmps/phpm/index.php'),
(499, '', '2012-05-10 09:31:48', '127.0.0.1', '/ph/tmps/phpm/index.php'),
(500, '111', '2012-05-10 09:31:52', '127.0.0.1', '/ph/tmps/admin/compcode/admin.php'),
(501, '111', '2012-05-10 09:31:52', '127.0.0.1', '/ph/tmps/phpm/index.php'),
(502, '111', '2012-05-10 09:31:52', '127.0.0.1', '/ph/tmps/phpm/index.php'),
(503, '111', '2012-05-10 09:31:56', '127.0.0.1', '/ph/tmps/present_project.php'),
(504, '111', '2012-05-10 09:32:00', '127.0.0.1', '/ph/tmps/phpm/index.php'),
(505, '111', '2012-05-10 09:32:00', '127.0.0.1', '/ph/tmps/phpm/index.php'),
(506, '111', '2012-05-10 10:00:10', '127.0.0.1', '/ph/tmps/phpm/myProject.php'),
(507, '111', '2012-05-10 10:00:15', '127.0.0.1', '/ph/tmps/phpm/index.php'),
(508, '111', '2012-05-10 10:00:15', '127.0.0.1', '/ph/tmps/phpm/index.php'),
(509, '111', '2012-05-10 10:00:44', '127.0.0.1', '/ph/tmps/present_project.php'),
(510, '111', '2012-05-10 10:02:50', '127.0.0.1', '/ph/tmps/phpm/index.php'),
(511, '111', '2012-05-10 10:02:50', '127.0.0.1', '/ph/tmps/phpm/index.php'),
(512, '111', '2012-05-10 10:03:05', '127.0.0.1', '/ph/tmps/phpm/index.php'),
(513, '111', '2012-05-10 10:03:05', '127.0.0.1', '/ph/tmps/phpm/index.php'),
(514, '111', '2012-05-10 10:12:13', '127.0.0.1', '/ph/tmps/present_project.php'),
(515, '111', '2012-05-10 11:32:37', '127.0.0.1', '/ph/tmps/present_project.php'),
(516, '111', '2012-05-10 11:34:25', '127.0.0.1', '/ph/tmps/present_project.php'),
(517, '111', '2012-05-10 11:40:31', '127.0.0.1', '/ph/tmps/present_project.php'),
(518, '111', '2012-05-10 12:52:15', '127.0.0.1', '/ph/tmps/present_project.php'),
(519, '111', '2012-05-10 12:54:59', '127.0.0.1', '/ph/tmps/present_project.php'),
(520, '111', '2012-05-10 12:55:17', '127.0.0.1', '/ph/tmps/present_project.php'),
(521, '111', '2012-05-10 12:56:13', '127.0.0.1', '/ph/tmps/present_project.php'),
(522, '111', '2012-05-10 14:17:54', '127.0.0.1', '/ph/tmps/phpm/index.php'),
(523, '111', '2012-05-10 14:17:54', '127.0.0.1', '/ph/tmps/phpm/index.php'),
(524, '111', '2012-05-10 15:05:09', '127.0.0.1', '/ph/tmps/admin/compcode/admin.php'),
(525, '111', '2012-05-10 15:05:09', '127.0.0.1', '/ph/tmps/phpm/index.php'),
(526, '111', '2012-05-10 15:05:09', '127.0.0.1', '/ph/tmps/phpm/index.php'),
(527, '111', '2012-05-10 15:34:56', '127.0.0.1', '/ph/tmps/present_project.php'),
(528, '111', '2012-05-10 15:48:22', '127.0.0.1', '/ph/tmps/present_project.php'),
(529, '111', '2012-05-10 15:50:30', '127.0.0.1', '/ph/tmps/present_project.php'),
(530, '111', '2012-05-10 15:51:11', '127.0.0.1', '/ph/tmps/present_project.php'),
(531, '111', '2012-05-10 15:52:09', '127.0.0.1', '/ph/tmps/present_project.php'),
(532, '111', '2012-05-10 15:52:47', '127.0.0.1', '/ph/tmps/present_project.php'),
(533, '111', '2012-05-10 15:52:53', '127.0.0.1', '/ph/tmps/present_project.php'),
(534, '111', '2012-05-10 15:53:35', '127.0.0.1', '/ph/tmps/present_project.php'),
(535, '111', '2012-05-10 16:01:06', '127.0.0.1', '/ph/tmps/present_project.php'),
(536, '111', '2012-05-10 17:08:57', '127.0.0.1', '/ph/tmps/present_project.php'),
(537, '111', '2012-05-10 17:38:19', '127.0.0.1', '/ph/tmps/phpm/index.php'),
(538, '111', '2012-05-10 17:38:19', '127.0.0.1', '/ph/tmps/phpm/index.php'),
(539, '111', '2012-05-10 17:38:26', '127.0.0.1', '/ph/tmps/phpm/index.php'),
(540, '111', '2012-05-10 17:38:26', '127.0.0.1', '/ph/tmps/phpm/index.php'),
(541, '111', '2012-05-10 17:38:44', '127.0.0.1', '/ph/tmps/phpm/index.php'),
(542, '111', '2012-05-10 17:38:44', '127.0.0.1', '/ph/tmps/phpm/index.php'),
(543, '111', '2012-05-10 17:56:29', '127.0.0.1', '/ph/tmps/present_project.php'),
(544, '111', '2012-05-10 17:58:05', '127.0.0.1', '/ph/tmps/present_project.php'),
(545, '', '2012-05-11 09:01:20', '127.0.0.1', '/ph/tmps/phpm/index.php'),
(546, '111', '2012-05-11 09:37:20', '127.0.0.1', '/ph/tmps/admin/compcode/admin.php'),
(547, '111', '2012-05-11 09:37:21', '127.0.0.1', '/ph/tmps/phpm/index.php'),
(548, '111', '2012-05-11 09:37:21', '127.0.0.1', '/ph/tmps/phpm/index.php'),
(549, '111', '2012-05-11 09:37:23', '127.0.0.1', '/ph/tmps/present_project.php'),
(550, '111', '2012-05-11 09:38:34', '127.0.0.1', '/ph/tmps/present_project.php'),
(551, '111', '2012-05-11 09:39:20', '127.0.0.1', '/ph/tmps/present_project.php'),
(552, '111', '2012-05-11 10:47:35', '127.0.0.1', '/ph/tmps/phpm/index.php'),
(553, '111', '2012-05-11 10:47:35', '127.0.0.1', '/ph/tmps/phpm/index.php'),
(554, '111', '2012-05-11 10:47:42', '127.0.0.1', '/ph/tmps/phpm/myProject.php'),
(555, '111', '2012-05-11 10:47:55', '127.0.0.1', '/ph/tmps/phpm/index.php'),
(556, '111', '2012-05-11 10:47:55', '127.0.0.1', '/ph/tmps/phpm/index.php'),
(557, '111', '2012-05-11 10:50:07', '127.0.0.1', '/ph/tmps/present_project.php'),
(558, '111', '2012-05-11 12:44:54', '127.0.0.1', '/ph/tmps/phpm/index.php'),
(559, '111', '2012-05-11 12:44:54', '127.0.0.1', '/ph/tmps/phpm/index.php'),
(560, '111', '2012-05-11 12:44:57', '127.0.0.1', '/ph/tmps/phpm/myProject.php'),
(561, '111', '2012-05-11 12:45:01', '127.0.0.1', '/ph/tmps/phpm/index.php'),
(562, '111', '2012-05-11 12:45:01', '127.0.0.1', '/ph/tmps/phpm/index.php'),
(563, 'ph1', '2012-05-11 12:45:21', '127.0.0.1', '/ph/tmps/admin/compcode/admin.php'),
(564, 'ph1', '2012-05-11 12:45:21', '127.0.0.1', '/ph/tmps/phpm/index.php'),
(565, 'ph1', '2012-05-11 12:45:21', '127.0.0.1', '/ph/tmps/phpm/index.php'),
(566, 'ph1', '2012-05-11 12:45:23', '127.0.0.1', '/ph/tmps/phpm/myProject.php'),
(567, 'ph1', '2012-05-11 12:46:26', '127.0.0.1', '/ph/tmps/phpm/index.php'),
(568, 'ph1', '2012-05-11 12:46:26', '127.0.0.1', '/ph/tmps/phpm/index.php'),
(569, 'ph1', '2012-05-11 12:46:33', '127.0.0.1', '/ph/tmps/phpm/index.php'),
(570, 'ph1', '2012-05-11 12:46:33', '127.0.0.1', '/ph/tmps/phpm/index.php'),
(571, 'ph1', '2012-05-11 12:46:39', '127.0.0.1', '/ph/tmps/phpm/index.php'),
(572, 'ph1', '2012-05-11 12:46:39', '127.0.0.1', '/ph/tmps/phpm/index.php'),
(573, 'ph1', '2012-05-11 12:46:56', '127.0.0.1', '/ph/tmps/phpm/index.php'),
(574, 'ph1', '2012-05-11 12:46:56', '127.0.0.1', '/ph/tmps/phpm/index.php'),
(575, 'ph1', '2012-05-11 12:46:59', '127.0.0.1', '/ph/tmps/phpm/index.php'),
(576, 'ph1', '2012-05-11 12:46:59', '127.0.0.1', '/ph/tmps/phpm/index.php'),
(577, '', '2012-05-11 17:28:36', '127.0.0.1', '/ph/tmps/phpm/index.php'),
(578, '111', '2012-05-11 17:32:43', '127.0.0.1', '/ph/tmps/admin/compcode/admin.php'),
(579, '111', '2012-05-11 17:32:43', '127.0.0.1', '/ph/tmps/phpm/index.php'),
(580, '111', '2012-05-11 17:32:43', '127.0.0.1', '/ph/tmps/phpm/index.php'),
(581, '111', '2012-05-11 19:23:03', '127.0.0.1', '/ph/tmps/present_project.php');

-- --------------------------------------------------------

--
-- Structure for view `personel_view`
--
DROP TABLE IF EXISTS `personel_view`;

CREATE ALGORITHM=UNDEFINED DEFINER=`root`@`localhost` SQL SECURITY DEFINER VIEW `personel_view` AS select `personel`.`per_id` AS `per_id`,`personel`.`per_no` AS `per_no`,`personel`.`per_pname` AS `per_pname`,`personel`.`per_pname2` AS `per_pname2`,`personel`.`per_fnamet` AS `per_fnamet`,`personel`.`per_lnamet` AS `per_lnamet`,`personel`.`per_fnamee` AS `per_fnamee`,`personel`.`per_lnamee` AS `per_lnamee`,`personel`.`per_type` AS `per_type`,`personel`.`per_dept` AS `per_dept`,`personel`.`per_nal` AS `per_nal`,`personel`.`per_renal` AS `per_renal`,`personel`.`per_religion` AS `per_religion`,`personel`.`per_sex` AS `per_sex`,`personel`.`per_blood` AS `per_blood`,`personel`.`per_situation` AS `per_situation`,`personel`.`per_bhd` AS `per_bhd`,`personel`.`per_email` AS `per_email`,`personel`.`per_idcard` AS `per_idcard`,`personel`.`per_tax` AS `per_tax`,`personel`.`per_addr` AS `per_addr`,`personel`.`per_skill` AS `per_skill`,`personel`.`per_hiredate1` AS `per_hiredate1`,`personel`.`per_hiredate2` AS `per_hiredate2`,`personel`.`per_trans` AS `per_trans`,`personel`.`per_retire` AS `per_retire`,`personel`.`per_expert` AS `per_expert`,`personel`.`per_money1` AS `per_money1`,`personel`.`per_money2` AS `per_money2`,`personel`.`per_status` AS `per_status`,`personel`.`per_outdate` AS `per_outdate`,`personel`.`per_remark` AS `per_remark`,`personel`.`per_modify` AS `per_modify`,`personel`.`password` AS `password`,`usergroup`.`id` AS `id`,`usergroup`.`groups` AS `groups`,`usergroup`.`comment` AS `comment`,`organization`.`DeID` AS `DeID`,`organization`.`Code` AS `Code`,`organization`.`Fname` AS `Fname`,`organization`.`Sname` AS `Sname`,`organization`.`Chair` AS `Chair`,`organization`.`Types` AS `Types`,`organization`.`Posit` AS `Posit` from ((`personel` left join `usergroup` on((`personel`.`per_type` = `usergroup`.`id`))) join `organization` on((`personel`.`per_dept` = `organization`.`DeID`))) order by `personel`.`per_fnamet`;

/*!40101 SET CHARACTER_SET_CLIENT=@OLD_CHARACTER_SET_CLIENT */;
/*!40101 SET CHARACTER_SET_RESULTS=@OLD_CHARACTER_SET_RESULTS */;
/*!40101 SET COLLATION_CONNECTION=@OLD_COLLATION_CONNECTION */;
