-- phpMyAdmin SQL Dump
-- version 3.3.7
-- http://www.phpmyadmin.net
--
-- โฮสต์: localhost
-- เวลาในการสร้าง: 
-- รุ่นของเซิร์ฟเวอร์: 5.0.51
-- รุ่นของ PHP: 5.2.6

SET SQL_MODE="NO_AUTO_VALUE_ON_ZERO";


/*!40101 SET @OLD_CHARACTER_SET_CLIENT=@@CHARACTER_SET_CLIENT */;
/*!40101 SET @OLD_CHARACTER_SET_RESULTS=@@CHARACTER_SET_RESULTS */;
/*!40101 SET @OLD_COLLATION_CONNECTION=@@COLLATION_CONNECTION */;
/*!40101 SET NAMES utf8 */;

--
-- ฐานข้อมูล: `tmps`
--

-- --------------------------------------------------------

--
-- โครงสร้างตาราง `activity`
--

CREATE TABLE IF NOT EXISTS `activity` (
  `act_id` int(11) NOT NULL auto_increment,
  `activity` text NOT NULL,
  PRIMARY KEY  (`act_id`)
) ENGINE=InnoDB DEFAULT CHARSET=tis620 AUTO_INCREMENT=1 ;

--
-- dump ตาราง `activity`
--


-- --------------------------------------------------------

--
-- โครงสร้างตาราง `admin`
--

CREATE TABLE IF NOT EXISTS `admin` (
  `per_id` varchar(20) NOT NULL,
  `lastupdate` varchar(25) default NULL,
  PRIMARY KEY  (`per_id`)
) ENGINE=InnoDB DEFAULT CHARSET=tis620;

--
-- dump ตาราง `admin`
--

INSERT INTO `admin` (`per_id`, `lastupdate`) VALUES
('111', NULL);

-- --------------------------------------------------------

--
-- โครงสร้างตาราง `budtype`
--

CREATE TABLE IF NOT EXISTS `budtype` (
  `bt_id` int(2) NOT NULL auto_increment,
  `bt_order` int(1) default '99',
  `bt_name` varchar(32) default NULL,
  `bt_flag` char(1) default NULL,
  PRIMARY KEY  (`bt_id`)
) ENGINE=InnoDB  DEFAULT CHARSET=tis620 PACK_KEYS=0 COMMENT='แหล่งเงิน' AUTO_INCREMENT=3 ;

--
-- dump ตาราง `budtype`
--

INSERT INTO `budtype` (`bt_id`, `bt_order`, `bt_name`, `bt_flag`) VALUES
(1, 1, 'เงินงบประมาณแผ่นดิน', '1'),
(2, 2, 'เงินนอกงบประมาณแผ่นดิน', '1');

-- --------------------------------------------------------

--
-- โครงสร้างตาราง `config`
--

CREATE TABLE IF NOT EXISTS `config` (
  `online` int(1) default NULL,
  `datestart` date default NULL,
  `dateend` date default NULL,
  `orders` int(2) NOT NULL
) ENGINE=InnoDB DEFAULT CHARSET=tis620;

--
-- dump ตาราง `config`
--

INSERT INTO `config` (`online`, `datestart`, `dateend`, `orders`) VALUES
(1, '2011-01-01', '2011-12-31', 1);

-- --------------------------------------------------------

--
-- โครงสร้างตาราง `jos_users`
--

CREATE TABLE IF NOT EXISTS `jos_users` (
  `id` int(11) NOT NULL auto_increment,
  `name` varchar(255) NOT NULL default '',
  `surname` varchar(200) default NULL,
  `username` varchar(150) NOT NULL default '',
  `email` varchar(100) NOT NULL default '',
  `password` varchar(100) NOT NULL default '',
  `usertype` varchar(25) NOT NULL default '',
  `block` tinyint(4) NOT NULL default '0',
  `sendEmail` tinyint(4) default '0',
  `gid` tinyint(3) unsigned NOT NULL default '1',
  `registerDate` datetime NOT NULL default '0000-00-00 00:00:00',
  `lastvisitDate` datetime NOT NULL default '0000-00-00 00:00:00',
  `activation` varchar(100) NOT NULL default '',
  `params` text NOT NULL,
  `DeID` int(5) default NULL,
  `tel` varchar(20) default NULL,
  `img` text,
  PRIMARY KEY  (`id`),
  KEY `usertype` (`usertype`),
  KEY `idx_name` (`name`),
  KEY `gid_block` (`gid`,`block`),
  KEY `username` (`username`),
  KEY `email` (`email`)
) ENGINE=InnoDB  DEFAULT CHARSET=utf8 AUTO_INCREMENT=92 ;

--
-- dump ตาราง `jos_users`
--

INSERT INTO `jos_users` (`id`, `name`, `surname`, `username`, `email`, `password`, `usertype`, `block`, `sendEmail`, `gid`, `registerDate`, `lastvisitDate`, `activation`, `params`, `DeID`, `tel`, `img`) VALUES
(62, 'Chakkapan Charupoom', NULL, 'admin', 'phccr@mahidol.ac.th', 'admin', '2', 0, 1, 25, '2009-09-24 13:50:11', '2010-07-30 09:00:33', '', 'admin_language=\nlanguage=\neditor=fckeditor\nhelpsite=\ntimezone=7\npage_title=แก้ไขรายละเอียดของคุณ\nshow_page_title=1\n\n', 32, '7305,7306', NULL),
(68, 'วีณา', NULL, 'itunit', 'phwww@mahidol.ac.th', '123456', '2', 0, 1, 21, '2009-09-27 11:17:26', '2010-06-17 08:07:23', '', 'admin_language=th-TH\r\nlanguage=th-TH\r\neditor=\r\nhelpsite=\r\ntimezone=7\r\n\r\n', 32, '7305', NULL),
(69, 'Chakkapan Charupoom', NULL, 'chakkapan', 'chakkapan@ovi.com', '123456', 'Administrator', 0, 1, 24, '2009-09-27 13:45:56', '2010-07-30 02:34:49', '4b688ea69c83ef9436db5b7407cefdb2', 'language=\ntimezone=7\nadmin_language=\neditor=\nhelpsite=\npage_title=Edit Your Details\nshow_page_title=1\n\n', 32, NULL, NULL),
(70, 'user2', NULL, 'user2', 'user2@user2', '123456', 'Author', 0, 0, 19, '2009-10-23 10:34:23', '2009-10-28 07:56:23', '', 'admin_language=\nlanguage=\neditor=\nhelpsite=\ntimezone=7\n\n', 32, NULL, NULL),
(71, 'ภาควิชาจุลชีววิทยา', NULL, 'phmi01', 'phmi01@localhost', '123456', 'Author', 0, 0, 19, '2010-03-12 02:23:41', '2010-07-29 07:28:38', '', 'language=\neditor=\nhelpsite=\ntimezone=7\n\n', 3, NULL, NULL),
(72, 'ภาควิชาชีวสถิติ', NULL, 'phbs02', 'phbs02@localhost', '123456', 'Author', 0, 0, 19, '2010-03-12 02:26:39', '2010-07-29 06:36:38', '', 'admin_language=\nlanguage=\neditor=\nhelpsite=\ntimezone=7\n\n', 4, NULL, NULL),
(73, 'ภาควิชาบริหารงานสาธารณสุข', NULL, 'phad03', 'phad03@localhost', '123456', 'Author', 0, 0, 19, '2010-03-12 02:27:31', '2010-07-30 01:58:35', '', 'admin_language=\nlanguage=\neditor=\nhelpsite=\ntimezone=7\n\n', 5, NULL, NULL),
(74, 'ภาควิชาปรสิตวิทยาและกีฏวิทยา', NULL, 'phpr04', 'phpr04@localhost', '123456', 'Author', 0, 0, 19, '2010-03-12 02:28:48', '2010-07-29 06:37:03', '', 'admin_language=\nlanguage=\neditor=\nhelpsite=\ntimezone=7\n\n', 6, NULL, NULL),
(75, 'ภาควิชาการพยาบาลสาธารณสุข', NULL, 'phpn05', 'phpn05@localhost', '123456', 'Author', 0, 0, 19, '2010-03-12 02:29:43', '2010-07-29 07:27:30', '', 'admin_language=\nlanguage=\neditor=\nhelpsite=\ntimezone=7\n\n', 2, NULL, NULL),
(76, 'ภาควิชาโภชนวิทยา', NULL, 'phnu06', 'phnu06@localhost', '123456', 'Author', 0, 0, 19, '2010-03-12 02:31:16', '2010-07-29 06:38:20', '', 'language=\neditor=\nhelpsite=\ntimezone=7\n\n', 7, NULL, NULL),
(77, 'ภาควิชาระบาดวิทยา', NULL, 'phep07', 'phep07@localhost', '123456', 'Author', 0, 0, 19, '2010-03-12 02:32:02', '2010-07-29 08:04:35', '', 'admin_language=\nlanguage=\neditor=\nhelpsite=\ntimezone=7\n\n', 8, NULL, NULL),
(78, 'ภาควิชาวิศวกรรมสุขาภิบาล', NULL, 'phse08', 'phse08@localhost', '123456', 'Author', 0, 0, 19, '2010-03-12 02:32:55', '0000-00-00 00:00:00', '', 'admin_language=\r\nlanguage=\r\neditor=\r\nhelpsite=\r\ntimezone=7\r\n\r\n', 10, NULL, NULL),
(79, 'ภาควิชาวิทยาศาสตร์อนามัยสิ่งแวดล้อม', NULL, 'phss09', 'phss09@localhost', '123456', 'Author', 0, 0, 19, '2010-03-12 02:33:45', '2010-07-29 07:00:20', '', 'admin_language=\r\nlanguage=\r\neditor=\r\nhelpsite=\r\ntimezone=7\r\n\r\n', 9, NULL, NULL),
(80, 'ภาควิชาสุขศึกษาและพฤติกรรมศาสตร์', NULL, 'phhe10', 'phhe10@localhost', '123456', 'Author', 0, 0, 19, '2010-03-12 02:34:43', '2010-07-29 07:10:25', '', 'admin_language=\nlanguage=\neditor=\nhelpsite=\ntimezone=7\n\n', 11, NULL, NULL),
(81, 'ภาควิชาอนามัยครอบครัว', NULL, 'phfh11', 'phfh11@localhost', '123456', 'Author', 0, 0, 19, '2010-03-12 02:35:26', '2010-07-29 07:10:21', '', 'admin_language=\nlanguage=\neditor=\nhelpsite=\ntimezone=7\n\n', 12, NULL, NULL),
(82, 'ภาควิชาอาชีวอนามัยและความปลอดภัย', NULL, 'phoh12', 'phoh12@localhost', '123456', 'Author', 0, 0, 19, '2010-03-12 02:36:23', '0000-00-00 00:00:00', '', 'admin_language=\nlanguage=\neditor=\nhelpsite=\ntimezone=7\n\n', 13, NULL, NULL),
(83, 'สถานฝึกอบรมและวิจัยอนามัยชนบท', NULL, 'phst13', 'phst13@localhost', '123456', 'Author', 0, 0, 19, '2010-03-12 02:37:18', '0000-00-00 00:00:00', '', 'admin_language=\nlanguage=\neditor=\nhelpsite=\ntimezone=7\n\n', 14, NULL, NULL),
(84, 'สำนักบริการเทคโนโลยีสาธารณสุข', NULL, 'phet14', 'phet14@localhost', '123456', 'Author', 0, 0, 19, '2010-03-12 02:38:08', '0000-00-00 00:00:00', '', 'admin_language=\nlanguage=\neditor=\nhelpsite=\ntimezone=7\n\n', 15, NULL, NULL),
(85, 'หน่วยบริการวิชาการและธุรกิจสัมพันธ์', NULL, 'phac15', 'phac15@localhost', '123456', 'Author', 0, 0, 19, '2010-03-12 02:39:10', '0000-00-00 00:00:00', '', 'admin_language=\nlanguage=\neditor=\nhelpsite=\ntimezone=7\n\n', 16, NULL, NULL),
(86, 'หน่วยวิเทศสัมพันธ์และฝึกอบรมนานาชาติ', NULL, 'phir16', 'phir16@localhost', '123456', 'Author', 0, 0, 19, '2010-03-12 02:40:00', '0000-00-00 00:00:00', '', 'admin_language=\nlanguage=\neditor=\nhelpsite=\ntimezone=7\n\n', 17, NULL, NULL),
(87, 'หน่วยสารบรรณ', NULL, 'phcr17', 'phcr17@localhost', '123456', 'Author', 0, 0, 19, '2010-03-12 02:40:35', '0000-00-00 00:00:00', '', 'admin_language=\nlanguage=\neditor=\nhelpsite=\ntimezone=7\n\n', 18, NULL, NULL),
(88, 'สำนักงานคณบดี', NULL, 'phso18', 'phso18@localhost', '123456', 'Author', 0, 0, 19, '2010-03-12 02:41:05', '0000-00-00 00:00:00', '', 'admin_language=\nlanguage=\neditor=\nhelpsite=\ntimezone=7\n\n', 19, NULL, NULL),
(89, 'สุนันทา ไตรภพ', NULL, 'phteste', 'phteste@hotmail.com', '123456', '2', 0, 0, 21, '2010-06-03 01:56:32', '2010-06-03 07:41:41', '', 'admin_language=\r\nlanguage=\r\neditor=\r\nhelpsite=\r\ntimezone=7\r\n\r\n', 32, '7306', NULL),
(90, 'phadmin', NULL, 'phadmin', 'sirimayee@hotmail.com', '123456', 'Author', 0, 0, 19, '2010-06-03 02:27:45', '2010-06-03 07:29:28', '', 'admin_language=\nlanguage=\neditor=\nhelpsite=\ntimezone=7\n\n', 20, NULL, NULL),
(91, 'phnu', NULL, 'phnu', 'phnu@phnu', '123456', 'Author', 0, 0, 19, '2010-06-03 07:22:41', '2010-06-03 07:28:59', '', 'admin_language=\nlanguage=\neditor=\nhelpsite=\ntimezone=7\n\n', 20, NULL, NULL);

-- --------------------------------------------------------

--
-- โครงสร้างตาราง `objective`
--

CREATE TABLE IF NOT EXISTS `objective` (
  `obj_id` int(11) NOT NULL auto_increment,
  `objective` text NOT NULL,
  PRIMARY KEY  (`obj_id`)
) ENGINE=InnoDB DEFAULT CHARSET=tis620 AUTO_INCREMENT=1 ;

--
-- dump ตาราง `objective`
--


-- --------------------------------------------------------

--
-- โครงสร้างตาราง `organization`
--

CREATE TABLE IF NOT EXISTS `organization` (
  `DeID` int(2) unsigned NOT NULL auto_increment,
  `Code` varchar(8) NOT NULL default '',
  `Fname` varchar(50) NOT NULL,
  `Sname` varchar(16) NOT NULL default '',
  `Chair` varchar(32) NOT NULL default '',
  `Types` int(2) default NULL,
  `Posit` char(1) NOT NULL default '',
  PRIMARY KEY  (`DeID`),
  KEY `DeID` (`DeID`,`Fname`,`Types`)
) ENGINE=InnoDB  DEFAULT CHARSET=utf8 PACK_KEYS=0 COMMENT='???ง?/?????' AUTO_INCREMENT=45 ;

--
-- dump ตาราง `organization`
--

INSERT INTO `organization` (`DeID`, `Code`, `Fname`, `Sname`, `Chair`, `Types`, `Posit`) VALUES
(1, 'PH', 'ภาควิชา', 'คณะสาสุข', '', 0, '1'),
(2, '1', 'ภาควิชาการพยาบาลสาธารณสุข', '3402', '1', 1, ''),
(3, '2', 'ภาควิชาจุลชีววิทยา', '6514', '1', 1, ''),
(4, '3', 'ภาควิชาชีวสถิติ', '3203', '1', 1, ''),
(5, 'PHAD', 'ภาควิชาบริหารงานสาธารณสุข', 'ภาคบริหาร', 'หัวหน้าภาควิชา', 1, '1'),
(6, '5', 'ภาควิชาปรสิตวิทยา', '1208', '1', 1, ''),
(7, '6', 'ภาควิชาโภชนวิทยา', '1304', '1', 1, ''),
(8, '7', 'ภาควิชาระบาดวิทยา', '3301', '1', 1, ''),
(9, '8', 'ภาควิชาวิทยาศาสตร์อนามัยสิ่งแวดล้อม', '2403', '1', 1, ''),
(10, '9', 'ภาควิชาวิศวกรรมสุขาภิบาล', '2201', '1', 1, ''),
(11, '10', 'ภาควิชาสุขศึกษาและพฤติกรรมศาสตร์', '3604', '1', 1, ''),
(12, '11', 'ภาควิชาอนามัยครอบครัว', '1302', '1', 1, ''),
(13, '12', 'ภาควิชาอาชีวอนามัยและความปลอดภัย', '2601', '1', 1, ''),
(14, '13', 'สถานฝึกอบรมและวิจัยอนามัยชนบท', '', '1', 1, ''),
(15, 'PHSO', 'สำนักงานคณบดี', 'สนง.คณบดี', 'หัวหน้าสำนักงาน', 0, '1'),
(16, 'PHSOFA', 'หน่วยการเงินและบัญชี', 'การเงิน', 'หัวหน้าหน่วย', 15, '1'),
(17, 'PHSOPS', 'หน่วยพัสดุ', 'พัสดุ', 'หัวหน้าหน่วย', 15, '1'),
(18, 'PHSOCU', 'หน่วยสารบรรณ', 'สารบรรณ', 'หัวหน้าหน่วย', 15, '1'),
(19, 'PHSOMU', 'หน่วยซ่อมบำรุง', 'ซ่อมบำรุง', 'หัวหน้าหน่วย', 15, '1'),
(20, 'PHSOPP', 'งานนโยบายและแผน', 'งานแผน', 'หัวหน้างาน', 15, '1'),
(21, 'PHSOAA', 'งานบริการการศึกษา', 'การศึกษา', 'หัวหน้างาน', 15, '1'),
(22, 'PHSOPU', 'หน่วยการเจ้าหน้าที่', 'การเจ้าหน้าที่', 'หัวหน้าหน่วย', 15, '1'),
(23, 'PHSOTU', 'หน่วยยานยนต์', 'ยานยนต์', 'หัวหน้าหน่วย', 15, '1'),
(24, 'PHSOLU', 'หน่วยประชาสัมพันธ์', 'ประชาสัมพันธ์', 'หัวหน้าหน่วย', 15, '1'),
(25, 'PHSORU', 'หน่วยบริหารและพัฒนางานวิจัย', 'หน่วยวิจัย', 'หัวหน้าหน่วย', 15, '1'),
(26, 'PHSOIU', 'หน่วยวิเทศสัมพันธ์', 'หน่วยวิเทศ', 'หัวหน้าหน่วย', 15, '1'),
(27, 'PHSOAV', 'ศูนย์ผลิตและพัฒนาสื่อสาธารณสุข', 'ศูนย์ผลิต', 'หัวหน้าศูนย์', 15, '1'),
(28, 'PHSOMP', 'หน่วยประสานงานหลักสูตร ส.ม.', 'ส.ม.', 'ประธานหลักสูตร', 15, '1'),
(29, 'PHSOOV', 'สำนักงานเทคโนโลยีสาธารณสุข', 'สนง.เทคโน', 'หัวหน้าสำนักงาน', 15, '1'),
(30, 'PHSOCL', 'สำนักงานปฏิบัติการกลาง', 'LAB กลาง', 'หัวหน้าสำนักงาน', 15, '1'),
(31, 'PHSOSG', 'ฝ่ายเลขานุการ', 'ฝ่ายเลขา', '', 15, '1'),
(32, 'PHSOIT', 'หน่วยเทคโนโลยีสารสนเทศ', 'ไอที', 'หัวหน้าหน่วย', 15, '1'),
(33, 'PHSOBA', 'หน่วยอาคารสถานที่', 'สถานที่', 'หัวหน้าหน่วย', 15, '1'),
(34, 'PHSOSM', 'หน่วยบริการการประชุม', 'การประชุม', 'หัวหน้าหน่วย', 15, '1'),
(35, 'PHSODP', 'หน่วยประสานงานหลักสูตร ส.ด.', 'ส.ด.', 'ประธานหลักสูตร', 15, '1'),
(36, '', 'ฝ่ายกิจการนักศึกษา', 'กิจการ น.ศ.', 'หัวหน้าฝ่าย', 15, '1'),
(37, '', 'ศูนย์ส่งเสริมสุขภาพ', 'ศูนย์สุขภาพ', '', 15, '1'),
(38, '', 'อาคารเอนกประสงค์', 'อาคาร 7', '', 15, '1'),
(39, '', 'หน่วยประกันคุณภาพการศึกษา', 'ประกันคุณภาพ', '', 15, '1'),
(40, '', 'โครงการเร่งรัดผลิตบัณฑิตทันตแพทย์', 'ผลิตทันต', '', 15, '1'),
(41, '', 'ชมรมดนตรีไทย', 'ดนตรีไทย', 'ประธานชมรม', 15, '1'),
(42, 'PHSOFP', 'งานคลังและพัสดุ', 'งานคลัง', 'หัวหน้างาน', 15, '1'),
(43, 'PHSOAG', 'งานบริหารและธุรการ', 'งานบริหาร', 'หัวหน้างาน', 15, '1'),
(44, '', 'บุคคลภายนอก', '', '', NULL, '');

-- --------------------------------------------------------

--
-- โครงสร้างตาราง `permission`
--

CREATE TABLE IF NOT EXISTS `permission` (
  `per_id` varchar(20) NOT NULL,
  `username` varchar(10) NOT NULL,
  `password` varchar(100) NOT NULL,
  `sta_admin` int(1) NOT NULL COMMENT 'สถานะadmin',
  `sta_pp` int(11) NOT NULL COMMENT 'สถานะเจ้าหน้าที่นโยบาย',
  `sta_report` int(1) NOT NULL COMMENT 'สถานะผู้บริหาร',
  `sta_member` int(1) NOT NULL COMMENT 'สถานะเจ้าหน้าที่ส่วนงาน',
  UNIQUE KEY `fk` (`per_id`)
) ENGINE=InnoDB DEFAULT CHARSET=tis620;

--
-- dump ตาราง `permission`
--


-- --------------------------------------------------------

--
-- โครงสร้างตาราง `personel`
--

CREATE TABLE IF NOT EXISTS `personel` (
  `per_id` varchar(20) NOT NULL default '',
  `per_no` varchar(15) NOT NULL default '',
  `per_pname` varchar(10) default NULL,
  `per_pname2` varchar(30) default NULL,
  `per_fnamet` varchar(50) default NULL,
  `per_lnamet` varchar(50) default NULL,
  `per_fnamee` varchar(50) default NULL,
  `per_lnamee` varchar(50) default NULL,
  `per_type` varchar(20) NOT NULL,
  `per_dept` int(2) unsigned NOT NULL default '0',
  `per_nal` int(3) unsigned NOT NULL default '0',
  `per_renal` int(3) unsigned NOT NULL default '0',
  `per_religion` varchar(20) default NULL,
  `per_sex` char(1) default NULL,
  `per_blood` varchar(8) default NULL,
  `per_situation` varchar(20) default NULL,
  `per_bhd` date default NULL,
  `per_email` varchar(50) default NULL,
  `per_idcard` varchar(16) default NULL,
  `per_tax` varchar(16) default NULL,
  `per_addr` text,
  `per_skill` text,
  `per_hiredate1` date default NULL,
  `per_hiredate2` date default NULL,
  `per_trans` varchar(50) default NULL,
  `per_retire` date default NULL,
  `per_expert` varchar(50) default NULL,
  `per_money1` int(5) unsigned default NULL,
  `per_money2` int(5) unsigned default NULL,
  `per_status` int(1) unsigned default '0',
  `per_outdate` date default NULL,
  `per_remark` text,
  `per_modify` datetime default NULL,
  `password` text NOT NULL,
  PRIMARY KEY  (`per_id`),
  KEY `dep_id` (`per_dept`)
) ENGINE=InnoDB DEFAULT CHARSET=tis620;

--
-- dump ตาราง `personel`
--

INSERT INTO `personel` (`per_id`, `per_no`, `per_pname`, `per_pname2`, `per_fnamet`, `per_lnamet`, `per_fnamee`, `per_lnamee`, `per_type`, `per_dept`, `per_nal`, `per_renal`, `per_religion`, `per_sex`, `per_blood`, `per_situation`, `per_bhd`, `per_email`, `per_idcard`, `per_tax`, `per_addr`, `per_skill`, `per_hiredate1`, `per_hiredate2`, `per_trans`, `per_retire`, `per_expert`, `per_money1`, `per_money2`, `per_status`, `per_outdate`, `per_remark`, `per_modify`, `password`) VALUES
('10475', '', 'นาย', '', 'พิทยา', 'จารุพูนผล', 'PHITAYA', 'CHARUPOONPHOL', '1', 11, 223, 223, 'พุทธ', 'M', 'ไม', 'สมรส', '1959-12-19', 'phpcr@mahidol.ac.th', '3709800211576', '1621001940', ' 170/3  ถ. อ่อนนุช40  แขวงสวนหลวง  เขตสวนหลวง  กรุงเทพฯ  10250', ' ', '1993-11-01', '1993-10-01', '', '2020-10-01', '', 5600, 9900, 0, '0000-00-00', '', '2006-09-19 09:07:20', ''),
('10476', '', 'นางสาว', '', 'อุไรวรรณ', 'ภู่สันติสัมพันธ์', 'URAIWAN', 'POOSUNTISUMPUN', '3', 3, 223, 223, 'พุทธ', 'F', 'O', 'โสด', '1964-04-19', '', '3100502988944', '1027739751', ' 183  ซ.สุขาภิบาลโชคชัย4 ถ.ลาดพร้าว  แขวงลาดพร้าว  เขตลาดพร้าว  กรุงเทพฯ  10230', ' ', '1995-03-28', '1995-03-28', '', '2024-10-01', '', 0, 0, 0, '0000-00-00', '', '2006-09-01 11:22:47', ''),
('10478', '', 'นางสาว', '', 'ประไพ', 'ฆ้องแก้ว', 'PRAPAI', 'KHONGKAEW', '3', 9, 223, 223, 'พุทธ', 'F', 'O', 'โสด', '2006-08-30', 'phpkh@mahidol.ac.th', '3101701261433', '1119035006', ' 118   ถ.ประชาราษฎร์บำเพ็ญ    ห้วยขวาง   ห้วยขวาง  กรุงเทพฯ  10320', ' ', '1987-04-01', '1987-08-30', '', '2021-10-01', '', 0, 0, 0, '0000-00-00', '', '2006-08-30 14:57:17', ''),
('10479', '', 'นาย', '', 'เฉลิมชนม์', 'ดอกแขมกลาง', 'CHALLERMCHON', 'DOKKAMKLANG', '3', 13, 223, 223, 'พุทธ', 'M', 'O', 'สมรส', '1964-12-05', '', '3301800260727', '1312547160', ' 31  ซ. 3   ต.โนนค่า อ.สูงเนิน  จ.นครราชสีมา  30170', ' ', '1992-12-17', '1992-12-17', '', '2025-10-01', '', 0, 0, 0, '0000-00-00', '', '2006-09-26 09:04:22', ''),
('10480', '', 'นาง', '', 'นุชนาถ', 'บุญบานเย็น', 'NUCHANAT', 'BOONBANYEN', '2', 25, 223, 223, '', 'F', 'AB', 'สมรส', '1965-01-01', 'phnon@mahidol.ac.th', '3101400182518', '', ' 70/30      ซ.บุญอยู่           ถ.ดินแดง      สามเสนใน     พญาไท    กรุงเทพฯ  ', ' ', '1993-02-01', '1993-02-01', '', '2025-10-01', '', 0, 0, 0, '0000-00-00', '', '2006-08-21 14:05:10', ''),
('10481', '', 'นาง', '', 'อำพร', 'สาเทศ', 'AMPORN', 'SATET', '3', 25, 223, 223, 'พุทธ', 'F', 'ไม', 'สมรส', '1955-09-03', '', '3102400062998', '1200294145', ' 107/4  ถ.บางกรวย-ไทรน้อย  ต.วัดชลอ  อ.บางกรวย  จ.นนทบุรี  11130', ' ', '1993-07-01', '1993-07-01', '', '2015-10-01', '', 0, 0, 0, '0000-00-00', '', '2006-08-31 08:36:46', ''),
('10482', '', 'นางสาว', '', 'สุดใจ', 'ประทีปทอง', 'SUDJAI', 'PRATEEPTHONG', '2', 25, 223, 223, 'พุทธ', 'F', 'B', 'โสด', '1959-12-21', 'phspg@mahidol.ac.th', '5100299076644', '1024232958', ' 423/3 ถ. ราชวิถี แขวงทุ่งพญาไท  เขตราชเทวี  กรุงเทพฯ  10400\r\n', ' ', '1993-03-01', '1993-02-01', '', '2020-10-01', '', 0, 0, 0, '0000-00-00', '', '2006-08-31 08:36:21', ''),
('10517', '', 'นาย', '', 'สุทธิ', 'เจริญพิทักษ์', 'SUTTHI', 'JAROENPITAK', '1', 7, 223, 223, '', 'M', 'ไม', 'โสด', '1968-06-16', 'phsjp@mahidol.ac.th', '3200100373171', '1494320001', '24/1    ถ.พหลโยธิน    อนุสาวรีย์  บางเขน  กรุงเทพฯ   10200', ' ', '1992-04-01', '1994-06-16', '', '2028-10-01', '', 0, 0, 0, '0000-00-00', '', '2006-08-18 10:57:34', ''),
('10552', '', 'นาง', '', 'สมมาส', 'มีธรรม', 'SOMMAS', 'MEETHUM', '3', 25, 223, 223, 'พุทธ', 'F', 'A', 'สมรส', '1965-01-11', '', '3101900643611', '1016679099', ' 420/1 ถ.ราชวิถี  แขวงทุ่งพญาไท  เขตราชเทวี กรุงเทพฯ  10400 ', ' ', '1986-05-08', '1986-05-08', '', '2025-10-01', '', 0, 0, 0, '0000-00-00', '', '2006-09-14 13:59:26', ''),
('10554', '', 'นางสาว', '', 'สุรีย์', 'เพชรรอด', 'SUREE', 'PETROD', '2', 25, 223, 223, 'พุทธ', 'F', 'B', 'โสด', '1956-02-05', '', '3769900041974', '1017361979', ' 420/1  ถ. ราชวิถี  เขตราชวิถี  กรุงเทพฯ  10400', ' ', '1993-07-01', '1993-07-01', '', '2016-10-01', '', 0, 0, 0, '0000-00-00', '', '2006-09-12 10:28:55', ''),
('10555', '', 'นาย', '', 'กิจจา', 'จิตรภิรมย์', 'KITJA', 'CHITPIROM', '2', 1, 223, 223, 'พุทธ', 'M', 'O', 'โสด', '1973-04-27', '', '3929800120391', '1686996076', ' ', ' ', '1996-08-01', '1996-08-01', '', '2033-10-01', '', 0, 0, 0, '0000-00-00', '', '2006-08-29 14:48:55', ''),
('10556', '', 'นางสาว', '', 'รัตนา', 'ประสงค์', 'RATANA', 'PRAONG', '3', 4, 223, 223, '', 'F', 'B', 'โสด', '1952-08-05', '', '3120100723296', '1007536905', ' 16 ม. 3 ถ.พิบูลสงคราม  ต.บางเขน อ.เมือง จ.นนทบุรี 11000', ' ', '1977-08-01', '1977-08-01', '', '2012-10-01', '', 0, 0, 0, '0000-00-00', '', '2006-09-05 10:32:23', ''),
('10557', '', 'นาย', '', 'ดุสิต', 'สุจิรารัตน์', 'DUSIT', 'SUJIRARAT', '1', 7, 223, 223, 'พุทธ', 'M', 'A', 'สมรส', '1959-01-13', 'phdsj@mahidol.ac.th', '3730101527746', '1016604831', ' 4/301 ม.4 ถ.พหลโยธิน  คลองถนน  สายไหม  กรุงเทพฯ  10200', ' ', '1983-07-01', '1993-09-16', 'กรมอนามัย  กระทรวงสาธารณสุข', '2019-10-01', '', 0, 0, 0, '0000-00-00', '', '2006-08-17 15:14:25', ''),
('10559', '', 'นาง', '', 'เสาวคนธ์', 'พวงสีเคน', 'SAOWAKON', 'PUNGSIKAN', '3', 7, 223, 223, 'พุทธ', 'F', 'B', 'สมรส', '1969-05-10', '', '3440900187167', '1195697198', ' 420/1  ถ.ราชวิถี   ทุ่งพญาไทย  ราชเทวี  กรุงเทพฯ  10400', ' ', '1995-09-15', '1995-09-15', '', '2029-10-01', '', 0, 0, 0, '0000-00-00', '', '2006-08-18 11:12:22', ''),
('10754', '', 'นางสาว', '', 'ขวัญใจ', 'อำนาจสัตย์ซื่อ', 'KWANJAI', 'AMNATSATSUE', '1', 5, 223, 223, 'พุทธ', 'F', 'B', '', '1967-10-13', 'phkan@mahidol.ac.th', '3119900552508', '1273245259', ' ', ' ', '1995-06-30', '1995-06-30', '', '1995-06-30', '', 0, 0, 0, '0000-00-00', '', '2006-08-22 09:21:39', ''),
('10755', '', 'นาง', '', 'สุคนธา', 'คงศีล', 'SUKHONTHA', 'KONGSIN', '1', 3, 223, 223, 'พุทธ', 'F', 'O', '', '1962-07-06', 'phsks@mahidol.ac.th', '3909900578046', '1730687448', ' 72/1 ต.หาดใหญ่ อ.หาดใหญ่ จ. สงขลา  ', ' ', '1985-04-01', '1995-02-01', '', '2022-10-01', '', 0, 0, 0, '0000-00-00', '', '2006-09-21 08:05:01', ''),
('10756', '', 'นาย', '', 'พีระ', 'ครึกครื้นจิตร', 'PEERA', 'KRUGKRUNJIT', '1', 3, 223, 223, '', 'M', 'B', 'โสด', '1961-05-05', 'phpkk@mahidol.ac.th', '3760500467925', '1021156707', ' 64/77 ม. 5 ถ.สรงประภา  แขวงสีกัน  เขตดอนเมือง กรุงเทพฯ  10210', ' ', '1988-10-03', '1988-10-03', '', '2021-10-01', '', 0, 0, 0, '0000-00-00', '', '2006-09-01 10:41:53', ''),
('10757', '', 'นางสาว', '', 'ณัฐกมล', 'ชาญสาธิตพร', 'NUTKAMOL', 'CHANSATITPORN', '1', 2, 223, 223, 'พุทธ', 'F', 'ไม', '', '1962-08-15', '', '3101800035202', '1018380122', ' ', ' ', '1986-10-01', '1986-10-01', '', '2022-10-01', '', 5600, 5600, 0, '0000-00-00', '', '2006-09-25 09:59:22', ''),
('10808', '', 'นาง', '', 'สิรินธร', 'กลัมพากร', 'SURINTHORN', 'KLUMPAKORN', '1', 5, 223, 223, 'พุทธ', 'F', 'O', 'สมรส', '1969-09-03', 'phskl@mahidol.ac.th', '3100202574559', '1628098077', ' 79/587     ถ.พญาไท   ราชเทวี     กรุงเทพฯ    ', ' ', '1995-03-28', '1995-08-22', '', '2029-10-01', '', 0, 0, 0, '0000-00-00', '', '2006-08-22 15:03:55', ''),
('111', '', 'นาย', '', 'จักรพันธ์', 'จารุภูมิ', 'sfsdaf', 'dsaf', '00001', 32, 223, 223, '', 'F', 'ไม', '', '2006-09-08', '', '2222222222222', '', ' ', ' ', '2006-09-08', '2006-09-08', '', '2006-09-08', '', 0, 0, 0, '0000-00-00', '', '2006-09-08 11:02:58', 'admin'),
('11338', '', 'นาง', '', 'กนิษฐา', 'จำรูญสวัสดิ์', 'KANISTHA', 'JAMRUNSAWAD', '1', 11, 223, 223, 'พุทธ', 'F', 'A', 'สมรส', '1962-07-14', 'phknt@mahidol.ac.th', '3501400262437', '', ' 185  ม. 8 ต. ทวีวัฒนา  แขวงทวีวัฒนา  เขตทวีวัฒนา  กรุงเทพฯ  10700', ' ', '1990-08-16', '1990-08-16', '', '2022-10-01', '', 3500, 5600, 0, '0000-00-00', '', '2006-09-19 10:11:33', ''),
('11463', '', 'นางสาว', '', 'ดวงรัตน์', 'อินทร', 'DUANGRAT', 'INTHORN', '1', 10, 223, 223, 'พุทธ', 'F', 'A', 'โสด', '1965-03-08', 'phdit@mahdol.ac.th', '3100900132632', '1272322845', ' 38/2    ถ.สุขุมวิท  15   คลองเตยเหนือ   วัฒนา    กรุงเทพฯ   10110', ' ', '1997-05-08', '1997-05-08', '', '2025-10-01', '', 5600, 0, 0, '0000-00-00', '', '2006-08-28 15:48:07', ''),
('11482', '', 'นางสาว', '', 'ปาหนัน', 'พิชย์ภิญโญ', 'PANAN', 'PICHAYAPINYO', '1', 5, 223, 223, 'พุทธ', 'F', 'O', 'โสด', '1966-03-03', '', '3101500005359', '1023804811', ' 119/114   ม.11  บางคูวัด   เมืองปทุมธานี  ปทุมธานี     12000', ' ', '1989-05-01', '1989-05-01', '', '2026-10-01', '', 0, 0, 0, '0000-00-00', '', '2006-08-22 13:45:33', ''),
('11844', '', 'นาง', '', 'พร้อมลักษณ์', 'สมบูรณ์ปัญญากุล', 'PROMLUK', 'SOMBOONPANYAKUL', '1', 6, 223, 223, 'พุทธ', 'F', 'O', 'สมรส', '1972-12-21', 'phpsk@mahidol.ac.th', '3100100012802', '1050620903', ' 140/300  ถ.พุทธมณฑลสาย2 แขวงบางไผ่  เขตภาษีเจริญ  กรุงเทพฯ 10160', ' ', '1998-07-06', '1998-07-06', '', '2033-10-01', '', 0, 0, 0, '0000-00-00', '', '2006-09-05 14:29:50', ''),
('11845', '', 'นางสาว', '', 'พิมสุภาว์', 'จันทนะโสตถิ์', 'PIMSUPA', 'CHANDANASOTTHI', '1', 5, 223, 223, 'พุทธ', 'F', 'O', 'โสด', '1961-12-19', 'phpcd@mahidol.ac.th', '3101403020225', '1620497249', ' 66/4  ม.5      กรับใหญ่  บ้านโป่ง   ราชบุรี  ', ' ', '1984-04-02', '1996-12-01', 'กระทรวงสาธารณสุข', '2022-10-01', '', 0, 0, 0, '0000-00-00', '', '2006-08-21 16:27:41', ''),
('11846', '', 'นางสาว', '', 'ปัญญรัตน์', 'อาภวงศ์วัฒนา', 'PUNYARAT', 'LAPVONGWATNA', '1', 5, 223, 223, 'พุทธ', 'F', 'B', 'โสด', '1955-05-20', 'phplv@mahidol.ac.th', '3102001480044', '1005109668', ' 63/82    ซ.ฮัศวเชษฐ์  บางระบาด  ตลิ่งชัน  กรุงเทพฯ   10170', ' ', '1996-06-25', '1996-08-22', '', '2015-10-01', '', 0, 0, 0, '0000-00-00', '', '2006-08-25 09:20:48', ''),
('11849', '', 'นางสาว', '', 'ปิยะธิดา', 'ขจรชัยกุล', 'PIYATIDA', 'KHAJORNCHAIKUL', '1', 11, 223, 223, 'พุทธ', 'F', 'ไม', '', '1962-09-02', 'phpkj@mahidol.ac.th', '3100902140969', '', ' ', ' ', '1998-09-21', '1998-09-21', '', '2022-10-01', '', 0, 0, 0, '0000-00-00', '', '2006-08-31 14:53:41', ''),
('11851', '', 'นาย', '', 'ปรีชา', 'ลอเสรีวานิช', 'PREECHA', 'LOOSEREEWANICH', '1', 12, 223, 223, 'พุทธ', 'M', 'O', 'สมรส', '1953-07-10', 'phplw@mahidol.ac.th', '3100100436882', '1004785740', ' 1  ม.3   ถ.เลียบคลองชัย   พุทธมณฑล   นครปฐม  73170', ' ', '1977-10-01', '1977-08-01', '', '2013-10-01', '', 5600, 5600, 0, '0000-00-00', '', '2006-09-01 09:42:28', ''),
('12385', '', 'นางสาว', '', 'ดวงตา', 'กิจแก้ว', 'DUANGTA', 'KITKAEW', '1', 9, 223, 223, 'พุทธ', 'F', 'A', 'โสด', '1967-10-23', 'd-kitkaew@hotmail.com', '3110100555270', '1026484447', ' 533 หมู่ 7 ถ.บรมราชชนนี แขวงศาลาธรรมสพน์ เขตทวีวัฒนา จ.กรุงเทพมหานคร 10170', ' ', '1988-11-21', '1988-11-21', '', '2028-10-01', '', 0, 0, 0, '0000-00-00', '', '2006-04-07 21:39:45', ''),
('12387', '', 'นาย', '', 'สานิตย์', 'พิทักษ์', 'SANIT', 'PITAK', '3', 13, 223, 223, 'พุทธ', 'M', 'A', 'สมรส', '1952-01-22', '', '3301800601036', '1310210387', ' 15/3 ม.13 ถ.สีคิ้ว  ต.สีคิ้ว  อ.สีคิ้ว  จ.นครราชสีมา  30140', ' ', '1974-04-01', '1974-04-01', '', '2012-10-01', '', 0, 0, 0, '0000-00-00', '', '2006-09-05 10:59:56', ''),
('12776', '', 'นาง', '', 'วีณา', 'เที่ยงธรรม', 'WEENA', 'THIANGTHAM', '1', 5, 223, 223, 'พุทธ', 'F', 'B', 'สมรส', '1958-03-04', 'phwaj@mahidol.ac.th', '3670800323431', '1562351647', ' 4/156  ม.4   คลองกุ่ม  เขตบึงกุ่ม  กรุงเทพฯ', ' ', '1981-06-15', '1997-08-22', 'กระทรวงสาธารณาสุข', '2015-10-01', '', 0, 0, 0, '0000-00-00', '', '2006-08-22 10:27:57', ''),
('12807', '', 'นาง', '', 'สมพร', 'จามรมาน', 'SOMPORN', 'JAMONMAN', '3', 25, 223, 223, '', 'F', 'AB', 'สมรส', '1967-07-01', '', '3710200227562', '1036422040', ' 39/61   ศาลายา     พุทธมณฑล    นครปฐม  73170', ' ', '1994-02-01', '1994-02-01', '', '2027-10-01', '', 0, 0, 0, '0000-00-00', '', '2006-08-21 12:46:51', ''),
('2115', '', 'นางสาว', '', 'สุคนธา', 'ศิริ', 'SUKHONTHA', 'SIRI', '4', 7, 223, 223, 'พุทธ', 'F', 'ไม่ระบุ', 'โสด', '1978-03-17', '', '3920600539276', '', ' 200/3 ถ.ชักพระ ตำบลคลองชักพระ อำเภอตลิ่งชัน กทม.', ' ', '2007-09-02', '2007-09-02', '', '2038-10-01', '', 0, 0, 0, '0000-00-00', '', '2007-09-02 13:34:59', ''),
('2645', '', 'นาย', '', 'สืบพงศ์', 'นิรันด์พันธ์', 'xx', 'xx', '11', 25, 223, 223, 'พุทธ', 'M', 'O', 'สมรส', '1958-02-08', '', '3100500483454', '1016314772', ' 420/1  ถ.ราชเทวี  แขวงทุ่งพยาไท  เขตราชเทวี  กรุงเทพฯ  10400', ' ', '1980-05-01', '1980-05-01', '', '2018-10-01', '', 0, 0, 0, '0000-00-00', '', '2006-09-15 09:26:42', ''),
('2647', '', 'นาย', '', 'สมชาย', 'กลีบเมฆ', 'xx', 'xx', '10', 25, 223, 223, 'พุทธ', 'M', 'O', 'สมรส', '1965-06-08', '', '5240600018775', '1047847245', ' 24/23  หมู่ที่  3  ถ.  พหลโยธิน  แขวงอนุเสาวรีย์  เขตบางเขน  กรุงเทพฯ 10220', ' ', '1993-10-01', '1993-10-01', '', '2025-10-01', '', 0, 0, 0, '0000-00-00', '', '2006-09-15 09:27:07', ''),
('3240', '', 'นาย', '', 'คำรณ', 'อ่อนสุดรักษ์', 'xx', 'xx', '10', 25, 223, 223, 'พุทธ', 'M', 'O', 'สมรส', '1959-01-01', '', '3100501055570', '1051966093', ' 121/178  หมู่ที่ 5 ถ. สายไหม  แขวงสายไหม  กรุงเทพฯ  10220', ' ', '1991-03-01', '1991-03-01', '', '1991-10-01', '', 0, 0, 0, '0000-00-00', '', '2006-08-29 15:47:09', ''),
('3241', '', 'นาย', '', 'ปัญญา', 'อรุณภู่', 'xx', 'xx', '10', 25, 223, 223, 'พุทธ', 'M', 'A', 'สมรส', '1963-07-14', '', '3100900288365', '1033087112', ' 24/3  ซอยริมคลองแสนแสบ  แขวงคลองเตยเหนือ  เขตวัฒนา  กรุงเทพฯ  10110', ' ', '1993-11-01', '1993-11-01', '', '2023-10-01', '', 0, 0, 0, '0000-00-00', '', '2006-08-29 15:51:21', ''),
('3242', '', 'นาง', '', 'สาธร', 'ตุ้มท่าไม้', 'xx', 'xx', '10', 25, 223, 223, 'พุทธ', 'F', 'B', 'สมรส', '1949-03-07', '', '3101900641651', '1014369671', ' 58 หมู่ที่ 1  แขวงบางพรม  เขตตลิ่งชัน  กรุงเทพฯ  10700', ' ', '1983-03-01', '1983-04-01', '', '2009-10-01', '', 0, 0, 0, '0000-00-00', '', '2006-08-29 15:55:41', ''),
('3308', '', 'นาง', '', 'สุจินต์', 'เสือนาค', 'xx', 'xx', '10', 25, 223, 223, 'พุทธ', 'F', 'ไม', 'สมรส', '1954-03-28', '', '3101900010694', '1015810363', ' 73/296 หมู่ที่  4  แขวงบางใหญ่  เขตบางใหญ่  นนทบุรี  11140', ' ', '1984-04-02', '1984-03-02', '', '2014-10-01', '', 0, 0, 0, '0000-00-00', '', '2006-08-29 15:59:58', ''),
('3396', '', 'นาง', '', 'ชุติมา', 'ชนะสะแบง', 'xx', 'xx', '10', 25, 223, 223, 'พุทธ', 'F', 'B', 'สมรส', '1953-12-12', '', '3410601085150', '1052693547', ' 24/2 ถ.พหลโยธิน  แขวงอนุเสาวรีย์  เขตบางเขน  กรุงเทพฯ  10200', ' ', '1995-10-02', '1995-10-02', '', '2014-10-01', '', 0, 0, 0, '0000-00-00', '', '2006-08-29 16:04:19', ''),
('361', '', 'นาย', '', 'ใส', 'กลั่นความดี', 'xx', 'xx', '10', 25, 223, 223, 'พุทธ', 'M', 'O', 'โสด', '1958-11-26', '', '3101400846386', '1046145700', ' 3417 ถ. ประชาสงเคราะห์  แขวงดินแดง  เขตดินแดง  กรุงเทพฯ  10400', ' ', '1995-07-10', '1995-07-10', '', '2019-10-01', '', 0, 0, 0, '0000-00-00', '', '2006-09-15 09:02:28', ''),
('363', '', 'นาย', '', 'สมพร', 'นุชพงษ์', 'xx', 'xx', '10', 25, 223, 223, 'พุทธ', 'F', 'A', 'สมรส', '1946-10-10', '', '3101701863093', '1007295420', ' 3417 แขวงดินแดง เขตดินแดง จ.กรุงเทพมหานคร ', ' ', '1968-07-22', '1968-07-22', '', '2007-10-01', '', 0, 1117, 0, '0000-00-00', '', '2006-04-08 21:23:18', ''),
('365', '', 'นาง', '', 'สุเนตรา', 'วิบูลยเสข', 'xx', 'xx', '10', 25, 223, 223, 'พุทธ', 'F', 'O', 'สมรส', '1951-06-24', '', '3100602918581', '1011675904', ' 445 ถ.ลาดพร้าว แขวงวังทองหลาง เขตวังทองหลาง จ.กรุงเทพมหานคร 10310', ' ', '1971-09-01', '1971-09-01', '', '2011-10-01', '', 0, 1627, 0, '0000-00-00', '', '2006-04-07 11:27:36', ''),
('366', '', 'นางสาว', '', 'สำเภา', 'คงเขียว', 'xx', 'xx', '10', 25, 223, 223, 'พุทธ', 'F', 'ไม', 'โสด', '1949-05-26', '', '3170600467841', '1025993568', ' 24 ถ.พหลโยธิน  แขวงอนุเสาวรีย์  เขตบางเขน  กรุงเทพฯ  10400\r\n420/1 ถ.ราชวิถี  แขวงพยาไท  เขตราชเทวี  กรุงเทพฯ 10400', ' ', '1990-07-16', '1990-07-16', '', '2009-10-01', '', 0, 0, 0, '0000-00-00', '', '2006-09-15 09:02:51', ''),
('367', '', 'นาง', '', 'วินิจ', 'คำผา', 'xx', 'xx', '10', 25, 223, 223, 'คริสต์ นิกายโรมัน', 'F', 'O', 'หย่า', '1964-11-12', '', '3670500868459', '1040059348', ' 420/1 ถ. ราชวิถี  แขวงทุ่งพญาไท  เขตราชเทวี  กรุงเทพฯ  10400', ' ', '1992-05-01', '1992-05-01', '', '2025-10-01', '', 0, 0, 0, '0000-00-00', '', '2006-09-15 09:03:21', ''),
('368', '', 'นาง', '', 'รัญจวน', 'เดชไทย', 'xx', 'xx', '10', 25, 223, 223, 'พุทธ', 'F', 'ไม', 'สมรส', '1969-12-26', '', '3450600792367', '1782611491', ' 110/12 ถ.พระราม6 แขวงสามเสนใน เขตพญาไท จ.กรุงเทพมหานคร 10400', ' ', '1995-10-02', '1995-10-02', '', '2030-10-01', '', 0, 0, 0, '0000-00-00', '', '2006-04-08 21:26:13', ''),
('373', '', 'นาง', '', 'อุไร', 'กองม่วง', 'xx', 'xx', '10', 25, 223, 223, 'พุทธ', 'F', 'B', 'หย่า', '1957-05-23', '', '3102002522361', '', ' 90/14 ลาดยาว  จตุจักร  กรุงเทพมหานคร', ' ', '1991-03-01', '1991-03-01', '', '2017-10-01', '', 0, 0, 0, '0000-00-00', '', '2006-08-28 16:22:20', ''),
('375', '', 'นาย', '', 'ไพฑูรย์', 'เกตุมณี', 'xx', 'xx', '10', 25, 223, 223, 'พุทธ', 'M', 'ไม', 'สมรส', '2006-04-07', '', '3102200033064', '1017009710', ' 9/24 หมู่ที่ 2 ถ.เพชรเกษม28 แขวงบางจาก เขตภาษีเจริญ จ.กรุงเทพมหานคร 10160', ' ', '1982-02-01', '1982-02-01', '', '2009-10-01', '', 0, 838, 0, '0000-00-00', '', '2006-04-08 21:24:16', ''),
('3774', '', 'นาย', '', 'วิสุทธิ์', 'ดวงสว่าง', 'xx', 'xx', '10', 25, 223, 223, 'พุทธ', 'M', 'ไม', 'สมรส', '1965-03-13', '', '3779800210038', '', ' 126/1 หมู่ที่ 3  ต.สูงเนิน  อ.สูงเนิน  จ. นครราชสีมา  30140', ' ', '1995-07-17', '1995-07-17', '', '2025-10-01', '', 0, 0, 0, '0000-00-00', '', '2006-08-29 16:08:30', ''),
('3775', '', 'นาย', '', 'สุชาติ', 'อ่อนรำพรรณ', 'xx', 'xx', '10', 25, 223, 223, 'พุทธ', 'M', 'ไม', 'โสด', '1963-05-23', '', '3120200325331', '', ' 33/74  ม.8  แขวงท่าแร้ง  เขตบางเขน  กรุงเทพฯ  ', ' ', '1989-02-15', '1989-02-15', '', '2023-10-01', '', 0, 0, 0, '0000-00-00', '', '2006-08-29 16:12:20', ''),
('380', '', 'นาย', '', 'บุบผา', 'เนียมหอม', 'xx', 'xx', '10', 25, 223, 223, 'พุทธ', 'F', 'A', 'โสด', '1952-01-10', '', '3100201144402', '1023169057', ' 855 ถ. กรุงเทพ - นนทบุรรี  แขวงบางซื่อ เขตบางซื่อ กรุงเทพฯ ', ' ', '1991-03-01', '1991-03-01', '', '2012-10-01', '', 0, 0, 0, '0000-00-00', '', '2006-09-15 09:03:59', ''),
('381', '', 'นาย', '', 'บวรวงศ์', 'หิรัณยเลขา', 'xx', 'xx', '10', 25, 223, 223, 'พุทธ', 'F', 'A', 'สมรส', '1965-02-23', '', '3102002341790', '1026297702', ' 63  ถ. จรัลสนิทวงศ์   แขวงบางบำหรุ   เขตบางพลัด   กรุงเทพฯ   10700', ' ', '1992-02-03', '1992-02-03', '', '2025-10-01', '', 0, 0, 0, '0000-00-00', '', '2006-09-15 09:04:47', ''),
('382', '', 'นาย', '', 'วิทยา', 'เกตุตะคุ', 'xx', 'xx', '10', 25, 223, 223, 'พุทธ', 'M', 'ไม', 'สมรส', '1966-07-27', '', '3301800315700', '1312233025', ' 53/2  ตำบลโคราช  เขตสูงเนิน  จังหวัดนครราชสีมา   30170', ' ', '1995-07-10', '1995-07-10', '', '2026-10-01', '', 0, 0, 0, '0000-00-00', '', '2006-09-15 09:08:40', ''),
('383', '', 'นางสาว', '', 'สุนันท์', 'อินสุทธิ', 'xx', 'xx', '10', 25, 223, 223, 'พุทธ', 'F', 'O', 'โสด', '1945-11-09', '', '3101900157458', '1008988048', ' 4/43  ถ. พหลโยธิน  แขวงคลองถนน  เขตสายใหม  กรุงเทพฯ  10220', ' ', '1979-02-01', '1979-02-01', '', '2006-10-01', '', 0, 0, 0, '0000-00-00', '', '2006-09-15 09:09:20', ''),
('384', '', 'นาย', '', 'สมศักดิ์', 'ถุงเงินโต', 'xx', 'xx', '10', 25, 223, 223, 'พุทธ', 'M', 'B', 'สมรส', '2053-12-29', '', '3101801448021', '1024092392', ' 4   หมู่  1   ตำบลท้ายเกาะ   อำเภอสามโคก  จังหวัดปทุมธานี   ', ' ', '1971-08-13', '1971-08-13', '', '2014-10-01', '', 0, 0, 0, '0000-00-00', '', '2006-09-15 09:09:46', ''),
('385', '', 'นาง', '', 'เรณู', 'ถนอมสิน', 'xx', 'xx', '10', 25, 223, 223, 'พุทธ', 'F', 'ไม', 'หย่า', '2006-08-29', '', '3302090066935', '1310210301', ' 109/1  หมู่ที่ 2  ซอย 9 ถนน ชุมค้า  ตำบลสีคิ้ว  อำเภอนครราชสีมา  30140', ' ', '0000-00-00', '1974-04-01', '', '0000-00-00', '', 0, 0, 0, '0000-00-00', '', '2006-09-15 09:10:11', ''),
('388', '', 'นาย', '', 'มาโนช', 'ชาวชอบ', 'xx', 'xx', '10', 25, 223, 223, 'พุทธ', 'F', 'O', 'สมรส', '1950-02-21', '', '3100502225797', '1005224576', ' 31/2  หมู่ที่  4  ตำบลวัดชลอ  อำเภอบางกรวย   จังหวัดนนทบุรี   11130', ' ', '1982-12-15', '1982-12-15', '', '2010-10-01', '', 0, 0, 0, '0000-00-00', '', '2006-09-15 09:10:42', ''),
('390', '', 'นางสาว', '', 'สุวรรณา', 'ทองอยู่', 'xx', 'xx', '10', 25, 223, 223, 'พุทธ', 'F', 'O', 'โสด', '1960-01-22', '', '3100602651003', '1119217174', ' 77/8  หมู่ที่  14  ถ. รามอินทรา   แขวงคันนายาว   เขตคันนายาว   กรุงเทพฯ   10230', ' ', '1991-09-09', '1991-09-09', '', '2020-10-01', '', 0, 0, 0, '0000-00-00', '', '2006-09-15 09:11:06', ''),
('3908', '', 'นาง', '', 'พูลสุข', 'ศรีวรรัตน์', 'xx', 'xx', '10', 25, 223, 223, 'พุทธ', 'F', 'O', 'สมรส', '1955-06-24', '', '3101400985602', '', ' 291  แขวงสามเสนใน  เขตพญาไท  กรุงเทพฯ  10400', ' ', '1992-11-02', '1992-11-02', '', '2015-10-01', '', 0, 0, 0, '0000-00-00', '', '2006-08-29 16:16:10', ''),
('391', '', 'นาย', '', 'เอนก', 'ว่านกระ', 'xx', 'xx', '10', 25, 223, 223, 'พุทธ', 'M', 'AB', 'สมรส', '1958-12-16', '', '3100504009285', '1007791594', ' 360  หมู่ที่  11  ถ.เชิดวุฒิทากา   แขวงสีกัน   เขตดอนเมือง   กรุงเทพฯ   10210', ' ', '1984-05-16', '1984-05-16', '', '2019-10-01', '', 0, 0, 0, '0000-00-00', '', '2006-09-15 09:11:33', ''),
('393', '', 'นาย', '', 'ปัญญา', 'จิตต์เนื่อง', 'xx', 'xx', '10', 25, 223, 223, 'พุทธ', 'M', 'ไม', 'สมรส', '1951-12-27', '', '3100600608836', '1003759391', ' 24/52  หมู่ที่ 3  ถ. พหลโยธิน   แขวงอนุเสาวรีย์   เขตบางเขน   กรุงเทพฯ   10220', ' ', '1974-04-01', '1974-04-01', '', '2012-10-01', '', 0, 0, 0, '0000-00-00', '', '2006-09-15 09:12:18', ''),
('394', '', 'นาย', '', 'อดิศักดิ์', 'โตอ่วม', 'xx', 'xx', '10', 25, 223, 223, 'พุทธ', 'M', 'O', 'สมรส', '1946-01-20', '', '3130100290071', '1033949007', ' 86  หมู่ที่ 5 ถ. ติวานนท์   ตำบลบางกะดี   อำเภอเมือง   จังหวัดปทุมธานี   12000', ' ', '1972-12-01', '1972-12-01', '', '2007-10-01', '', 0, 0, 0, '0000-00-00', '', '2006-09-15 09:12:43', ''),
('395', '', 'นาย', '', 'ฉลวย', 'ชั่งโต', 'xx', 'xx', '10', 25, 223, 223, 'พุทธ', 'M', 'O', 'สมรส', '1947-03-22', '', '3101900709485', '1021395694', ' 45/326  หมู่ที่  1  แขวงหนองค้างพลู  เขตหนองแขม   กรุงเทพฯ   10162', ' ', '1973-02-01', '1973-02-01', '', '2007-10-01', '', 0, 0, 0, '0000-00-00', '', '2006-09-15 09:13:09', ''),
('397', '', 'นาง', '', 'ดวงสมร', 'ฟักเย็น', 'xx', 'xx', '10', 25, 223, 223, 'พุทธ', 'F', 'AB', 'สมรส', '1954-09-13', '', '3102101123359', '1023013695', ' 58/263 หมู่ที่ 2 ถ.เอกชัย แขวงบางขุนเทียน เขตจอมทอง จ.กรุงเทพมหานคร 10150', ' ', '1986-10-27', '1986-10-27', '', '2014-10-01', '', 0, 0, 0, '0000-00-00', '', '2006-04-14 12:46:30', ''),
('399', '', 'นาย', '', 'สมยศ', 'หรุ่นรุ่งเรือง', 'xx', 'xx', '10', 25, 223, 223, 'พุทธ', 'M', 'A', 'สมรส', '1961-06-19', '', '3102001894868', '1047847283', ' 6/3 หมู่ที่  9  ถ.บางกรวย   ตำบลบางกรวย   อำเภอบางกรวย   จังหวัดนนทบุรี   ', ' ', '1996-10-15', '1996-10-15', '', '2021-10-01', '', 0, 0, 0, '0000-00-00', '', '2006-09-15 09:18:35', ''),
('400', '', 'นาย', '', 'สมยศ', 'วะลัยสุข', 'xx', 'xx', '10', 25, 223, 223, 'พุทธ', 'M', 'A', 'สมรส', '1947-07-01', '', '3301800010500', '1311605496', ' 212/1  หมู่ที่  10 ถ. มิตรสัมพันธ์  ตำบลสูงเนิน  อำเภอสูงเนิน   จังหวัดนครราชสีมา  30170', ' ', '1947-09-03', '1947-09-03', '', '2007-10-01', '', 0, 0, 0, '0000-00-00', '', '2006-09-15 09:19:24', ''),
('401', '', 'นาย', '', 'สมพันธ์', 'ศรสูงเนิน', 'xx', 'xx', '10', 25, 223, 223, 'พุทธ', 'M', 'B', 'สมรส', '1961-02-15', '', '3301800023270', '4101030232', ' 360  หมู่ที่ 1  ตำบลสูงเนิน   อำเภอสูงเนิน   จังหวัดนครราชสีมา   30170', ' ', '1995-10-02', '1995-10-02', '', '2021-10-01', '', 0, 0, 0, '0000-00-00', '', '2006-08-29 11:15:05', ''),
('403', '', 'นางสาว', '', 'สุกุญญา', 'โควาวิเศษสุต', 'xx', 'xx', '10', 25, 223, 223, 'พุทธ', 'F', 'B', 'โสด', '1969-10-05', '', '3102001338221', '1042637971', ' 229   แขวงบางขุนศรี  เขตบางกอกน้อย  กรุงเทพฯ   ', ' ', '1994-07-01', '1994-07-01', '', '2030-10-01', '', 0, 0, 0, '0000-00-00', '', '2006-09-15 09:20:05', ''),
('404', '', 'นาง', '', 'จำเนียร', 'รุจนเสรี', 'xx', 'xx', '10', 25, 223, 223, 'พุทธ', 'F', 'O', 'สมรส', '1952-01-09', '', '3100202918801', '1008935967', ' 49  ถ. พระราม 5  แขวงดุสิต  เขตดุสิต  กรุงเทพฯ  10300', ' ', '1977-07-01', '1977-07-01', '', '2012-10-01', '', 0, 0, 0, '0000-00-00', '', '2006-08-29 13:18:22', ''),
('407', '', 'นาย', '', 'พิชิต', 'สักใหญ่', 'xx', 'xx', '10', 25, 223, 223, 'พุทธ', 'M', 'AB', 'หย่า', '1949-12-09', '', '3101400995454', '1010117450', ' 4/2  ถ. พหลโยธิน  แขวงอนุเสาวรีย์   เขตบางเขน   กรุงเทพฯ   12220', ' ', '1973-08-15', '1973-08-15', '', '2010-10-01', '', 0, 0, 0, '0000-00-00', '', '2006-09-15 09:20:53', ''),
('409', '', 'นาย', '', 'สุพรรณ', 'เจียกรัมย์', 'xx', 'xx', '10', 25, 223, 223, 'พุทธ', 'M', 'ไม', 'สมรส', '1960-11-26', '', '3310101335191', '1024232750', ' 24/23  หมู่ที่  3 ถ. พหลโยธิน  แขวงอนุเสาวรีย์  เขตบางเขน   กรุงเทพฯ10220', ' ', '1990-03-01', '1990-03-01', '', '2021-10-01', '', 0, 0, 0, '0000-00-00', '', '2006-09-15 09:21:21', ''),
('411', '', 'นาง', '', 'มานิจ', 'กล่องเพ็ชร', 'xx', 'xx', '10', 25, 223, 223, 'พุทธ', 'F', 'O', 'สมรส', '1945-10-25', '', '3140200346966', '1009721088', ' 4/10  หมู่ที่  2  ซอยชื่น   แขวงคลองสอง   เขตคลองหลวง   จังหวัดปทุมธานี  12120', ' ', '1977-05-01', '1977-05-01', '', '2006-10-01', '', 0, 0, 0, '0000-00-00', '', '2006-09-15 09:21:59', ''),
('412', '', 'นาย', '', 'บุญมี', 'หารธงชัย', 'xx', 'xx', '10', 25, 223, 223, 'พุทธ', 'M', 'B', 'สมรส', '1946-11-06', '', '3301800025345', '1311605793', ' 110  หมู่ที่  10  ตำบลสูงเนิน   อำเภอสูงเนิน   จังหวัดนครราชสีมา    30170', ' ', '1977-06-02', '1977-06-02', '', '2007-10-01', '', 0, 0, 0, '0000-00-00', '', '2006-09-15 09:22:25', ''),
('414', '', 'นาย', '', 'ระเบียบ', 'กลมจตุรัส', 'xx', 'xx', '10', 25, 223, 223, 'พุทธ', 'M', 'ไม', 'สมรส', '1977-11-06', '', '3120101102091', '', ' 24/23  ถ. พหลโยธิน  แขวงบางเขน  เขตบางเขน  กรุงเทพฯ', ' ', '1977-06-02', '1977-06-02', '', '2007-10-01', '', 0, 0, 0, '0000-00-00', '', '2006-09-15 09:22:49', ''),
('415', '', 'นาย', '', 'ประสิทธิ์', 'ซันมิน', 'xx', 'xx', '10', 25, 223, 223, 'พุทธ', 'M', 'ไม', 'สมรส', '1960-09-10', '', '3100300170509', '1008450187', ' 102  หมู่ที่  3  ถ.  เลียบคลองทวี  แขวงทวีวัฒนา  เขตทวีวัฒนา  กรุงเทพฯ  10170', ' ', '1978-10-02', '1978-10-02', '', '2020-10-01', '', 0, 0, 0, '0000-00-00', '', '2006-09-15 09:23:10', ''),
('417', '', 'นาย', '', 'วัตถาภรณ์', 'เก่ทอง', 'xx', 'xx', '10', 25, 223, 223, 'พุทธ', 'F', 'A', 'โสด', '1964-12-06', '', '3730400174543', '1043829948', ' 420/1  แขวงทุ่งพญาไท   เขตราชเทวี  กรุงเทพฯ   10400', ' ', '1995-04-10', '1995-04-10', '', '2025-10-01', '', 0, 0, 0, '0000-00-00', '', '2006-09-15 09:23:34', ''),
('418', '', 'นาง', '', 'จินตนา', 'ปั้นทอง', 'xx', 'xx', '10', 25, 223, 223, 'พุทธ', 'F', 'ไม', 'สมรส', '1950-03-16', '', '3101900709400', '1008935974', ' 21/1  หมู่ที่ 3  แขวงบางพรม   เขตตลิ่งชัน  กรุงเทพฯ  10170', ' ', '1978-10-16', '1978-10-16', '', '2010-10-01', '', 0, 0, 0, '0000-00-00', '', '2006-09-15 09:23:56', ''),
('419', '', 'นาย', '', 'รังสรรค์', 'ประดับวงษ์', 'xx', 'xx', '10', 25, 223, 223, 'พุทธ', 'M', 'ไม', 'สมรส', '1954-07-07', '', '5360600065977', '1310517202', ' 30/8 หมู่ที่  8  ถ. มิตรสัมพันธ์  ตำบลสูงเนิน  อำเภอสูงเนิน  จังหวัดนครราชสีมา 30170', ' ', '1978-10-02', '1978-08-02', '', '2014-10-01', '', 0, 0, 0, '0000-00-00', '', '2006-09-15 09:24:19', ''),
('422', '', 'นาย', '', 'สุเทพ', 'สิงห์ธรรม', 'xx', 'xx', '10', 25, 223, 223, 'พุทธ', 'M', 'B', 'สมรส', '1962-04-10', '', '3600100965759', '1049687764', ' 24/52 ถ. พหลโยธิน  แขวงอนุเสาวรีย์  เขตบางเขน  กรุงเทพฯ  10220', ' ', '1986-04-21', '1986-04-21', '', '2022-10-01', '', 0, 0, 0, '0000-00-00', '', '2006-09-15 09:24:41', ''),
('423', '', 'นางสาว', '', 'โสภา', 'ทองอยู่', 'xx', 'xx', '10', 25, 223, 223, 'พุทธ', 'F', 'B', 'โสด', '1966-07-02', '', '3100602651038', '1025647355', ' 77/8  หมู่ที่  14  ถ. รามอินทรา  แขวงคันนายาว   เขตคันนายาว  กรุงเทพฯ  10230', ' ', '1992-10-19', '1992-10-19', '', '2026-10-01', '', 0, 0, 0, '0000-00-00', '', '2006-09-15 09:25:04', ''),
('424', '', 'นาย', '', 'ประวิทย์', 'ดอนโพธิ์ทอง', 'xx', 'xx', '10', 25, 223, 223, 'พุทธ', 'M', 'A', 'โสด', '1948-02-01', '', '3101700979454', '1018776383', ' 901/14  ถ. ลาดพร้าว   แขวงสามเสนนอก   เขตห้วยขวาง   กรุงเทพฯ   10310', ' ', '1980-02-01', '1980-02-01', '', '2008-10-01', '', 0, 0, 0, '0000-00-00', '', '2006-09-15 09:25:26', ''),
('426', '', 'นางสาว', '', 'พัชรี', 'บุญเพ็ง', 'xx', 'xx', '10', 25, 223, 223, 'พุทธ', 'F', 'A', 'โสด', '1955-05-30', '', '3101900157474', '1015480788', ' 4/43  ถ.พหลโยธิน  แขวงคลองถนน  เขตสายไหม  กรุงเทพฯ  10220', ' ', '1985-04-01', '1985-04-01', '', '2015-10-01', '', 0, 0, 0, '0000-00-00', '', '2006-09-15 09:25:48', ''),
('427', '', 'นาง', '', 'ประเสริฐทรง', 'สุจิรารัตน์', 'xx', 'xx', '10', 25, 223, 223, 'พุทธ', 'F', 'B', 'สมรส', '1959-03-05', '', '3150400208761', '1011675065', ' 4/301  ถ.พหลโยธิน  แขวงคลองถนน  เขตสายไหม  กรุงเทพฯ  10220', ' ', '1979-06-11', '1979-07-11', '', '2019-10-01', '', 0, 0, 0, '0000-00-00', '', '2006-09-15 09:26:15', ''),
('429', '', 'นาง', '', 'เฉลย', 'ศรีวรรัตน์', 'xx', 'xx', '10', 25, 223, 223, 'พุทธ', 'F', 'O', 'หย่า', '1959-02-18', '', '3101400994491', '1010117443', ' 4/222  ถ.เลียบคลองทวีวัฒนา    แขวงคลองสอง      เขตคลองหลวง  จ.ปทุมธานี', ' ', '1980-03-03', '1980-03-03', '', '2019-10-01', '', 0, 0, 0, '0000-00-00', '', '2006-09-22 10:47:03', ''),
('5749', '', 'นาย', '', 'ประสิทธิ์', 'ลีระพันธ์', 'PRASIT', 'LEERAPAN', '1', 8, 223, 223, 'พุทธ', 'M', 'O', '', '1952-04-09', 'phplr@mahidol.ac.th', '3102001942153', '', ' 140/62  ต. ศาลายา  อ. พุทธมณธล  จ.นครปฐม', ' ', '1975-01-02', '1975-01-02', '', '2012-10-01', '', 0, 0, 0, '0000-00-00', '', '2006-09-04 09:50:15', ''),
('5772', '', 'นาง', '', 'ชะนวนทอง', 'ธนสุกาญจน์', 'CHANUANTONG', 'TANASUGARN', '1', 8, 223, 223, '', 'F', 'ไม', 'สมรส', '1956-01-20', 'phctn@mahidol.ac.th', '3100600226895', '1023864242', ' 5 ถ. สุทธิสาร  แขวงสามเสนใน  เขตพญาไท  กรุงเทพฯ  10400', ' ', '1987-07-22', '1987-07-22', '', '2016-10-01', '', 0, 0, 0, '0000-00-00', '', '2006-09-04 10:06:59', ''),
('5775', '', 'นางสาว', '', 'สุภัทรา', 'มาชมสมบูรณ์', 'SUPATTRA', 'MACHOMSOMBOON', '3', 25, 223, 223, 'พุทธ', 'F', 'ไม่ระบุ', 'โสด', '1957-01-19', '', '4100500066517', '1007290265', ' ', ' ', '1976-09-01', '1976-09-01', '', '2017-09-01', '', 0, 0, 0, '0000-00-00', '', '2007-01-08 15:11:57', ''),
('5776', '', 'นาง', '', 'ประภาภรณ์', 'ยังวิเศษ', 'PRAPAPORN', 'YOUNGVISES', '3', 25, 223, 223, 'พุทธ', 'F', 'O', 'หม้าย', '1954-02-26', '', '3110300232687', '1007536882', ' 46/26 หมู่ที่ 8 ถ.บางนา-ตราด ต.บางแก้ว อ.บางพลี จ.สมุทรปราการ 10540', ' ', '1974-06-03', '1974-06-03', '', '2014-10-01', '', 0, 0, 0, '0000-00-00', '', '2006-04-14 00:32:57', ''),
('5777', '', 'นางสาว', '', 'กชกร', 'ภาชื่น', 'KOCHAKORN', 'PACHEUN', '2', 25, 223, 223, 'พุทธ', 'F', 'O', 'โสด', '1960-08-29', '', '3309900105453', '1026539000', ' 114/174  ม.3  ถ.รัตนาธิเบศร์   ไทรม้า    เมืองนนทบุรี   นนทบุรี  11000', ' ', '1998-10-01', '1998-10-01', '', '2020-10-01', '', 0, 0, 0, '0000-00-00', '', '2006-08-21 14:57:12', ''),
('5779', '', 'นาย', '', 'เจริญ', 'อันทะไชย', 'CHAREON', 'UNTACHAI', '3', 25, 223, 223, '', 'M', 'O', 'สมรส', '1948-12-06', 'phcut@mahidol.ac.th', '3102002148272', '1008228069', ' 13/313 ถ.พหล-ลำลูกกา62 ต.คูคต อ.ลำลูกกา จ.ปทุมธานี 12120', ' ', '1972-03-16', '1972-03-16', '', '2009-10-01', '', 0, 1332, 0, '0000-00-00', '', '2006-08-31 08:28:45', ''),
('5780', '', 'นางสาว', '', 'ปรีดา', 'เสรีขจรกิจเจริญ', 'PREEDA', 'SEREKAJOHNKITCHAROEN', '3', 25, 223, 223, 'พุทธ', 'F', 'O', 'โสด', '1964-09-01', '', '3101800636630', '1025993483', ' 372 ถ.เจริญนคร แขวงคลองต้นไทร เขตคลองสาน จ.กรุงเทพมหานคร 10600', ' ', '1991-02-01', '1991-02-01', '', '2024-10-01', '', 0, 0, 0, '0000-00-00', '', '2006-09-11 09:51:33', ''),
('5782', '', 'นางสาว', '', 'ศิริวรรณ', 'เย็นเปิง', 'SIRIWAN', 'YENPERNG', '3', 25, 223, 223, 'พุทธ', 'F', 'O', 'โสด', '1956-08-30', '', '3100504452944', '1007555012', ' 400/61 ถ.พหลโยธิน ต.คูคต อ.ลำลูกกา จ.ปทุมธานี', ' ', '1977-06-02', '1977-06-02', '', '2016-10-01', '', 0, 1627, 0, '0000-00-00', '', '2006-09-15 13:46:53', ''),
('5785', '', 'นาย', '', 'ประยุทธ์', 'แสงใจธรรม', 'PRAYUT', 'SANDCHAITHAM', '3', 25, 223, 223, 'พุทธ', 'M', 'AB', 'สมรส', '1953-10-31', 'phpse@mahidol.ac.th', '3102200031924', '1011434075', ' 292  ถ.ราชวิถี  แขวงบางกอกน้อย  เขตบางพลัด  กรุงเทพฯ  10700', ' ', '1974-11-01', '1974-11-01', '', '2014-10-01', '', 0, 394, 0, '0000-00-00', '', '2006-09-12 14:45:27', ''),
('5787', '', 'นาง', '', 'คมขำ', 'เจียมใจ', 'KOMKHAM', 'CHIEMCHAI', '3', 25, 223, 223, 'พุทธ', 'F', 'ไม', 'สมรส', '2006-08-30', '', '3100501727802', '1011585401', ' 11/274  ม. 2 ถ. แจ้งวัฒนะ แขวงทุ่งสองห้อง  เขตหลักสี่  กรุงเทพฯ  10210', ' ', '1974-05-15', '1974-05-15', '', '2010-10-01', '', 0, 1627, 0, '0000-00-00', '', '2006-09-12 15:30:31', ''),
('5789', '', 'นาง', '', 'ทองปิ่น', 'เนียมหอม', 'THONGPIN', 'NIEMHOM', '3', 25, 223, 223, 'พุทธ', 'F', 'A', 'สมรส', '1949-01-01', '', '3100501754117', '1008450224', ' 62/311 แขวงลาดพร้าว  เขตลาดพร้าว  กรุงเทพฯ  10230', ' ', '1976-01-27', '1976-01-28', '', '2009-10-01', '', 0, 323, 0, '0000-00-00', '', '2006-09-12 14:44:27', ''),
('5790', '', 'นาง', '', 'อุไรวรรณ', 'โสภณพินิจ', 'URAIWAN', 'SOPHONPHINIT', '3', 25, 223, 223, 'พุทธ', 'F', 'O', 'สมรส', '1949-05-30', '', '3120101790043', '1005415844', ' 211/239 ม. 9 ถ. ติวานนท์ ต.บางกระสอ  อ. เมือง จ.นนทบุรี  11000', ' ', '1978-11-01', '1978-11-01', '', '2009-10-01', '', 0, 0, 0, '0000-00-00', '', '2006-08-31 08:31:12', ''),
('5792', '', 'นางสาว', '', 'นงเยาว์', 'สุดประโคนเขต', 'NONGYAO', 'SUDPRAKONKET', '3', 25, 223, 223, 'พุทธ', 'F', 'ไม', 'โสด', '2006-08-30', '', '3100501240598', '1013766129', ' 100/3  ม.1 ถ.รามอินทรา  แขวงลาดพร้าว  เขตลาดพร้าว  กรุงเทพฯ  10230', ' ', '1993-06-22', '1993-06-22', '', '2016-10-01', '', 0, 0, 0, '0000-00-00', '', '2006-09-12 11:30:49', ''),
('5794', '', 'นางสาว', '', 'อุไร', 'เสรีขจรกิจเจริญ', 'URAI', 'SERIKAJORNKITJAROEN', '3', 25, 223, 223, 'พุทธ', 'F', 'O', 'โสด', '1953-07-28', '', '3101800636591', '1008228113', ' 295 ซ.กรุงธนบุรี4  แขวงบางลำภูล่าง  เขตคลองสาน  กรุงเทพฯ  10600', ' ', '1976-01-30', '1976-01-30', '', '2013-10-01', '', 0, 0, 0, '0000-00-00', '', '2006-08-31 08:29:40', ''),
('5795', '', 'นางสาว', '', 'ธนวรรณ', 'จินดา', 'TANAWAN', 'JINDA', '3', 10, 223, 223, 'พุทธ', 'F', 'B', '', '1959-10-25', '', '3170600469771', '1014880879', ' 24    ถ.พหลโยธิน    อนุสาวรีย์   บางเขน  กรุงเทพฎ   10900', ' ', '1988-08-08', '1988-08-08', '', '2020-10-01', '', 0, 0, 0, '0000-00-00', '', '2006-08-28 08:31:04', ''),
('5796', '', 'นางสาว', '', 'วาสนา', 'แซมสัน', 'WATSANA', 'SAMSON', '3', 25, 223, 223, 'พุทธ', 'F', 'B', 'โสด', '1960-02-05', 'phwss@mahidol.ac.th', '3120101630402', '1021878807', ' 237/50  ถ.ติวานนท์  ต.ท่าทราย  อ.เมือง  จ.นนทบุรี  11000', ' ', '1991-02-01', '1991-02-01', '', '2020-10-01', '', 0, 0, 0, '0000-00-00', '', '2006-08-31 08:38:58', ''),
('5797', '', 'นาง', '', 'สุนีย์', 'ชาติเชื้อ', 'SUNEE', 'CHARTCHUE', '3', 25, 223, 223, 'พุทธ', 'F', 'A', 'สมรส', '1974-11-07', '', '3100300149402', '', ' 65  ม. 3  ต.บางตราด  อ.ปากเกร็ด   จ. นนทบุรี   11120', ' ', '1998-03-25', '1998-03-25', '', '2035-10-01', '', 0, 0, 0, '0000-00-00', '', '2006-08-30 09:32:21', ''),
('5798', '', 'นาง', '', 'ลีรา', 'กิตติกุล', 'LEERA', 'KITTIGUL', '1', 1, 223, 223, 'พุทธ', 'F', 'O', 'สมรส', '1959-11-10', 'phlkt@mahidol.ac.th', '3529900294335', '1199915809', ' 75/7   ถ.ประชาชื่น    บางเขน     เมือง    นนทบุรี   11000', ' ', '1990-02-01', '1990-02-01', '', '2020-10-01', '', 9900, 9900, 0, '0000-00-00', '', '2006-09-14 09:25:33', ''),
('5799', '', 'นาง', '', 'อัญชลี', 'ตัณฑ์ศุภศิริ', 'UNCHALEE', 'TANSUPHASIRI', '1', 1, 223, 223, '', 'F', 'ไม', 'สมรส', '1947-04-18', '', '3100200128616', '1460144952', ' 53/135 ถ.แจ้งวัฒนะ ต.บางตลาด อ.ปากเกร็ด จ.นนทบุรี 11120', ' ', '1969-07-21', '1983-07-15', '', '2007-10-01', '', 9900, 9900, 0, '0000-00-00', '', '2006-09-11 09:59:26', ''),
('5800', '', 'นางสาว', '', 'กนกรัตน์', 'ศิริพานิชกร', 'KANOKRAT', 'SIRIPANICHGON', '1', 1, 223, 223, 'พุทธ', 'F', 'O', 'โสด', '1955-08-11', '', '3169900097509', '1014442602', ' 105/10 ซอยท่านผู้หญิงฯ ถ.งามวงศ์วาน แขวงลาดยาว เขตจตุจักร จ.กรุงเทพมหานคร 10900', ' ', '1990-11-15', '1990-11-15', '', '2015-10-01', '', 9900, 9900, 0, '0000-00-00', '', '2006-09-11 10:03:33', ''),
('5801', '', 'นาย', '', 'สุรชาติ', 'ณ หนองคาย', 'SURACHART', 'NA-NONGKHAI', '1', 3, 223, 223, 'พุทธ', 'M', 'A', 'สมรส', '1956-08-03', 'phsnk@mahidol.ac.th', '3100602710671', '1005085450', ' 29/337  ม.14  ถ.รามอินทรา  แขวงคันนายาว  เขตคันนายาว  กรุงเทพฯ  10230', ' ', '1980-11-03', '1980-11-03', '', '2016-10-01', '', 0, 0, 0, '0000-00-00', '', '2006-09-05 15:00:06', ''),
('5804', '', 'นาย', '', 'พิพัฒน์', 'ลักษมีจรัสกุล', 'PIPAT', 'LUKSAMIJARULKUL', '1', 1, 223, 223, 'พุทธ', 'M', 'O', 'สมรส', '1957-11-23', 'luksamijarulkul@yahoo.com', '3101201043607', '1010736903', ' 747/111 ถ.กรุงเทพ-นนทบุรี แขวงบางซื่อ เขตบางซื่อ จ.กรุงเทพมหานคร 10800', ' ', '1983-08-03', '1983-08-03', '', '2018-10-01', '', 9900, 9900, 0, '0000-00-00', '', '2006-04-07 09:27:43', '');
INSERT INTO `personel` (`per_id`, `per_no`, `per_pname`, `per_pname2`, `per_fnamet`, `per_lnamet`, `per_fnamee`, `per_lnamee`, `per_type`, `per_dept`, `per_nal`, `per_renal`, `per_religion`, `per_sex`, `per_blood`, `per_situation`, `per_bhd`, `per_email`, `per_idcard`, `per_tax`, `per_addr`, `per_skill`, `per_hiredate1`, `per_hiredate2`, `per_trans`, `per_retire`, `per_expert`, `per_money1`, `per_money2`, `per_status`, `per_outdate`, `per_remark`, `per_modify`, `password`) VALUES
('5805', '', 'นางสาว', '', 'พรพรรณ', 'ดีระพัฒน์', 'PORNPHAN', 'DIRAPHAT', '1', 1, 223, 223, 'พุทธ', 'F', 'ไม', 'โสด', '1965-07-05', 'phpdr@mahidol.ac.th', '3509901157242', '1024063699', ' 89/610    ถ.นวมินทร์    คลองกุ่ม  บึงกุ่ม  กรุงเทพฯ   10240 ', ' ', '1996-08-01', '1996-08-01', '', '2025-10-01', '', 0, 0, 0, '0000-00-00', '', '2006-09-11 10:04:31', ''),
('5806', '', 'นาง', '', 'เฟื่องฟ้า', 'อุตรารัชต์กิจ', 'FUANGFA', 'UTRARACHKIJ', '1', 1, 223, 71, 'พุทธ', 'F', 'A', 'หม้าย', '1963-01-01', 'phfut@mahidol.ac.th', '3101500485202', '1020896727', ' 79/15 ถ.บรรทัดทอง แขวงรองเมือง เขตปทุมวัน จ.กรุงเทพมหานคร 10330', ' ', '1988-02-01', '1988-02-01', '', '2023-10-01', '', 0, 0, 0, '0000-00-00', '', '2006-04-07 10:04:30', ''),
('5808', '', 'นางสาว', '', 'อรษา', 'สุดเธียรกุล', 'ORASA', 'SUTHIENKUL', '1', 1, 223, 223, 'พุทธ', 'F', 'O', 'โสด', '1948-10-20', 'phost@mahidol.ac.th', '3102002356622', '1005449658', ' 342 ถ.จรัญสนิทวงศ์ แขวงบางพลัด เขตบางพลัด จ.กรุงเทพมหานคร 10700', ' ', '1975-01-10', '1975-01-10', '', '2009-10-01', '', 13000, 13000, 0, '0000-00-00', '', '2006-09-11 10:02:49', ''),
('5811', '', 'นาย', '', 'ชาญชุติ', 'จรรยาสัณห์', 'CHARNCHUDHI', 'CHANYASANHA', '1', 1, 223, 223, 'พุทธ', 'M', 'A', 'โสด', '1952-08-01', 'phccy@mahidol.ac.th', '3101200587000', '1004621413', ' 194  ซ.  34  ถ.สาธุประดิษฐ์  บางโพงพาง   ยานนาวา    กรุงเทพมหานคร 10120', ' ', '1979-06-19', '1990-05-01', 'กระทรวงสาธารณสุข', '2012-10-01', '', 9900, 0, 0, '0000-00-00', '', '2006-09-04 09:06:19', ''),
('5813', '', 'นาย', '', 'มณฑา', 'เก่งการพานิช', 'MONDHA', 'KENGGANPANICH', '1', 8, 223, 223, 'คริสต์', 'F', 'AB', 'สมรส', '1964-10-08', 'kmondha@yahoo.com', '3160600552601', '1312062458', ' 62/376 ม.5 ซ.ธนากร2 ถ.เทอดพระเกียรติ  แขวงวัดชลอ เขตบางกรวย  จ. นนทบุรี  11130', ' ', '1992-09-07', '1992-09-07', '', '2025-10-01', '', 0, 0, 0, '0000-00-00', '', '2006-09-04 10:17:31', ''),
('5815', '', 'นาย', '', 'ปราถนา', 'สถิตย์วิภาวี', 'PRATANA', 'SATITVIPAWEE', '1', 2, 223, 223, 'พุทธ', 'M', 'B', 'โสด', '1965-10-31', 'phpsv@mahidol.ac.th', '3101400689841', '1022506068', ' 38 ถ. พหลโยธิน7   แขวงสามเสนใน   เขตพญาไท  กรุงเทพฯ  10400', ' ', '1996-01-15', '1996-01-15', '', '2026-10-01', '', 0, 0, 0, '0000-00-00', '', '2006-09-21 11:11:21', ''),
('5816', '', 'นาย', '', 'เดชาวุธ', 'นิตยสุทธิ', 'DECHAVUDH', 'NITYASUDDHI', '1', 2, 223, 223, 'พุทธ', 'M', 'B', '', '1975-10-03', 'phdnt@mahidol.ac.th', '3100600718313', '1009187693', ' 1131  แขวงคลองจั่น  เขตบางกะปิ  กรุงเทพฯ   ', ' ', '1975-10-01', '1975-10-01', '', '2012-10-01', '', 0, 0, 0, '0000-00-00', '', '2007-09-04 09:47:28', ''),
('5817', '', 'นาง', '', 'สุมาลี', 'สิงหนิยม', 'SUMALEE', 'SINGHANIYOM', '1', 2, 223, 223, 'พุทธ', 'F', 'O', 'สมรส', '1951-11-02', 'phssg@mahidol.ac.th', '3100600676831', '1008346046', ' 439/3  ถ.นวมินทร์  แขวงบึงกุ่ม  เขตบึงกุ่ม  กรุงเทพฯ  10240', ' ', '1979-01-11', '1979-01-11', '', '2012-10-01', '', 0, 0, 0, '0000-00-00', '', '2006-09-04 14:26:38', ''),
('5818', '', 'นาย', '', 'วชิระ', 'สิงหะคเชนทร์', 'VAJIRA', 'SINGHAKAJEN', '1', 2, 223, 223, 'พุทธ', 'M', 'O', 'สมรส', '1946-08-12', 'phvsh@mahidol.ac.th', '3102002252797', '1002789436', ' 37/7  ต.บางกอบัว  อ.พระประแดง  จ.สมุทรปราการ  10130', ' ', '1973-05-01', '1973-05-01', '', '2011-10-01', '', 0, 0, 0, '0000-00-00', '', '2006-09-04 14:34:51', ''),
('5820', '', 'นาย', '', 'ศุภชัย', 'แสงรัตนกุล', 'SUPACHAI', 'SANGRATTANAGUL', '1', 2, 223, 223, 'พุทธ', 'M', 'A', 'สมรส', '1953-04-30', 'phsst@mahidol.ac.th', '3120101714452', '1014336451', ' 91/245/11  ถ.ติวานนท์  ต.ตลาดขวัญ  อ.เมือง  จ.นนทบุรี   11000', ' ', '1981-12-01', '1981-12-01', '', '2013-10-01', '', 0, 0, 0, '0000-00-00', '', '2006-09-04 14:43:39', ''),
('5822', '', 'นาย', '', 'ธวัชชัย', 'วรพงศธร', 'THAVATCHAI', 'VORPONGTHORN', '1', 2, 223, 223, 'พุทธ', 'M', 'B', '', '1944-07-24', 'phtvr@mahidol.ac.th', '3101700798310', '1010192549', ' 1/8  แขวงดินแดง  เขตดินแดง  กรุงเทพฯ  10400', ' ', '1968-10-01', '1968-10-01', '', '2009-10-01', '', 0, 0, 0, '0000-00-00', '', '2006-09-04 14:54:35', ''),
('5823', '', 'นางสาว', '', 'ฉวีวรรณ', 'บุญสุยา', 'CHAWEEWON', 'BOONSHUYAR', '1', 2, 223, 223, 'พุทธ', 'F', 'O', 'โสด', '1950-04-13', 'phcby@mahidol.ac.th', '3100503128582', '1010409210', ' ', ' ', '1975-01-10', '1975-01-10', '', '2010-10-01', '', 0, 0, 0, '0000-00-00', '', '2006-09-04 15:10:27', ''),
('5825', '', 'นาง', '', 'เพียงจันทร์', 'โรจนวิภาต', 'PIANGCHAN', 'ROJANAVIPART', '1', 2, 223, 223, 'พุทธ', 'F', 'B', 'สมรส', '1951-09-24', 'phprj@mahidol.ac.th', '3102101179940', '1008346053', ' 24/22 ถ. งามวงศ์วาน  แขวงลาดยาว  เขตจตุจักร  กรุงเทพฯ  10900\r\n', ' ', '1975-10-01', '1975-10-02', '', '2011-10-01', '', 0, 0, 0, '0000-00-00', '', '2006-09-04 15:20:25', ''),
('5826', '', 'นางสาว', '', 'พิมพ์ประภา', 'สุขทรรศนีย์', 'PIMPRAPA', 'SUKTASSNEE', '2', 2, 223, 223, 'พุทธ', 'F', 'A', '', '1972-08-15', 'phpsn@mahidol.ac.th', '3100600410858', '1050968739', ' ', ' ', '1998-09-07', '1998-09-07', '', '2032-10-01', '', 0, 0, 0, '0000-00-00', '', '2006-09-04 15:29:37', ''),
('5827', '', 'นาง', '', 'ภูษิตา', 'อินทรประสงค์', 'PUSITA', 'INTARAPRSONG', '1', 3, 223, 223, 'พุทธ', 'F', 'ไม่ระบุ', 'สมรส', '1952-10-17', 'phpit@mahidol.ac.th', '5120199021856', '1008760132', ' 53/19 ถ.ติวานนท์  ต.บางกระสอ  อ.เมือง จ.นนทบุรี  11000', ' ', '1976-02-02', '1997-12-02', '', '2013-10-01', '', 0, 0, 0, '0000-00-00', '', '2007-01-08 16:34:50', ''),
('5828', '', 'นาง', '', 'นวรัตน์', 'สุวรรณผ่อง', 'NAWARAT', 'SUWANNAPONG', '1', 3, 223, 223, '', 'F', 'B', '', '1954-05-03', 'adnsw@mahidol.ac.th', '3102000820372', '1601549271', ' 248/93  ม. 17 แขวงศาลาธรรมสพน์  เขตทวีวัฒนา  กรุงเทพฯ 10710', ' ', '1994-10-01', '1994-10-01', '', '2014-10-01', '', 0, 0, 0, '0000-00-00', '', '2006-08-31 15:49:08', ''),
('5831', '', 'นาย', '', 'ปูม', 'มาลากุล ณ อยุธยา', 'POOM', 'MALAKULNAAYUTTHAYA', '1', 3, 223, 223, '', 'M', 'B', 'โสด', '1961-04-17', 'phpml@mahidol.ac.th', '3120101455970', '1930680180', ' 70/162  ถ. ประชาชื่น  ต.ท่าทราย  อ.เมือง   จ.นนทบุรี  11000', ' ', '1985-04-01', '1996-11-01', '', '2021-10-01', '', 0, 0, 0, '0000-00-00', '', '2006-08-31 16:07:55', ''),
('5833', '', 'นาง', '', 'พัฒนา', 'มูลพฤกษ์', 'PATTANA', 'MULPHRUK', '1', 10, 223, 223, 'พุทธ', 'F', 'AB', 'สมรส', '2006-08-28', 'phpmp@mahidol.ac.th', '3100503131834', '1003679606', ' 155/3  ถ.พหลโยธิน   ลาดยาว   จตุจักร   กรุงเทพฯ  10900', ' ', '1974-09-02', '1976-09-01', 'กองอนามัยสิ่งแวดล้อม', '2011-10-01', '', 0, 0, 0, '0000-00-00', '', '2006-08-28 10:09:17', ''),
('5834', '', 'นาย', '', 'ทองหล่อ', 'เดชไทย', 'THONGLAW', 'DEJTHAI', '1', 3, 223, 223, 'พุทธ', 'M', 'B', 'สมรส', '1945-11-06', 'phtdt@mahidol.ac.th', '3100500339167', '1006969032', ' 1030/1  แขวงลาดยาว  เขตจตุจักร  กรุงเทพฯ  ', ' ', '1971-08-02', '1971-08-02', '', '2006-10-01', '', 9900, 0, 0, '0000-00-00', '', '2006-09-19 15:12:19', ''),
('5835', '', 'นางสาว', '', 'วงเดือน', 'ปั้นดี', 'WANGDYAN', 'PANDLL', '1', 4, 223, 223, '', 'F', 'B', '', '1954-03-02', 'phwpd@mahidol.ac.th', '3349800178599', '1018020370', ' 56/126   ถ.พหลโยธิน   อนุสาวรีย์    บางเขน   กรุงเทพฯ  10220 ', ' ', '1984-08-15', '1984-08-15', '', '2014-10-01', '', 5600, 0, 0, '0000-00-00', '', '2006-09-04 10:57:54', ''),
('5836', '', 'นางสาว', '', 'มยุนา', 'ศรีสุภานันต์', 'MAYUNA', 'SRISUPHANUNT', '1', 4, 223, 223, 'พุทธ', 'F', 'A', 'โสด', '1954-07-18', '', '3101200961327', '1006587533', ' ', ' ', '1977-08-01', '1997-03-27', 'มหาวิทยาลัยขอนแก่น', '2014-10-01', '', 9900, 9900, 0, '0000-00-00', '', '2007-09-04 10:04:35', ''),
('5837', '', 'นาย', '', 'อดิศักดิ์', 'ภูมิรัตน์', 'ADISAK', 'BHIUMIRATANA', '1', 4, 223, 223, 'อิสลาม', 'M', 'B', 'โสด', '1969-05-11', 'phabr@mahidol.ac.th', '3101501402513', '1052152266', ' 354   ถ.ริมทางรถไฟ   บางยี่เรือ  ธนบุรี   กรุงเทพฯ  10600', ' ', '1997-08-15', '1997-08-15', '', '2029-10-01', '', 0, 0, 0, '0000-00-00', '', '2006-09-04 15:38:13', ''),
('5840', '', 'นาย', '', 'ประยุทธ์', 'พุทธิรักษ์กุล', 'PRATYTE', 'BUDDHIRAKKUL', '1', 4, 223, 223, 'พุทธ', 'M', 'B', 'สมรส', '1964-02-12', '', '3509901162289', '1018277767', ' 129/327  ถ.รัตนาธิเบศร์    บางรักน้อย   เมือง    นนทบุรี   11000', ' ', '1998-04-01', '1998-04-01', '', '2024-10-01', '', 0, 0, 0, '0000-00-00', '', '2006-09-05 10:21:15', ''),
('5842', '', 'นาง', '', 'ประภัสสร', 'วิบูลย์จักร์', 'PRAPASSORN', 'WIBOONJAK', '1', 4, 223, 223, 'พุทธ', 'F', 'ไม', '', '1963-11-15', '', '3100501868589', '1120507363', ' ', ' ', '1997-08-15', '1997-09-05', '', '2024-10-01', '', 0, 0, 0, '0000-00-00', '', '2006-09-05 10:20:44', ''),
('5843', '', 'นาง', '', 'พักตร์พิมล', 'มหรรรณพ', 'PAKPIMOL', 'MAHANNOP', '1', 4, 223, 223, 'พุทธ', 'F', 'A', 'สมรส', '1950-06-10', 'phpmh@mahidol.ac.th', '3101401208677', '1003656133', ' 49/1  ถ.สุทธิสาร  แขวงสามเสนใน  เขตพญาไท  กรุงเทพฯ  10400', ' ', '1975-12-01', '1981-02-01', '', '2010-10-01', '', 9900, 0, 0, '0000-00-00', '', '2006-09-05 10:26:08', ''),
('5844', '', 'นางสาว', '', 'อุษา', 'เล็กอุทัย', 'USA', 'LEK-UTHAI', '1', 4, 223, 223, 'พุทธ', 'F', 'B', 'โสด', '1957-02-03', 'phulu@mahidol.ac.th', '3539900143019', '1010118174', ' 67/278  ถ.แจ้งวัฒนะ  แขวงทุ่งสองห้อง  เขตหลักสี่  กรุงเทพฯ  10210', ' ', '1980-05-15', '1980-05-15', '', '2017-10-01', '', 9900, 0, 0, '0000-00-00', '', '2006-09-05 14:00:44', ''),
('5847', '', 'นางสาว', '', 'ชุมสิน', 'ศิริอัฐ', 'CHUMSIN', 'SIRIAT', '3', 4, 223, 223, 'พุทธ', 'F', 'A', '', '1951-10-26', '', '3102000943792', '1110020087', ' 428/6  ถ.จรัลสนิทวงศ์  แขวงศิริราช  เขตบางกอกน้อย  กรุงเทพมหานคร  10700', ' ', '1972-10-02', '1972-10-02', '', '2012-10-01', '', 0, 0, 0, '0000-00-00', '', '2006-09-05 11:11:39', ''),
('5848', '', 'นาง', '', 'ปรียากมล', 'ข่าน', 'PRIYAKAMUN', 'KHAN', '1', 5, 223, 223, 'พุทธ', 'F', 'B', 'สมรส', '1966-12-15', '', '3249900151952', '1242400283', ' 100/46   สามเสนใน      พญาไทย     กรุงเทพฯ     10400', ' ', '1999-06-01', '1999-08-21', '', '2027-10-01', '', 0, 0, 0, '0000-00-00', '', '2006-08-21 15:36:41', ''),
('5849', '', 'นาง', '', 'วันเพ็ญ', 'แก้วปาน', 'WANPEN', 'KEAWPAN', '1', 5, 223, 223, 'พุทธ', 'F', 'O', 'สมรส', '1961-11-22', 'phwkp@mahidol.ac.th', '3720900274008', '1608333903', ' 35/11  ถ.บางแวก   บางไผ่  บางแค   กรุงเทพฯ  10610', ' ', '1983-04-01', '1994-04-01', '', '2022-10-01', '', 0, 0, 0, '0000-00-00', '', '2006-08-22 16:16:28', ''),
('5852', '', 'นางสาว', '', 'พัชราพร', 'เกิดมงคล', 'PACHARAPORN', 'KERDMONGKOL', '1', 5, 223, 223, '', 'F', 'ไม', '', '2006-08-23', 'phpkm@mahidol.ac.th', '3750200342680', '', ' ', ' ', '1980-05-06', '1993-05-01', '', '2018-10-01', '', 0, 0, 0, '0000-00-00', '', '2006-08-23 10:04:00', ''),
('5853', '', 'นาง', '', 'สุนีย์', 'ละกำปั่น', 'SUNEE', 'LAKOMPUN', '1', 5, 223, 223, 'พุทธ', 'F', 'B', 'สมรส', '1959-01-10', 'phslk@mahidol.ac.th', '3660600002796', '1600288577', ' 160/277   ม.5  ถ.บางกรวย-ไทรน้อย    บางกรวย   บางกรวย   นนทบุรี    11130', ' ', '1980-12-01', '2006-08-23', 'คณะแพทย์ศาสตร์มหิดล', '2019-10-01', '', 0, 0, 0, '0000-00-00', '', '2006-08-23 14:36:28', ''),
('5855', '', 'นาง', '', 'เรวดี', 'จงสุวัฒน์', 'REWADEE', 'CHONGSUWANT', '1', 6, 223, 223, 'พุทธ', 'F', 'ไม', '', '1959-10-14', 'phrcs@mahidol.ac.th', '3349900407000', '1017998441', ' ', ' ', '1997-01-02', '1997-01-02', '', '2020-10-01', '', 3500, 0, 0, '0000-00-00', '', '2006-09-15 15:23:39', ''),
('5857', '', 'นางสาว', '', 'อาภาพร', 'เผ่าวัฒนา', 'ARPAPORN', 'POWWATTANA', '1', 5, 223, 223, 'พุทธ', 'F', 'B', 'โสด', '1967-08-06', 'phapw@mahidol.ac.th', '3579900291123', '1025522241', ' ', ' ', '1995-11-14', '1995-08-23', '', '2027-10-01', '', 0, 0, 0, '0000-00-00', '', '2006-08-23 11:19:45', ''),
('5858', '', 'นาง', 'เรือโทหญิง', 'อรวรรณ', 'แก้วบุญชู', 'ORAWAN', 'KAEWBOONCHOO', '1', 5, 223, 223, 'พุทธ', 'F', 'A', 'สมรส', '1961-07-07', 'phokb@mahidol.ac.th', '3101500054848', '1015604160', ' 97/96   บางกรวย    บางกรวย   นนทบุรี   11130', ' ', '1988-07-22', '1988-08-22', '', '2021-10-01', '', 0, 0, 0, '0000-00-00', '', '2006-08-23 15:54:52', ''),
('5861', '', 'นาง', '', 'สมพร', 'เตรียมชัยศรี', 'SOMPORN', 'TRIAMCHAISRI', '1', 5, 223, 223, 'พุทธ', 'F', 'B', 'หย่า', '1953-12-16', 'phstr@mahidol.ac.th', '3100602297692', '', ' 61/17   ม.13      ลาดพร้าว    ลาดพร้าว   กรุงเทพฯ  ', ' ', '1978-05-15', '1978-08-24', '', '2014-10-01', '', 0, 0, 0, '0000-00-00', '', '2006-08-24 15:58:20', ''),
('5862', '', 'นาง', '', 'สุลี', 'ทองวิเชียร', 'SULEE', 'TONGVICHEAN', '1', 5, 223, 223, 'พุทธ', 'F', 'B', 'สมรส', '2006-06-27', '', '3110101365822', '1415016372', ' 56/375  ม. 1   บางเมืองใหม่   เมือง    สมุทรปราการ   10270', ' ', '1974-04-16', '1981-03-10', '', '2007-10-01', '', 0, 0, 0, '0000-00-00', '', '2006-08-24 16:19:37', ''),
('5867', '', 'นาง', '', 'ศิริลักษณ์', 'พวงแก้ว', 'SIRILUK', 'PHUANGKAEW', '3', 5, 223, 223, 'พุทธ', 'F', 'ไม', 'สมรส', '1964-07-14', '', '5700400011519', '1020763654', ' 3/438    ถ.สายไหม      คลองถนน   สายไหม   กรุงเทพฯ  10210', ' ', '1997-10-16', '1997-10-16', '', '2024-10-01', '', 0, 0, 0, '0000-00-00', '', '2006-08-24 10:25:49', ''),
('5870', '', 'นาง', '', 'ชุติมา', 'ศิริกุลชยานนท์', 'CHUTIMA', 'SIRIKULCHAYANON', '1', 6, 223, 223, 'พุทธ', 'F', 'AB', 'สมรส', '1951-08-20', 'headphnu@mahidol.ac.th', '3100800590297', '1007207683', ' 206/17  ถ. พะเนียง  แขวงวัดโสมนัส  เขตป้อมปราบ  กรุงเทพฯ  10100', ' ', '1976-04-01', '1991-03-16', '', '2011-10-01', '', 9900, 0, 0, '0000-00-00', '', '2006-09-18 12:17:47', ''),
('5871', '', 'นาง', '', 'พัชราณี', 'ภวัตกุล', 'PATCHARANEE', 'PAVADHGUL', '1', 6, 223, 223, 'พุทธ', 'F', 'B', 'สมรส', '1970-05-24', '', '3501400111218', '1461661113', ' 36/67  ถ. พุทธมณฑลสาย1  แขวงบางระมาด  เขตตลิ่งชัน  กรุงเทพฯ  10170', ' ', '1997-01-09', '1997-01-09', '', '2030-10-01', '', 0, 0, 0, '0000-00-00', '', '2006-09-18 11:14:41', ''),
('5873', '', 'นาย', '', 'สมชาย', 'ดุรงค์เดช', 'SOMCHAI', 'DURONGKADEJ', '1', 6, 223, 223, 'พุทธ', 'M', 'ไม', 'สมรส', '2006-09-01', 'phsdr@mahidol.ac.th', '3100502257141', '1060041866', ' 253  แขวงสามเสนนอก  เขตห้วยขวาง  กรุงเทพฯ  10310', ' ', '1978-01-02', '1978-01-02', '', '2006-10-01', '', 0, 898, 0, '0000-00-00', '', '2006-09-18 10:37:36', ''),
('5874', '', 'นาง', '', 'นัยนา', 'บุญทวียุวัฒน์', 'NAIYANA', 'BUNTAVEEYUWAT', '1', 13, 223, 223, 'พุทธ', 'F', 'O', 'สมรส', '1953-09-27', 'phnbv@mahidol.ac.th', '3101400558623', '1010121068', ' 329/333  ถ.สุรนารี  เขตเมือง  กรุงเทพฯ 30000', ' ', '1977-11-08', '1977-11-08', '', '2013-10-01', '', 990, 9900, 0, '0000-00-00', '', '2006-10-02 09:58:55', ''),
('5877', '', 'นาง', '', 'มันทนา', 'ประทีปะเสน', 'MANTANA', 'PRATIPASEN', '1', 6, 223, 223, 'พุทธ', 'F', 'B', '', '1947-02-08', 'phmps@mahidol.ac.th', '3101202814470', '1010555351', ' 687/1 ถ.รามอินทรา34 แขวงท่าแร้ง  เขตบางเขน  กรุงเทพฯ 10230', ' ', '1971-04-30', '1971-04-30', '', '2007-10-01', '', 9900, 0, 0, '0000-00-00', '', '2006-09-18 10:03:01', ''),
('5881', '', 'นาง', '', 'สุภัทร์', 'ไชยกุล', 'SUPAT', 'CHAIYAKUL', '1', 6, 223, 223, '', 'F', 'B', 'สมรส', '1972-09-18', 'phscw@mahidol.ac.th', '3101700605953', '1049740827', ' 556/1  ถ.ประชาสงเคราะห์  แขวงดินแดง  เขตดินแดง  กรุงเทพฯ  10400', ' ', '1998-04-01', '1998-04-01', '', '2032-10-01', '', 0, 0, 0, '0000-00-00', '', '2006-09-05 13:29:13', ''),
('5883', '', 'นาง', '', 'ดวงใจ', 'มาลัย', 'DUANGJAAI', 'MALAI', '1', 6, 223, 223, 'พุทธ', 'F', 'ไม', 'สมรส', '2006-09-05', 'phdml@mahidol.ac.th', '3170200115077', '1033731190', ' 93/290  ซ.89/1  ถ.ประชาอุทิศ   แขวงทุ่งครุ   เขตทุ่งครุ   กรุงเทพฯ    10140', ' ', '1992-09-01', '1992-09-01', '', '2025-10-01', '', 0, 0, 0, '0000-00-00', '', '2006-09-05 13:43:52', ''),
('5885', '', 'นาง', '', 'ภารดี', 'เต็มเจริญ', 'PARADEE', 'TEMCHAROEN', '1', 6, 223, 223, 'พุทธ', 'F', 'O', '', '1945-03-02', '', '4100500122719', '1108036472', ' 104/15  แขวงลาดยาว  เขตจตุจักร  กรุงเทพฯ  10900', ' ', '1972-02-01', '1972-02-01', '', '2010-10-01', '', 0, 0, 0, '0000-00-00', '', '2006-09-05 13:56:47', ''),
('5886', '', 'นาง', '', 'นิตยา', 'เทพปฐม', 'NITAYA', 'THEPPATHOM', '3', 6, 223, 223, 'พุทธ', 'F', 'ไม', 'สมรส', '1963-04-01', '', '3101501588676', '1016901015', ' 123/10/5 ถ.กรุงเทพ-นนทบุรี  ต.บางเขน  อ.เมือง  จ.นนทบุรี  11000', ' ', '1989-05-01', '1989-05-01', '', '2023-10-01', '', 0, 0, 0, '0000-00-00', '', '2006-09-05 14:38:56', ''),
('5887', '', 'นางสาว', '', 'ดวงพร', 'แก้วศิริ', 'DUANGPORN', 'KAWSIRI', '1', 6, 223, 223, 'พุทธ', 'F', 'ไม', '', '1947-08-04', 'phdks@mahidol.ac.th', '3130100044135', '1009493053', ' ', ' ', '1973-05-01', '1973-05-01', '', '2007-10-01', '', 0, 0, 0, '0000-00-00', '', '2006-09-05 14:06:37', ''),
('5888', '', 'นางสาว', '', 'สิริประภา', 'กลั่นกลิ่น', 'SIRIPRAPA', 'KLUNKLIN', '1', 6, 223, 223, 'พุทธ', 'F', 'A', '', '1951-01-31', '', '3101201911773', '1000855232', ' 100/106  แขวงคลองถนน  เขตบางเขน  กรุงเทพฯ  10200', ' ', '1977-05-16', '1977-05-16', '', '2011-10-01', '', 0, 0, 0, '0000-00-00', '', '2006-09-05 14:21:08', ''),
('5892', '', 'นางสาว', '', 'อังสนา', 'บุญธรรม', 'ANGSANA', 'BOONTHUM', '1', 13, 223, 223, 'พุทธ', 'F', 'A', 'โสด', '1963-04-07', 'phabt@mahidol.ac.th', '3509901158982', '1311529174', ' 49/3  ต.สัตหีบ   อ.สัตหีบ   จ.ชลบุรี   10400', ' ', '1986-08-18', '1993-10-01', '', '2023-10-01', '', 0, 0, 0, '0000-00-00', '', '2006-09-29 15:44:23', ''),
('5893', '', 'นางสาว', 'ร้อยตำรวจเอกหญิง', 'จงกล', 'โพธิ์แดง', 'JONGKOL', 'PODANG', '1', 7, 223, 223, 'พุทธ', 'F', 'B', 'โสด', '1963-01-11', 'phipd@mahidol.ac.th', '3100701034576', '1060817449', ' 702/159 ถ.จรัญสนิทวงศ์  คลองชักพระ  ตลิ่งชัน   กรุงเทพฯ    10700', ' ', '1982-06-07', '1996-03-16', 'วิทยาลัยพยาบาลตำรวจ', '2023-10-01', '', 0, 0, 0, '0000-00-00', '', '2006-08-16 09:52:52', ''),
('5895', '', 'นาย', '', 'วิศิษฏ์', 'ฉวีพจน์กำจร', 'WISIT', 'CHAWEEPOJKUMJORN', '1', 7, 223, 223, 'พุทธ', 'M', 'O', 'โสด', '1959-12-17', '', '3102400745009', '1017440803', ' 72/55  ถ.บรมราชชนนี   ศาลาธรรมสพน์      ทวีวัฒนา  กรุงเทพฯ  10170', ' ', '1985-07-15', '1995-10-02', 'กรมปศุสัตว์ กระทรวงเกษตรและสหกรณ์', '2020-10-01', '', 5600, 0, 0, '0000-00-00', '', '2006-08-16 11:40:49', ''),
('5896', '', 'นาย', '', 'นพพร', 'โหวธีระกุล', 'NOPPORN', 'HOWTEERAKUL', '1', 7, 223, 223, 'พุทธ', 'M', 'A', 'โสด', '1959-02-03', '', '3101600901623', '101766615', ' 160/63  ถ.เพชรเกษม    ปากคลอง   ภาษีเจริญ  กรุงเทพฯ  10160', ' ', '1985-07-01', '1985-07-01', 'สถาบันพัฒนาการสาธารณสุขอาเซียน', '2019-10-01', '', 0, 0, 0, '0000-00-00', '', '2006-08-18 13:30:07', ''),
('5897', '', 'นางสาว', '', 'กุลยา', 'นาคสวัสดิ์', 'KUNLAYA', 'NAKSAWAD', '1', 7, 223, 223, 'พุทธ', 'F', 'A', 'โสด', '1949-12-01', 'phkns@mahido.ac.th', '3100900156540', '1008951417', ' 54 ซอย 13 ถ.สุขุมวิท แขวงคลองเตย เขตคลองเตย กรุงเทพมหานคร 10110', ' ', '1984-03-01', '1984-03-01', '', '2006-08-11', '', 0, 0, 0, '0000-00-00', '', '2006-08-11 13:15:49', ''),
('5899', '', 'นาย', '', 'พิศิษฐ์', 'วัฒนสมบูรณ์', 'PISIT', 'VATANASOMBOON', '1', 10, 223, 223, 'พุทธ', 'M', 'B', 'สมรส', '1956-10-05', 'phpwn@madiol.ac.th', '3101403149384', '1096052720', ' 380/115    ถ.รัชกาภิเษก    จันทรเกษม  จตุจักร  กรุงเทพฯ  10900', ' ', '1978-06-21', '1987-08-28', 'กรมอนามัย', '2017-10-01', '', 0, 0, 0, '0000-00-00', '', '2006-08-28 11:17:27', ''),
('5904', '', 'นาง', '', 'ปิยธิดา', 'ตรีเดช', 'PIYATHIDA', 'TREEDECH', '1', 3, 223, 223, '', 'F', 'O', 'สมรส', '1949-03-11', 'phptd@mahidol', '3101400558062', '1006969025', ' 767/33  ถ. พหลโยธิน  แขวงสามเสนใน  เขตพญาไท  กรุงเทพฯ  10400', ' ', '1973-05-01', '1973-05-01', '', '2009-10-01', '', 19800, 0, 0, '0000-00-00', '', '2007-01-08 15:44:41', ''),
('5905', '', 'นาง', '', 'ดนยา', 'วงศ์ศิริกุล', 'DANAYA', 'WONGSIRIKUL', '1', 10, 223, 223, 'พุทธ', 'F', 'A', 'สมรส', '1966-10-18', 'phdws@mahidol.ac.th', '3730600379840', '1025199236', ' 702}704   ถ.อ่อนนุข     สวนหลวง  กรุงเทพฯ   10250', ' ', '1989-04-21', '1995-01-02', 'สำนักการระบายน้ำ กรุงเทพมหานคร', '2027-10-01', '', 0, 0, 0, '0000-00-00', '', '2006-08-28 14:05:43', ''),
('5906', '', 'นาย', '', 'ชลาศัย', 'ห่วงประเสริฐ', 'SHALASAI', 'HUANGPRASEAT', '1', 10, 223, 223, 'พุทธ', 'M', 'B', 'สมรส', '1946-10-30', 'phshp2mahidol.ac.th', '3700600080739', '1110074455', ' 129    ม.3  ถ.ชูศักดิ์  บางแพ   บางแพ   ราชบุรี   10760  ', ' ', '1973-05-01', '2006-08-28', '', '2007-10-01', '', 5600, 0, 0, '0000-00-00', '', '2006-08-29 09:20:26', ''),
('5907', '', 'นาย', '', 'สุเทพ', 'ศิลปานันทกุล', 'SUTHEP', 'SILPANANTAKUL', '1', 10, 223, 223, 'พุทธ', 'M', 'B', 'สมรส', '1956-08-01', '', '3179900088551', '14153605607', ' 103/26   ซ.ชินเขต  ทุ่งสองห้อง  หลักสี่  กรุงเทพฯ   10210', ' ', '1981-07-13', '1994-08-28', 'คณะสาธารณสุขศาสตร์  ม.ขอนแก่น', '2016-10-01', '', 9900, 0, 0, '0000-00-00', '', '2006-08-28 14:36:59', ''),
('5908', '', 'นางสาว', '', 'ภัทรา', 'พรหมสง่า', 'PATTAR', 'PHROMSANGA', '3', 25, 223, 223, 'พุทธ', 'F', 'B', 'โสด', '1956-09-23', 'phpps@mahidol.ac.th', '3100202152450', '1010552589', ' ', ' ', '1981-07-03', '1981-07-03', '', '2016-10-01', '', 0, 0, 0, '0000-00-00', '', '2006-08-31 08:25:24', ''),
('5909', '', 'นาง', '', 'สุปรียา', 'ตันสกุล', 'SUPREYA', 'TANSAKUL', '1', 8, 223, 223, 'พุทธ', 'F', 'O', 'สมรส', '1955-01-08', 'phsts@mahidol.ac.th', '3102000142676', '1011802232', ' 191/4  แขวงศิริราช  เขตบางกอกน้อย  กรุงเทพฯ  ', ' ', '1981-12-15', '1981-12-15', '', '2015-10-01', '', 0, 0, 0, '0000-00-00', '', '2006-09-04 10:26:51', ''),
('5911', '', 'นางสาว', '', 'ลักขณา', 'เติมศิริกุลชัย', 'LAKKHANA', 'TERMSIRIKULCHAI', '1', 8, 223, 223, 'พุทธ', 'F', 'A', 'โสด', '1954-03-16', 'phlts@hotmail.com', '3101800861676', '1006120488', ' 105  ถ. เจริญนคร  แขวงคลองต้นไทร  เขตคลองสาน  กรุงเทพฯ  10600', ' ', '1977-08-01', '1994-12-01', '', '2014-10-01', '', 0, 0, 0, '0000-00-00', '', '2006-09-04 10:40:03', ''),
('5913', '', 'นาย', '', 'ธราดล', 'เก่งการพานิช', 'THARADOL', 'KENGGANPANICH', '1', 8, 223, 223, 'พุทธ', 'M', 'B', 'สมรส', '1959-11-01', '', '3101701474844', '1310828230', ' 62/376  ม.5 ถ.เทอดพระเกียรติ  ต.วัดชลอ อ.บางกรวย  จ.นนทบุรี  11130', ' ', '1981-08-03', '1981-08-03', '', '2020-10-01', '', 0, 0, 0, '0000-00-00', '', '2006-09-04 11:17:30', ''),
('5915', '', 'นางสาว', '', 'มณีรัตน์', 'ธีระวิวัฒน์', 'MANIRAT', 'THERAWIWAT', '1', 8, 223, 223, 'พุทธ', 'F', 'ไม', 'โสด', '1964-12-15', 'phmtr@mahidol.ac.th', '3719900106472', '1614500153', ' ', ' ', '1984-10-01', '1996-11-01', '', '2025-10-01', '', 0, 0, 0, '0000-00-00', '', '2006-09-04 10:51:09', ''),
('5917', '', 'นาง', '', 'อัญชลี', 'วงศ์ทางสวัสดิ์', 'UNCHAREE', 'WONGTANGSWAD', '1', 8, 223, 223, 'พุทธ', 'F', 'B', 'สมรส', '1956-02-05', '', '3101701361586', '1009695112', ' 404/23  ซ.21 ถ. อโศกดินแดง  แขวงดินแดง  เขตดินแดง  กรุงเทพฯ  10320', ' ', '1980-11-13', '1980-11-13', '', '2016-10-01', '', 0, 0, 0, '0000-00-00', '', '2006-09-04 10:59:55', ''),
('5922', '', 'นาง', '', 'ภรณี', 'วัฒนสมบูรณ์', 'PARANEE', 'VATANASOMBOON', '1', 8, 223, 223, 'พุทธ', 'F', 'A', 'สมรส', '1962-08-01', '', '3100701050334', '1017480090', ' 380/115  ซ.สันนิบาตเทศบาล  ถ.รัชดาภิเษก  แขวงจันทเกษม  เขตจตุจุกร  กรุงเทพฯ   10900', ' ', '1995-05-20', '1995-05-08', '', '2022-10-01', '', 0, 0, 0, '0000-00-00', '', '2006-09-04 11:09:08', ''),
('5923', '', 'นาย', '', 'นิรัตน์', 'อิมามี', 'NIRAT', 'IMAMEE', '1', 8, 223, 223, '', 'M', 'B', '', '1946-12-20', '', '3101402229171', '1006976726', ' 12/2 ม. 10  แขวงหนองจอก  เขตหนองจอก  กรุงเทพฯ ', ' ', '1968-10-01', '1968-10-01', '', '2007-10-01', '', 0, 0, 0, '0000-00-00', '', '2006-09-04 11:26:24', ''),
('5924', '', 'นางสาว', '', 'วาสนา', 'จันทร์สว่าง', 'WASANA', 'JUNSAWANG', '1', 8, 223, 223, 'พุทธ', 'F', 'AB', 'โสด', '1951-02-28', '', '3540300263619', '1000178782', ' 60/222 ม.4 ถ. พระยาสุเรนทร์  แขวงบางชัน  เขตคลองสามวา  กรุงเทพฯ  10510', ' ', '1979-12-24', '1979-12-25', '', '2011-10-01', '', 0, 0, 0, '0000-00-00', '', '2006-09-04 13:40:31', ''),
('5927', '', 'นาย', '', 'ชนินทร์', 'เจริญกุล', 'CHANIN', 'CHAREONKUL', '1', 13, 223, 223, 'พุทธ', 'M', 'A', 'โสด', '1949-11-15', 'phcce@mahidol.ac.th', '3100500684859', '13105517288', ' ', ' ', '1972-02-01', '1972-02-01', '', '2010-10-01', '', 5600, 5600, 0, '0000-00-00', '', '2006-10-02 09:21:42', ''),
('5932', '', 'นาง', '', 'เนาวรัตน์', 'เจริญค้า', 'NAOWRUT', 'CHAROENCA', '1', 9, 223, 223, 'พุทธ', 'F', 'B', 'สมรส', '1957-04-14', 'phncr@mahidol.ac.th', '3520100531008', '1472739191', ' ', ' ', '1992-01-27', '1997-08-30', '', '2017-10-27', '', 9900, 9900, 0, '0000-00-00', '', '2006-08-30 15:39:08', ''),
('5933', '', 'นาย', '', 'ประยูร', 'ฟองสถิตย์กุล', 'PRAYOON', 'FONGSATITKUL', '1', 9, 223, 223, '', 'M', 'A', 'สมรส', '1952-04-07', 'phpfs@hotmail.com', '3100904572319', '1001573128', ' 205  ถ. สวนหลวง   สวนหลวง  สวนหลวง  กรุงเทพฯ  10250', ' ', '1975-09-24', '1992-08-30', '', '2012-10-01', '', 9900, 9900, 0, '0000-00-00', '', '2006-08-30 14:23:03', ''),
('5934', '', 'นางสาว', '', 'วันทนี', 'พันธุ์ประสิทธิ์', 'WANTAMEE', 'PHANIPRASIT', '1', 12, 223, 223, 'พุทธ', 'F', 'A', 'โสด', '1958-05-24', 'phwpp@mahidol.ac.th', '3100500188045', '1014405973', ' 217        ลาดยาว            จตุจักร         กรุงเทพฯ', ' ', '1982-06-28', '1997-04-16', 'กรมอนามัย  กระทรวงสาธารณสุข', '2018-10-01', '', 9900, 9900, 0, '0000-00-00', '', '2006-10-02 09:16:28', ''),
('5937', '', 'นางสาว', '', 'นิภาพรรณ', 'กังสกุลนิติ', 'NIPAPUN', 'KUNGSKULNITI', '1', 9, 223, 223, 'พ', 'F', 'O', '', '1958-10-15', '', '5102490000799', '', ' ', ' ', '1991-10-01', '1991-10-01', '', '2019-10-01', '', 9900, 0, 0, '0000-00-00', '', '2006-08-30 14:31:05', ''),
('5938', '', 'นาย', '', 'วิชัย', 'พฤกษ์ธาราธิกุล', 'VICHAI', 'PRIEKTARATIKUL', '1', 12, 223, 223, '', 'M', 'B', '', '1954-06-06', '', '3101400587666', '1000078495', ' 98/113   ลาดยาว   จตุจักร   กรุงเทพฯ  10900', ' ', '1976-10-11', '1990-05-11', '', '2014-10-01', '', 9900, 9900, 0, '0000-00-00', '', '2006-09-28 09:51:10', ''),
('5939', '', 'นาย', '', 'เชาวยุทธ', 'พรพิมลเทพ', 'CHAOVAYUT', 'PORNPIMOLTHAPE', '1', 9, 223, 223, '', 'M', 'ไม่ระบุ', 'สมรส', '2006-09-27', 'phcph@mahidol.ac.th', '3100501446480', '1009524764', ' 281  ถ.ลาดพร้าว  วังทองหลาง  วังทองหลาง  กรุงเทพฯ  10310', ' ', '1972-08-01', '1972-08-01', '', '2010-10-01', '', 9900, 9900, 0, '0000-00-00', '', '2006-09-27 09:50:13', ''),
('5943', '', 'นาง', '', 'ภรณี', 'ภัทรานวัช', 'PORANEE', 'PATARANAWAT', '1', 9, 223, 223, 'พุทธ', 'F', 'ไม', 'หย่า', '1951-10-30', '', '3101700198347', '1003711825', ' ', ' ', '1977-06-02', '1977-06-02', '', '2012-10-01', '', 9900, 0, 0, '0000-00-00', '', '2006-08-30 15:45:29', ''),
('5944', '', 'นาย', '', 'สมมารถ', 'กรรเจียกพงษ์', 'SOMMART', 'KRANJERKPONG', '3', 9, 223, 223, '', 'F', 'ไม', '', '1962-11-07', '', '3120200247054', '', ' 146/67  ถ.กรุงเทพ-ปทุมธานี   บางคูรัด  เมือง   ปทุมธานี  ', ' ', '1990-07-19', '1990-08-30', '', '2023-10-01', '', 0, 0, 0, '0000-00-00', '', '2006-08-30 14:47:43', ''),
('5946', '', 'นาย', '', 'สุธรรม', 'นันทมงคลชัย', 'SUTHAM', 'NANTHAMONGKOLCHAI', '1', 11, 223, 223, 'พุทธ', 'M', 'B', 'สมรส', '1964-10-16', 'phsnt@mahidol.ac.th', '3540200453882', '1029048110', ' 47/411 ซ.หมู่บ้านKCการ์เด้นโฮม7  ถ. นิมิตรไหม  แขวงคลองสามตะวันออก  เขตคลองสามวา กรุงเทพฯ  10510', ' ', '1999-01-25', '1999-01-25', '', '2025-10-01', '', 3500, 0, 0, '0000-00-00', '', '2006-09-18 13:38:11', ''),
('5947', '', 'นาง', '', 'พิมพ์สุรางค์', 'เตชะบุญเสริมศักดิ์', 'PIMSURANG', 'TAECHABOONSERMSAK', '1', 11, 223, 223, 'พุทธ', 'F', 'O', 'สมรส', '1962-01-11', 'phpth@mahidol.ac.th', '3100602382665', '', ' 10/155 ,. 14 ถ. รามคำแหง  แขวงแสนแสบ เขตมีนบุรี  กรุงเทพฯ  10510', ' ', '1985-05-01', '1985-05-01', '', '2022-10-01', '', 5600, 5600, 0, '0000-00-00', '', '2006-09-18 14:15:50', ''),
('5948', '', 'นาง', '', 'จรวยพร', 'สุภาพ', 'JARUAYPORN', 'SUPARP', '1', 11, 223, 223, 'พุทธ', 'F', 'O', 'สมรส', '1950-01-13', 'phjsp@mahidol.ac.th', '3559900121953', '1486087882', ' 85/16/2 ม.11 ถ.ติวานนท์  ต.ตลาดขวัญ  อ.เมืองนนทบุรี  นนทบุรี  11000', ' ', '1974-04-01', '1988-04-16', '', '2010-10-01', '', 9900, 0, 0, '0000-00-00', '', '2006-09-18 14:51:58', ''),
('5949', '', 'นาย', '', 'สมชาติ', 'โตรักษา', 'SOMCHART', 'TORUGSA', '1', 3, 223, 223, '', 'M', 'O', 'สมรส', '1952-09-20', 'phsto@mahidol.ac.th', '3100200827905', '1562108722', ' 160/16  ถ. พระราม6 แขวงสามเสนใน  เขตพญาไท  กรุงเทพฯ  10400', ' ', '1978-04-03', '1978-04-03', '', '2012-10-01', '', 0, 0, 0, '0000-00-00', '', '2006-09-01 10:08:39', ''),
('5954', '', 'นางสาว', '', 'สุจิตตา', 'ผาติบัณฑิต', 'SUCHITTA', 'PHATIBUNDIT', '2', 11, 223, 223, 'พุทธ', 'F', 'B', 'โสด', '1960-09-10', '', '3102002461060', '1009183350', ' ', ' ', '1993-12-01', '1993-12-01', '', '2020-10-01', '', 0, 0, 0, '0000-00-00', '', '2006-09-18 15:34:22', ''),
('5955', '', 'นาง', '', 'พูนสุข', 'ช่วยทอง', 'POONSOOK', 'CHUAYTONG', '1', 11, 223, 223, 'พุทธ', 'F', 'A', 'สมรส', '1950-04-20', 'phpst@mahidol.ac.th', '3120101873780', '1008935943', ' 295/57  ต. บางกระสอ  อ.เมือง  จ. นนทบุรี  11000', ' ', '1976-08-16', '1977-12-01', '', '2010-10-01', '', 9900, 9900, 0, '0000-00-00', '', '2006-09-19 12:22:10', ''),
('5957', '', 'นาย', '', 'ประมุข', 'โอศิริ', 'PRAMUK', 'O-SIRI', '1', 12, 223, 223, 'พุทธ', 'F', 'B', 'สมรส', '1957-09-25', 'phpos@mahidol.ac.th', '3240400112356', '1012882271', ' 53     ซ.ลาดพร้าว 80 วังทองหลาง   วังทองหลาง   กรุงเทพฯ  10310', ' ', '1981-06-15', '1992-09-01', 'กรุงเทพมหานคร', '2017-10-01', '', 5600, 5600, 0, '0000-00-00', '', '2006-09-28 15:01:37', ''),
('5958', '', 'นาย', '', 'สุทิน', 'อยู่สุข', 'SUDHIN', 'YOOSOOK', '1', 9, 223, 223, 'พุทธ', 'M', 'B', 'สมรส', '1544-05-27', '', '3100600454898', '1007683524', ' 14/9      คลองจั่น      บางกะปิ     กรุงเทพฯ    10240', ' ', '1966-10-03', '1966-10-03', '', '2004-10-01', '', 20000, 898, 0, '0000-00-00', '', '2006-08-30 14:39:55', ''),
('5959', '', 'นางสาว', '', 'สรา', 'อาภรณ์', 'SARA', 'APPHORN', '1', 12, 223, 223, 'พุทธ', 'F', 'ไม่ระบุ', 'โสด', '1967-01-10', 'phsao@mahidol.ac.th', '3619900162306', '1550214398', ' 78/161   ม.7   สายไหม  บางเขน  กรุงเทพฯ  10220', ' ', '1992-04-15', '1992-09-01', '', '2027-09-01', '', 3500, 0, 0, '0000-00-00', '', '2006-10-02 08:47:34', ''),
('5960', '', 'นาย', '', 'วิทยา', 'อยู่สุข', 'WITAYA', 'YOOSOOK', '1', 12, 223, 223, 'พุทธ', 'M', 'B', 'สมรส', '2006-09-01', 'phwys@mahidol.ac.th', '3120100495277', '', ' 132/60   ตลาดขวัญ  เมือง  นนทบุรี  11000', ' ', '1975-08-01', '1975-08-01', '', '2009-10-01', '', 9900, 0, 0, '0000-00-00', '', '2006-09-28 15:29:41', ''),
('5961', '', 'นาย', '', 'เฉลิมชัย', 'ชัยกิตติภรณ์', 'CHALERMCHAI', 'CHAIKITTIPORN', '1', 12, 223, 223, 'พุทธ', 'F', 'O', 'สมรส', '1947-10-18', 'phcck@mahidol.ac.th', '3100602040357', '1012806536', ' 33/1045       ม.10     ลาดพร้าว      ลาดพร้าว    กรุงเทพ  ', ' ', '1972-06-01', '1972-06-01', '', '2008-10-01', '', 10000, 10000, 0, '0000-00-00', '', '2006-09-28 14:15:04', ''),
('5962', '', 'นาย', '', 'อุดมศักดิ์', 'คงเมือง', 'UDOMSAK', 'KONGMUANG', '1', 9, 223, 223, 'พุทธ', 'F', 'A', 'โสด', '2006-08-30', 'phukm@mahidol.ac.th', '3100905388252', '1004059438', ' 54/83    ถ.ติวานนท์    บางกระสอ     เมือง   นนทบุรี   11000', ' ', '1978-12-15', '1997-08-30', '', '2013-10-01', '', 5600, 5600, 0, '0000-00-00', '', '2006-08-30 15:20:36', ''),
('5963', '', 'นาย', '', 'ชมภูศักดิ์', 'พูลเกษ', 'CHOMPUSAKDI', 'PULKET', '1', 12, 223, 223, '', 'M', 'O', '', '2006-09-01', 'phcpk@mahidol.ac.th', '3100904294866', '1267310352', ' 17          บางจาก      พระโขนง       กรุงเทพฯ', ' ', '1971-07-16', '1971-09-01', '', '2011-10-01', '', 9900, 9900, 0, '0000-00-00', '', '2006-09-28 13:25:20', ''),
('5964', '', 'นาย', '', 'ตุ๋ย', 'ยังน้อย', 'TUE', 'YOUNGNOI', '1', 13, 223, 223, 'พุทธ', 'M', 'ไม่ระบุ', '', '1952-06-03', 'phtyn@mahidol.ac.th', '3110101429073', '1267295116', ' ', ' ', '1981-05-01', '1981-05-01', '', '1981-10-01', '', 9900, 990, 0, '0000-00-00', '', '2006-10-02 10:39:21', ''),
('5965', '', 'นางสาว', '', 'อรุณรัตน์', 'มีใย', 'ARONRAG', 'MEEYAI', '1', 7, 223, 223, 'พุทธ', 'F', 'ไม', 'โสด', '1969-01-03', 'phamy@mahidol.ac.th', '3100504495287', '1040006014', ' ', ' ', '1997-09-01', '1997-09-01', '', '2006-08-15', '', 0, 0, 0, '0000-00-00', '', '2006-08-15 13:08:11', ''),
('5966', '', 'นาง', '', 'นภาพร', 'ม่วงสกุล', 'NAPAPORN', 'MUANGSAKUL', '3', 25, 223, 223, 'พุทธ', 'F', 'B', 'สมรส', '1962-03-06', 'phnmg@mahidol.ac.th', '3102100123975', '1016679235', ' 48  แขวงบางบอน  เขตบางบอน  กรุงเทพฯ  10150', ' ', '1984-08-13', '1984-08-13', '', '2022-10-01', '', 5600, 0, 0, '0000-00-00', '', '2006-09-15 11:58:06', ''),
('5968', '', 'นาย', '', 'เสริมพันธ์', 'นิตย์นรา', 'SERMPUN', 'NITNARA', '1', 13, 223, 223, 'พุทธ', 'M', 'ไม่ระบุ', '', '1955-11-12', 'headphst@mahidol.ac.th', '3849900096671', '', ' ', ' ', '1981-01-30', '1981-01-30', '', '2016-10-01', '', 0, 0, 0, '0000-00-00', '', '2006-09-29 09:55:50', ''),
('5969', '', 'นาย', '', 'วิทยา', 'เทียนจวง', 'WITTAYA', 'TEINJAUNG', '1', 8, 223, 223, 'พุทธ', 'M', 'AB', 'สมรส', '1947-08-27', '', '3101400067239', '1004523014', ' 2508/615  ถ.ดินแดง  แขวงดินแดง  เขตดินแดง  กรุงเทพฯ  10400', ' ', '1972-05-15', '1972-05-15', '', '2007-10-01', '', 0, 0, 0, '0000-00-00', '', '2006-09-04 13:50:13', ''),
('5970', '', 'นาง', '', 'ทัศนีย์', 'ศิลาวรรณ', 'TASANEE', 'SILAWARN', '1', 13, 223, 223, 'พุทธ', 'F', 'ไม่ระบุ', '', '1963-05-05', '', '5320990016917', '', ' ', ' ', '1985-10-01', '1994-05-01', '', '2023-10-01', '', 0, 0, 0, '0000-00-00', '', '2006-09-29 14:28:20', ''),
('5971', '', 'นาย', '', 'วิวัฒน์', 'อังศุสิงห์', 'WIWAT', 'ANGSUSINGHA', '1', 13, 223, 223, '', 'M', 'O', '', '1947-02-16', '', '3101600772912', '1001985426', ' 300/1024  ต.บางรักวัฒนา  อ.บางบัวทอง  จ. นนทบุรี', ' ', '1974-07-01', '1974-07-01', '', '2007-10-01', '', 0, 0, 0, '0000-00-00', '', '2006-09-05 09:18:09', ''),
('5972', '', 'นาย', '', 'นิวัต', 'อุณฑพันธุ์', 'NIVAT', 'AUTAPANTH', '1', 13, 223, 223, 'พุทธ', 'M', 'ไม', 'สมรส', '1961-01-18', '', '4340700003061', '1014093224', ' บ้านพักสถานฝึกอบรมและวิจัย  ต.สูงเนิน  อ.สูงเนิน  จ.นครราชสีมา   30170\r\n', ' ', '1983-09-20', '1993-11-16', '', '2021-10-01', '', 0, 0, 0, '0000-00-00', '', '2006-09-05 09:28:13', ''),
('5973', '', 'นาง', '', 'จุฑาพร', 'ทับเพ็ชร', 'JUTHAPORN', 'TUPPETCH', '1', 13, 223, 223, 'พุทธ', 'F', 'O', 'หม้าย', '1948-07-04', '', '3309900465603', '1310517073', ' 260/26  ม . 3 ซ.ฉัตรมงคล5   ต.หมื่นไวย  อ.เมือง  จ. นครราชสีมา   30000', ' ', '1975-05-01', '1975-05-01', '', '2008-10-01', '', 0, 0, 0, '0000-00-00', '', '2006-09-05 09:38:41', ''),
('5974', '', 'นาย', '', 'สมมาตร', 'พรหมภักดี', 'SOMMAS', 'PHROMPAGDI', '1', 13, 223, 223, '', 'M', 'ไม', 'สมรส', '1958-02-01', '', '3841700471071', '1311140010', ' สถานฝึกอบรมแบะวิจัยอนามัยชนบท   ต.สูงเนิน   อ. สูงเนิน  จ.นครราชสีมา  30170', ' ', '1984-09-17', '1984-09-17', '', '2018-10-01', '', 0, 0, 0, '0000-00-00', '', '2006-09-05 09:47:59', ''),
('5977', '', 'นาง', '', 'อรนุช', 'ภาชื่น', 'ORANUT', 'PACHUN', '1', 13, 223, 223, 'พุทธ', 'F', 'O', '', '1954-04-25', 'phopc@mahidol.ac.th', '3100603074191', '1008936025', ' 10/10  ม.6 แขวงลาดพร้าว  เขตลาดพร้าว  กรุงเทพฯ  10230', ' ', '1979-11-30', '1979-11-30', '', '2014-10-01', '', 0, 0, 0, '0000-00-00', '', '2006-09-05 10:03:25', ''),
('5979', '', 'นาง', '', 'ศรินยา', 'เดินขุนทด', 'SARINYA', 'DOENKUNTOD', '3', 13, 223, 223, 'พุทธ', 'F', 'O', 'สมรส', '1959-01-02', '', '3301800461005', '1805401320', ' 359 ม.1 ต.สูงเนิน อ.สูงเนิน จ. นครราชสีมา  ', ' ', '1983-11-24', '1983-11-24', '', '2019-10-01', '', 0, 0, 0, '0000-00-00', '', '2006-09-05 10:50:39', ''),
('5980', '', 'นาย', '', 'ประสาธน์', 'ทับเพ็ชร', 'PRASAT', 'TUPPETCH', '3', 13, 223, 223, '', 'M', 'O', 'สมรส', '1961-05-24', '', '3309900283262', '1311201780', ' 318/11  ต.ในเมือง  อ.เมือง  จ.นครราชสีมา', ' ', '1985-05-01', '1985-05-01', '', '2021-10-01', '', 0, 0, 0, '0000-00-00', '', '2006-09-05 11:08:29', ''),
('5983', '', 'นาย', '', 'ชุติชัย', 'มาแจ้ง', 'CHUTICHAI', 'MARJENG', '1', 11, 223, 223, 'พุทธ', 'M', 'B', 'สมรส', '1960-12-11', '', '3100200712679', '1310949027', ' 121/248 ถ. เทพารักษ์  ต.เทพารักษ์  อ.เมือง  จ.สมุทรปราการ  10270', ' ', '1983-10-20', '1983-10-20', '', '2021-10-01', '', 9900, 9900, 0, '0000-00-00', '', '2006-09-19 10:57:07', ''),
('6178', '', 'นาย', '', 'ธวัชชัย', 'สุนทร', 'TAWATCHAI', 'SOONTORN', '3', 4, 223, 223, 'พุทธ', 'M', 'A', 'สมรส', '1978-02-23', '', '3100700577266', '1043100733', ' 613/7  ม. 6 ถ. พหลโยธิน  แขวงสายไหม  เขตสายไหม  กรุงเทพฯ  10220', ' ', '1995-01-03', '1995-01-03', '', '1984-10-01', '', 0, 0, 0, '0000-00-00', '', '2006-09-06 09:16:26', ''),
('6179', '', 'นางสาว', '', 'ถวัลย์', 'เลิศลม', 'TAWAN', 'LERDTLOB', '3', 25, 223, 223, 'พุทธ', 'F', 'O', 'โสด', '2006-08-30', '', '3730300768808', '1006995963', ' 420/1 ถ.ราชวิถี  เขตราชเทวี  กรุงเทพฯ  10400', ' ', '1978-05-01', '1978-05-01', '', '2016-10-01', '', 0, 0, 0, '0000-00-00', '', '2006-08-31 08:30:12', ''),
('6181', '', 'นาย', '', 'ฉัตรชัย', 'ยกย่อง', 'CHATCHAI', 'YOKYONG', '3', 25, 223, 223, 'พุทธ', 'M', 'B', 'โสด', '1967-03-18', '', '3700400405901', '1038781343', ' 3/438  ถ. พหลโยธิน54/1  แขวงคลองถนน   เขตสายไหม  กรุงเทพฯ  10220', ' ', '1995-02-01', '1995-02-01', '', '2027-10-01', '', 0, 0, 0, '0000-00-00', '', '2006-09-12 08:48:49', ''),
('631', '', 'นาย', '', 'ใส', 'กลั่นความดี', 'XX', 'XXX', '12', 25, 223, 223, 'พุทธ', 'M', 'O', 'โสด', '1958-11-26', '', '3101400846386', '1046145700', ' 3417 ถ.ประชาสงเคราะห์  แขวงดินแดง  เขตดินแดง  กรุงเทพฯ  10400', ' ', '1995-07-10', '1995-07-10', '', '2019-10-01', '', 0, 0, 0, '0000-00-00', '', '2006-08-28 15:21:24', ''),
('7090', '', 'นาง', '', 'โศรดา', 'เผือกจิตต์', 'SORADA', 'PURKJIT', '3', 2, 223, 223, 'พุทธ', 'F', 'ไม', 'สมรส', '1958-11-08', '', '3120200357658', '1007263344', ' 101/2 ถ.ประดิพัทธ  แขวงสามเสนใน  เขตพญาไท  กรุงเทพฯ  10400', ' ', '1980-06-02', '1980-06-02', '', '2019-10-01', '', 0, 0, 0, '0000-00-00', '', '2006-09-04 15:36:52', '');
INSERT INTO `personel` (`per_id`, `per_no`, `per_pname`, `per_pname2`, `per_fnamet`, `per_lnamet`, `per_fnamee`, `per_lnamee`, `per_type`, `per_dept`, `per_nal`, `per_renal`, `per_religion`, `per_sex`, `per_blood`, `per_situation`, `per_bhd`, `per_email`, `per_idcard`, `per_tax`, `per_addr`, `per_skill`, `per_hiredate1`, `per_hiredate2`, `per_trans`, `per_retire`, `per_expert`, `per_money1`, `per_money2`, `per_status`, `per_outdate`, `per_remark`, `per_modify`, `password`) VALUES
('7091', '', 'นาง', '', 'ศิราณี', 'ศรีใส', 'SIRANEE', 'SREESAI', '1', 10, 223, 223, 'พุทธ', 'F', 'B', '', '1966-10-24', 'phssr@mahidol.ac.th', '3700500548071', '1023188386', ' 27  ม.7  ซ.เขียวดี  ถ.บรมราชชนนี    ศาลาธรรมสพน์    ทวีวัฒนา   กรุงเทพฯ  10170', ' ', '1993-04-01', '1993-08-28', '', '2027-10-01', '', 3500, 0, 0, '0000-00-00', '', '2006-08-28 15:24:05', ''),
('7533', '', 'นาง', '', 'ขนิษฐา', 'ปุสสะ', 'KHANITTHA', 'PUSSA', '2', 25, 223, 223, 'พุทธ', 'F', 'O', 'สมรส', '1956-08-12', '', '3100503854925', '1015653120', ' 16/24  แขวงทุ่งสองห้อง  เขตทุ่งสองห้อง  กรุงเทพฯ  ', ' ', '1981-07-01', '1981-07-01', '', '2016-10-01', '', 0, 0, 0, '0000-00-00', '', '2006-08-31 08:38:12', ''),
('7535', '', 'นางสาว', '', 'พรพิมล', 'กองทิพย์', 'PORNPIMOL', 'KONGTIP', '1', 12, 223, 223, '', 'F', 'B', '', '1957-08-07', 'phpkt@mahidol.ac.th', '3129900397227', '1014286022', ' 161/26    ม.5  สวนใหญ่     เมือง  นนทบุรี  11000', ' ', '1982-03-11', '1994-06-01', '', '2017-10-01', '', 9900, 9900, 0, '0000-00-00', '', '2006-09-28 11:08:15', ''),
('7912', '', 'นางสาว', '', 'ทัศนีย์', 'รวิวรกุล', 'TASSANEE', 'RAWIWORRAKUL', '1', 5, 223, 223, 'พุทธ', 'F', 'O', 'โสด', '1961-07-31', '', '3101400511201', '1015716771', ' ', ' ', '1983-05-01', '1983-08-24', '', '2021-10-01', '', 0, 0, 0, '0000-00-00', '', '2006-08-24 13:20:59', ''),
('8026', '', 'นาง', '', 'พิมพ์พรรณ', 'ศิลปสุวรรณ', 'PIMPAN', 'SILLAPASUWAN', '1', 5, 223, 223, 'พุทธ', 'F', 'O', 'หม้าย', '2051-02-18', 'phpsk@mahidol.ac.th', '3100504026431', '1003711818', ' 19/248   ถ.วิภาวดีรังสิต   ตลาดบางเขน   หลักสี่  กรุงเทพฯ', ' ', '1981-10-15', '1981-08-24', '', '2011-10-01', '', 0, 0, 0, '0000-00-00', '', '2006-08-24 14:26:26', ''),
('8033', '', 'นางสาว', '', 'วิไล', 'กลัดพรหม', 'VILAI', 'KLUDPROM', '2', 25, 223, 223, '', 'F', 'O', '', '1966-09-26', 'phvk@mahidol.ac.th', '3100903689387', '', ' 21 ถ.สุขุวิท103 แขวงบางจาก  เขตพระโขนง กรุงเทพฯ 10260 ', ' ', '1993-07-01', '1993-07-01', '', '2026-10-01', '', 0, 0, 0, '0000-00-00', '', '2006-09-06 13:22:38', ''),
('8115', '', 'นาย', '', 'ศิริลักษณ์', 'พวงแก้ว', 'SIRILUK', 'PHUANGKAEW', '3', 5, 223, 223, 'พุทธ', 'F', 'ไม', 'สมรส', '1964-07-14', '', '5700400011519', '1020763654', ' 3/438   ถ.สายไหม     คลองถนน    สายไหม    กรุงเทพฯ   10210', ' ', '1997-10-16', '1997-10-16', '', '2024-10-01', '', 0, 0, 0, '0000-00-00', '', '2006-09-11 10:08:26', ''),
('8116', '', 'นาย', '', 'ชัยวัฒน์', 'วงศ์อาษา', 'CHAIWAT', 'WONGASA', '1', 11, 223, 223, '', 'M', 'ไม', '', '1959-10-13', '', '3509900141881', '1014310307', ' ', ' ', '1982-08-02', '1982-08-02', '', '2020-10-01', '', 0, 0, 0, '0000-00-00', '', '2006-09-05 14:49:52', ''),
('8353', '', 'นาย', '', 'ศุภรวิทย์', 'พึ่งจิตต์ตน', 'SUPORNWIT', 'PUNGCHITTON', '2', 1, 223, 223, 'พุทธ', 'M', 'ไม', 'โสด', '1963-08-15', 'phspc@mahidol.ac.th', '3120600890434', '1017943632', ' 7    ม. 3     บางตะไนย์    ปากเกร็ด   นนทบุรี  1120', ' ', '1984-05-01', '1984-08-29', '', '2023-10-01', '', 0, 3500, 0, '0000-00-00', '', '2006-09-11 10:01:59', ''),
('8683', '', 'นาย', '', 'ชูเกียรติ', 'วิวัฒน์วงศ์เกษม', 'CHUKIAT', 'VIWATWONGKASEM', '1', 2, 223, 223, 'พุทธ', 'M', 'O', 'สมรส', '1959-02-08', 'phcvw@nahidol.ac.th', '3100502992763', '1014099325', ' 100/60  ม. 7  ถ. พหลโยธิน  แขวงอนุเสาวรีย์  เขตบางเขน  กรุงเทพฯ  10220', ' ', '1982-02-01', '1982-02-01', '', '2019-10-01', '', 0, 0, 0, '0000-00-00', '', '2006-09-04 09:09:13', ''),
('8883', '', 'นางสาว', '', 'สายใจ', 'โพธิ์ศัพท์สุข', 'SAIJAI', 'POTISUBSUK', '3', 25, 223, 223, 'พุทธ', 'F', 'B', 'โสด', '1961-03-16', '', '3101400018815', '1018591757', ' 542   ดินแดง   ดินแดง  กรุงเทพฯ  ', ' ', '1985-07-03', '1995-07-03', '', '2021-07-03', '', 0, 0, 0, '0000-00-00', '', '2006-08-21 10:15:53', ''),
('8884', '', 'นาง', '', 'ลดาวัลย์', 'เอี่ยมกระสินธุ์', 'LADDAWAN', 'IAMKRASIN', '3', 25, 223, 223, 'พุทธ', 'F', 'O', 'สมรส', '1959-07-07', '', '3100601649226', '1018242864', ' ', ' ', '1985-10-21', '1985-10-21', '', '2019-10-01', '', 0, 0, 0, '0000-00-00', '', '2006-08-21 10:07:13', ''),
('8885', '', 'นาง', '', 'พลอยพร', 'ถนอมทรัพย์', 'PLOYPORN', 'TANOMSUP', '3', 8, 223, 223, 'พุทธ', 'F', 'A', 'หม้าย', '1964-08-03', '', '3100203109841', '1119259099', ' 337/340  ถ.บางกรวยไทรน้อย  แขวงบางรักพัฒนา  เขตบางบัวทอง  จ. นนทบุรี  11110', ' ', '1985-07-03', '1985-07-03', '', '2024-10-01', '', 0, 0, 0, '0000-00-00', '', '2006-09-04 14:08:07', ''),
('9052', '', 'นาง', '', 'สมมาศ', 'มีธรรม', 'SOMMAS', 'MEETHUM', '3', 25, 223, 223, 'พุทธ', 'F', 'A', 'สมรส', '2006-01-11', '', '3101900643611', '1016679099', ' 420/1 ถ .ราชวิถี  แขวงทุ่งพญาไท  เขตราชเทวี  กรุงเทพฯ  10400', ' ', '1986-05-08', '1986-05-08', '', '2025-10-01', '', 0, 0, 0, '0000-00-00', '', '2006-08-31 08:35:52', ''),
('9099', '', 'นาง', '', 'วิภา', 'สุวรรณรักษา', 'VIPA', 'SUWANRAKSA', '3', 25, 223, 223, 'พุทธ', 'F', 'O', 'สมรส', '1963-12-17', '', '3101400178090', '1017019078', ' 33/47  ถ. รามอินทรา65  แขวงท่าแร้ง  เขตบางเขน   กรุงเทพฯ  ', ' ', '1987-10-01', '1987-10-01', '', '2024-10-01', '', 0, 0, 0, '0000-00-00', '', '2006-08-31 08:35:22', ''),
('9101', '', 'นาง', '', 'อรนุช', 'ชัยสมบูรณ์พันธ์', 'ORANOOT', 'CHAISOMBOONPUN', '3', 3, 223, 223, '', 'F', 'B', 'สมรส', '1957-07-26', '', '3730600438951', '1007470582', ' 72  ม. 2 ต.บ้านใหม่  อ.สามพราน จ. นครปฐม 73110', ' ', '1987-01-28', '1987-01-28', '', '2017-10-01', '', 0, 0, 0, '0000-00-00', '', '2006-09-21 09:17:12', ''),
('9102', '', 'นาง', '', 'อัมพร', 'พนม', 'AMPORN', 'PANOM', '3', 7, 223, 223, 'พุทธ', 'F', 'O', 'สมรส', '1959-02-04', '', '3120600673999', '1200130115', ' 5/1083   ม.10 ถ.สามัคคี  บางตลาด  ปากเกร็ด  นนทบุรี  11120', ' ', '1990-01-02', '1990-01-02', '', '2019-10-01', '', 0, 0, 0, '0000-00-00', '', '2006-08-16 08:03:46', ''),
('9119', '', 'นาย', '', 'จำรัส', 'เปลี่ยนสี', 'JUMRUS', 'PLIENSEE', '3', 25, 223, 223, 'พุทธ', 'M', 'AB', 'สมรส', '1963-07-16', '', '3102201904689', '1033183197', ' 295 ถ.รังสิต - นครนายก  แขวงประชาธิปัตย์  เขตธัญบุรี  จังหวัดปทุมธานี  12130', ' ', '1991-05-01', '1994-05-01', 'กรมการขนส่งทางบก', '2023-10-01', '', 0, 0, 0, '0000-00-00', '', '2006-09-06 10:05:15', ''),
('PHAF00003/44', '', 'นาย', '', 'ไชยนันต์', 'แท่งทอง', 'CHAIYANUN', 'TANGTONG', '4', 12, 223, 223, 'พุทธ', 'M', 'O', 'โสด', '1980-01-13', '', '3949900207811', '', ' 9/32 ถ. หนองจิก ต.สะบารัง  อ. เมือง  จ. ปัตตานี', ' ', '2002-09-07', '2002-09-07', '', '2040-09-01', '', 0, 0, 0, '0000-00-00', '', '2006-08-18 14:03:51', ''),
('PHAF00004/49', '', 'นางสาว', '', 'ภิฤดี', 'ภวนานันท์', 'PIRUDEE', 'PAVANANUNT', '4', 3, 223, 223, 'พุทธ', 'F', 'B', 'โสด', '1955-04-12', '', '3100600707401', '', ' 2120/157 อาคารบ้านนนทรีคอนโด ถ.จันทร์ตัดใหม่ แขวงช่องนนทรี  เขตยานนาวา  กรุงเทพฯ 10220', ' ', '2006-08-21', '2006-01-05', '', '2015-10-01', '', 0, 0, 0, '0000-00-00', '', '2006-09-21 13:58:21', ''),
('PHAF00008/49', '', 'นางสาว', '', 'ธนาศรี', 'สีหะบุตร', 'TANASRI', 'SIHABUT', '4', 10, 223, 223, 'พุทธ', 'F', 'O', 'โสด', '1972-02-28', '', '3330101400049', '', ' 104 ซ.จรัญสนิทวงศ์95/1  แขวงบางอ้อ  เขตบางพลัด  กรุงเทพฯ  10700', ' ', '2005-09-03', '2005-10-03', '', '2032-10-01', '', 0, 0, 0, '0000-00-00', '', '2006-08-22 13:45:00', ''),
('PHAF00009/42', '', 'นาง', '', 'รัชดา', 'เกษมทรัพย์', 'RACHADA', 'KASEMSUP', '4', 6, 223, 223, 'พุทธ', 'F', 'O', 'สมรส', '1971-06-08', '', '3101400942911', '', ' 35 ตรอก/ซอยตรีสัมพันธ์ ถนนพระราม 6ตำบลสามเสนใน อำเภอพญาไท กทม. 10400 โทรศัพท์ 022780979', ' ', '2007-09-02', '2007-09-02', '', '2031-10-01', '', 0, 0, 0, '0000-00-00', '', '2007-09-02 14:10:22', ''),
('PHAF00011/45', '', 'นางสาว', '', 'ฉัตรสมุน', 'พฤฒิภิญญโญ', 'CHARDSUMON', 'PRUTIPINYO', '4', 3, 223, 223, 'พุทธ', 'F', 'O', 'โสด', '1964-02-25', '', '3101600706847', '', ' 77/499 หมู่ที่ 5 ซอยเพชรทองคำ ถ.บางกระดี่3 แขวงแสมดำ เขตบางขุนเทียน จ.กรุงเทพมหานคร 10150', ' ', '2002-04-01', '2002-04-01', '', '2024-10-01', '', 0, 0, 0, '0000-00-00', '', '2006-04-07 13:09:25', ''),
('PHAF00082/48', '', 'นาย', '', 'ศุภชัย', 'ปิติกุลตัง', 'SUPACHAI', 'PITIKULTANG', '4', 1, 223, 223, 'พุทธ', 'M', 'B', 'โสด', '1964-06-23', '', '3101700311810', '', ' 17/16 ซ.ลาดพร้าว43 ถ. ลาดพร้าว   แขวงลาดพร้าว  เขตห้วยขวาง  กรุงเทพฯ 10320', ' ', '2005-05-02', '2005-05-02', '', '2024-10-01', '', 0, 0, 0, '0000-00-00', '', '2006-08-25 10:35:55', ''),
('PHAF00084/48', '', 'นางสาว', '', 'สุพพัด', 'ควรพงษากุล', 'SUPHAPHAT', 'KWONPONGSAOON', '4', 9, 223, 223, 'พุทธ', 'F', 'ไม', '', '1971-11-11', '', '4100100007319', '', ' 8/41  ซ.ปลูกจิต ถ.พระราม 4  แขวงลุมพินี  เขตปทุมวัน  กรุงเทพฯ  10330', ' ', '2005-03-22', '2005-03-22', '', '2031-10-01', '', 0, 0, 0, '0000-00-00', '', '2006-08-28 10:06:39', ''),
('PHAF00113/44', '', 'นาง', '', 'สุวิสา', 'มหาสันทนะ', 'SUWISA', 'MAHASANDANA', '4', 9, 223, 223, 'พุทธ', 'F', 'ไม', 'สมรส', '1968-08-01', '', '3102000984065', '', ' 516 ตรอก/ซอย พหลโยธิน 24 ถ. พหลโยธิน  แขวงลาดยาว  เขตจตุจักร  กรุงเทพฯ 10900', ' ', '2001-02-01', '2001-02-01', '', '2028-10-01', '', 0, 13610, 0, '0000-00-00', '', '2006-08-16 08:17:59', ''),
('PHAF00150/43', '', 'นาย', '', 'จักร์กริช', 'หิรัญเพชรรัตน์', 'CHAKRIT', 'HIRUNPETCHARAT', '4', 1, 223, 223, 'พุทธ', 'M', 'O', 'โสด', '1960-07-23', 'phchr@mahidol.ac.th', '3240400494658', '1460765638', ' 136/39 หมูที่ 2 ถ.สายอ้อมเมือง ต.ป่าแดด อ.เมือง จ.เชียงใหม่', ' ', '2000-08-01', '2000-04-07', '', '2020-10-01', '', 0, 0, 0, '0000-00-00', '', '2006-04-07 13:20:13', ''),
('PHAF00151/43', '', 'นาย', '', 'ทวี', 'สายวิชัย', 'TAWEE', 'SAIWICHAI', '4', 4, 223, 223, 'พุทธ', 'M', 'O', 'โสด', '1974-12-01', 'tsiwichai@hotmail.com', '3411700913922', '1790008740', ' 97 หมู่9 ต.หนองหัวคู อ.บ้านผือ จ.อุดรธานี ', ' ', '2000-06-30', '2000-06-30', '', '2034-10-01', '', 0, 0, 0, '0000-00-00', '', '2006-04-07 12:29:38', ''),
('PHAF00187/43', '', 'นาง', 'ร้อยเอกหญิง', 'จีรนันท์', 'แกล้วกล้า', 'JAEERANUN', 'KLAEWKLA', '4', 6, 223, 223, 'พุทธ', 'F', 'A', 'โสด', '2006-04-07', '', '3269900096803', '1017364659', ' 30/5 หมู่ที่6 ซอยวัดพรพระร่วงประสิทธิ์ ถ.สุขาภิบาล5 แขวงออเงิน เขตสายไหม จ.กรุงเทพมหานคร ', ' ', '2000-09-01', '2000-09-01', '', '2022-10-01', '', 0, 0, 0, '0000-00-00', '', '2006-04-07 12:55:59', ''),
('PHAF00200/45', '', 'นาง', '', 'แอนน์', 'จิระพงษ์สุวรรณ', 'ANN', 'JIRAPONGSUWAN', '4', 5, 223, 223, 'พุทธ', 'F', 'B', 'สมรส', '1972-04-28', '', '3549900005147', '', ' คณะพยาบาลศาสตร์มหาวิทยาลัยนเรศวร  อำเภอเมือง  จังหวัดพิษณุโลก  65000', ' ', '2002-09-02', '2002-09-02', '', '2032-10-01', '', 0, 0, 0, '0000-00-00', '', '2006-08-21 11:09:11', ''),
('PHAF00201/45', '', 'นางสาว', '', 'โสภา', 'ชินเวชกิจวานิชย์', 'SOPA', 'CHINWETKIVANICH', '4', 9, 223, 223, 'พุทธ', 'F', 'AB', 'โสด', '1972-02-01', '', '3100400092780', '', ' 1018/4 ถ. พระราม4  แขวงสีลม  เขตบางรัก  กรุงเทพมหานคร  10500', ' ', '2003-02-03', '2003-02-03', '', '2032-10-01', '', 0, 0, 0, '0000-00-00', '', '2006-08-21 09:21:19', ''),
('PHAF00202/45', '', 'นาย', '', 'กิติพงษ์', 'หาญเจริญ', 'KITIPHONG', 'HARNCHAROEN', '4', 7, 223, 223, 'พุทธ', 'M', 'O', 'โสด', '1958-12-27', 'phkhc@mahidol.ac.th', '3109900359071', '1230907251', ' 106/45 5.ถ. นวมินทร์  แขวง คลองกุ่ม เขต บึงกุ่ม  กรุงเทพฯ 10230', ' ', '2003-06-06', '2003-03-06', '', '2013-10-01', '', 0, 0, 0, '0000-00-00', '', '2006-08-21 16:24:05', ''),
('PHAF00203/45', '', 'นาย', '', 'บุณยฤทธิ์', 'ปัญญาภิญโญผล', 'BUNYARIT', 'PANYAPINYOPOL', '4', 9, 223, 223, 'พุทธ', 'M', 'A', 'โสด', '1978-04-06', '', '3100600429036', '1798714735', ' 3318  ถ. ลาดพร้าว  แขวงคลองจั่น  เขตบางกะปิ  กรุงเทพฯ ', ' ', '2002-09-02', '2002-09-02', '', '2038-10-01', '', 0, 0, 0, '0000-00-00', '', '2006-08-18 11:16:48', ''),
('PHAF00204/45', '', 'นาย', '', 'นิทัศน์', 'ศิริโชติรัตน์', 'NITHAT', 'SIRICHOTIRATANA', '4', 8, 223, 223, 'คริสต์ นิกายโรมัน', 'M', 'A', 'หม้าย', '1955-04-06', '', '3100601459401', '', ' 52/82 ชั้น 24  แกรนด์หลังสวนคอนโดมิเนียม ซ.หลังสวน  ถ. เพลินจิต  เขตปทุมวัน  กรุงเทพฯ 10330', ' ', '2002-08-15', '2002-08-15', '', '2015-10-01', '', 0, 0, 0, '0000-00-00', '', '2006-08-22 10:56:37', ''),
('PHAF00205/45', '', 'นาง', '', 'สุภัทรา', 'ลิลิตชาญ', 'SUPATHRA', 'LILITCHAN', '4', 6, 223, 223, 'พุทธ', 'F', 'ไม', 'โสด', '1974-08-17', 'phsll@mhidol.ac.th', '3102200637903', '', ' 197/23 ม.ช.รุ่งเรือง 6 ซ.3ก  แขวงบางรักพัฒนา  เขตบางบัวทอง  นนทบุรี  11110', ' ', '2004-06-01', '2004-06-01', '', '2034-10-01', '', 0, 0, 0, '0000-00-00', '', '2006-08-25 10:50:49', ''),
('PHAF00327/45', '', 'นาง', '', 'วิริณธิ์', 'กิตติพิชัย', 'WIRIN', 'KITTIPICHAI', '4', 11, 223, 223, 'พุทธ', 'F', 'A', 'สมรส', '1969-12-12', '', '3110100493975', '', ' 25/23 หมู่ที่ 2 ตำบลท่าลาด   อำเภอสามพราน  จังหวัดนครปฐม  73110', ' ', '2005-05-02', '2005-05-02', '', '2029-10-01', '', 0, 0, 0, '0000-00-00', '', '2006-08-21 10:40:24', ''),
('PHAF00461/46', '', 'นาย', '', 'จงจินต์', 'ผลประเสริฐ', 'CHONGCHIN', 'POLPRASERT', '4', 9, 223, 223, 'พุทธ', 'M', 'ไม', 'โสด', '1962-10-07', '', '3669900076892', '', ' 242  ตรอก/ซอย อาคารสงเคราะห์ ถ. พิชัย  เขตดุสิต  กรุงเทพฯ 10300', ' ', '2003-08-01', '2003-08-01', '', '2022-10-01', '', 0, 0, 0, '0000-00-00', '', '2006-08-21 10:05:37', ''),
('PHAF00586/43', '', 'นาย', '', 'โชคชัย', 'หมั่นแสวงทรัพย์', 'CHOKCHAI', 'MUNSAWAENCSUB', '4', 11, 223, 223, 'พุทธ', 'M', 'ไม', 'โสด', '1964-11-23', '', '3100100349301', '', ' 96-98 ถ.ศิริพงษ์ แขวงสำราญราษฎร์ เขตพระนคร จ.กรุงเทพมหานคร 10200', ' ', '2002-09-02', '2002-09-02', '', '2024-10-01', '', 0, 0, 0, '0000-00-00', '', '2006-04-07 13:23:37', ''),
('PHAF00592/43', '', 'นาง', '', 'มานี', 'ชะมะนา', 'MANEE', 'CHANAMA', '4', 1, 223, 223, 'พุทธ', 'F', 'O', 'สมรส', '1964-05-18', 'phmcn@mahidol.ac.th', '3101202202431', '1023781044', ' 198/331  ซ.ตรอกจันทร์  สะพาน 3  แขวงทุ่งวัดดอน  เขตสาทร  กรุงเทพฯ 10120', ' ', '2001-01-03', '2001-01-03', '', '2024-10-01', '', 0, 0, 0, '0000-00-00', '', '2006-08-24 15:53:27', ''),
('PHAF00595/43', '', 'นาย', '', 'สุทธินันท์', 'ฉันท์ธนกุล', 'SUTTINUN', 'CHANTANAKUL', '4', 12, 223, 223, 'พุทธ', 'M', 'AB', 'สมรส', '1961-04-26', '', '3100904155165', '1255364671', ' 1242 ซอย วชิรธรรม  แขวง พระโขนง เขต พระโขนง  กรุงเทพฯ 10260', ' ', '2001-02-01', '2001-02-01', '', '2016-10-01', '', 0, 0, 0, '0000-00-00', '', '2007-01-08 15:08:17', ''),
('PHAF00629/43', '', 'นางสาว', '', 'ณิชชาภัทร', 'ขันสาคร', 'NITCHAPHAT', 'KUNSAKORN', '4', 13, 223, 223, 'พุทธ', 'F', 'ไม', 'โสด', '1973-04-22', '', '3141400094953', '', ' 8/324 ม.บุญอนันต์ หมู่ที่ 3  ถ.สรงประภา  แขวงสีกัน เขตดอนเมือง  กรุงเทพฯ 10210', ' ', '2001-11-01', '2001-11-01', '', '2033-10-01', '', 0, 0, 0, '0000-00-00', '', '2006-08-18 14:17:53', ''),
('PHAF00689/43', '', 'นาย', '', 'ไกรชาติ', 'ตันตระการอาภา', 'KRAICHAT', 'TANTRAKARNAPA', '4', 10, 223, 223, 'พุทธ', 'M', 'O', 'โสด', '1964-05-18', 'phktt@mahidol.ac.th', '3520800256913', '1019707423', ' 10/444 ม. สวนทิพย์ ซ. 16 ถ.นวลจันทร์  แขวงคลองกุ่ม  เขตบึงกุ่ม  กรุงเทพฯ 10230', ' ', '2001-07-02', '2001-07-02', '', '2024-10-01', '', 0, 0, 0, '0000-00-00', '', '2006-08-24 09:12:52', ''),
('PHAF00690/43', '', 'นาย', '', 'ธวัช', 'เพชรไทย', 'TAWACH', 'PRECHTHAI', '4', 10, 223, 223, 'พุทธ', 'F', 'ไม', 'โสด', '1975-08-10', 'phtpt@mahidol.ac.th', '3660100855406', '1787012989', ' 161/2 หมู่ที่8 ต.คงกลาง อ.เมือง จ.พิจิตร 66170', ' ', '2001-07-02', '2001-07-02', '', '2035-10-01', '', 0, 0, 0, '0000-00-00', '', '2006-04-07 14:56:15', ''),
('PHAF00691/43', '', 'นาย', '', 'ชัชวาล', 'สิงหกันต์', 'CHATCHAWAL', 'SINGHAKANT', '4', 10, 223, 223, 'พุทธ', 'M', 'ไม', 'โสด', '1978-04-23', '', '3101500874764', '1785735200', ' 261/369  ถ.จรัญสนิทวงศ์  แขวงบางขุนศรี  เขตบางกอกน้อย  กรุงเทพฯ ', ' ', '2001-07-02', '2001-07-02', '', '2038-10-01', '', 0, 0, 0, '0000-00-00', '', '2006-08-22 14:39:07', ''),
('PHAF00692/43', '', 'นางสาว', '', 'ประนอม', 'ขันสาคร', 'PRANOM', 'KUNSAKORN', '4', 13, 223, 223, 'พุทธ', 'F', 'ไม', 'โสด', '1973-04-22', '', '3141400094953', '', ' 8/324 ม.บุญอนันต์ หมู่ที่3 ถ.สรงประภา แขงสีกัน เขตดอนเมือง จ.กรุงเทพมหานคร 10210', ' ', '2001-11-01', '2001-11-01', '', '2033-10-01', '', 0, 0, 0, '0000-00-00', '', '2006-04-08 16:33:07', ''),
('PHAF00693/43', '', 'นางสาว', '', 'บุษบา', 'สงวนประสิทธิ์', 'BOOSABA', 'SANGUANPRASIT', '4', 8, 223, 223, 'พุทธ', 'F', 'ไม', 'โสด', '1951-01-01', 'phbs@mahidol.ac.th', '3259800004109', '', ' 250/34 หมู่บ้าน สัมมากร ซ.สุขาภิบาล3 ถ.สุขาภิบาล3 แขวงสะพานสูง เขตสะพานสูง กรุงเทพฯ 10240', ' ', '2001-12-03', '2001-12-03', '', '2011-10-01', '', 0, 0, 0, '0000-00-00', '', '2006-08-22 11:22:41', ''),
('PHAF00694/43', '', 'นางสาว', '', 'มธุรส', 'ทิพยมงคลกุล', 'MATHUROS', 'TIPAYAMONGKOLGUL', '4', 7, 223, 223, 'พุทธ', 'F', 'O', 'โสด', '1969-11-04', 'phmty@mahidol.ac.ch', '3100603089406', '', ' 163 ซอย ลาดพร้าว 64 เขต วังทองหลาง กรุงเทพมหานคร', ' ', '2004-01-16', '2004-01-16', '', '2029-10-01', '', 0, 0, 0, '0000-00-00', '', '2006-08-22 09:32:14', ''),
('PHAF00731/43', '', 'นาง', '', 'สุพร', 'อภินันทเวช', 'SUPORN', 'APINUNTAVECH', '4', 11, 223, 223, 'พุทธ', 'F', 'A', 'สมรส', '1963-12-19', 'phsap@mahidol.ac.th', '3102000369735', '', ' 510/12 ถ.พรานนก  แขวงศิริราช  เขตบางกอกน้อย  กรุงเทพฯ  10700', ' ', '2002-10-09', '2002-10-09', '', '2023-10-01', '', 0, 0, 0, '0000-00-00', '', '2006-08-21 13:21:23', ''),
('PHAT00010/42', '', 'นาง', '', 'พจนา', 'หันจางสิทธิ์', 'POJJANA', 'HUNCHAGSITH', '4', 2, 223, 223, 'พุทธ', 'F', 'ไม', 'สมรส', '1973-06-22', '', '3219900088444', '', ' 138/70-71 ถ.สุขุมวิท  ต.ท่าประดู่  อ.เมือง  จ.ระยอง 2100', ' ', '2000-06-01', '2000-07-01', '', '2033-09-01', '', 0, 0, 0, '0000-00-00', '', '2006-08-22 15:38:13', ''),
('PHAT00024/48', '', 'นางสาว', '', 'ณัฐนารี', 'เอมยงค์', 'NATNAREE', 'AIMYONG', '4', 2, 223, 223, 'พุทธ', 'F', 'A', 'โสด', '1972-05-05', '', '3301200573775', '', ' 43/3 หมู่ 5 ต.บางยอ อ.พระประแดง จ.สมุทรปราการ', ' ', '2004-08-03', '2004-08-03', 'สถาบันแห่งชาติเพื่อการพัฒนาเด็กและครอบครัว', '2032-10-01', '', 0, 0, 0, '0000-00-00', '', '2007-09-02 15:48:27', ''),
('PHAT00025/48', '', 'นางสาว', '', 'พิมพ์ทอง', 'ศรีเหรา', 'PIMTONG', 'SRIHERA', '4', 2, 223, 223, 'พุทธ', 'F', 'ไม', 'โสด', '1973-03-28', '', '3100904094336', '', ' 211/3 ม.6 ซ.15 เมืองทอง2/2 ถ.พุฒนาการ  แขวงประเวศ  เขตประเวศ  จังหวัดกรุงเทพฯ 10250', ' ', '2005-06-01', '2005-06-01', '', '2033-10-01', '', 0, 0, 0, '0000-00-00', '', '2006-08-24 10:08:41', ''),
('PHAT00056/48', '', 'นางสาว', '', 'อุษณา', 'ตัณมุขยกุล', 'UTSANA', 'TONMUKAYAKUL', '4', 7, 223, 223, 'พุทธ', 'F', 'ไม่ระบุ', 'โสด', '1974-07-14', '', '3501300611979', '', ' 420/1  ถ. ราชวิถี  เขตราชเทวี กรุงเทพฯ 10400', ' ', '2006-08-15', '2005-04-04', '', '2034-10-01', '', 0, 0, 0, '0000-00-00', '', '2007-09-02 13:13:56', ''),
('PHAT00057/48', '', 'นางสาว', '', 'นันท์นภัส', 'ภัคะมาน', 'NUNNAPAS', 'BHAGAMAN', '4', 7, 223, 223, 'พุทธ', 'F', 'B', 'โสด', '1979-06-25', '', '3160100548460', '', ' 26 ตรอก/ซอย ศาสนา2 ถ.พระรามหก  แขวงสามเสนใน  เขตพยาไท  กรุงเทพฯ \r\n', ' ', '2005-11-07', '2005-11-07', '', '2039-10-01', '', 0, 0, 0, '0000-00-00', '', '2006-08-21 15:57:00', ''),
('PHAT00094/44', '', 'นาง', '', 'สุภาวดี', 'บุญชื่น', 'SUPAWADEE', 'BOONCHUEN', '7', 4, 223, 223, 'พุทธ', 'F', 'O', 'โสด', '1958-05-03', '', '3100602825508', '1194408832', ' 60/350  ม. 5 แขวงจรเข้บัว  เขตลาดพร้าว  กรุงเทพฯ 10230', ' ', '2004-05-03', '2001-05-03', '', '2018-10-01', '', 0, 0, 0, '0000-00-00', '', '2006-08-24 14:27:32', ''),
('PHAT00096/44', '', 'นางสาว', '', 'วลัยรัตน์', 'ตัณฑประศาสน์', 'WALAIRUT', 'TUNTAPRASART', '4', 4, 223, 223, 'พุทธ', 'F', 'O', 'โสด', '1972-11-05', 'phwtp@mahidol.ac.th', '3102001055653', '1047654881', ' 93/20 ถ. บางขุนนนท์    แขวงบางขุนนนท์  เขตบางกอกน้อย  กรุงเทพฯ  10700', ' ', '2003-06-23', '2003-06-25', '', '2032-10-01', '', 0, 0, 0, '0000-00-00', '', '2006-08-24 14:58:52', ''),
('PHAT00202/45', '', 'นาย', '', 'กิติพงษ์', 'หาญเจริญ', 'KITIPONG', 'HARNCHAROEN', '4', 7, 223, 223, 'พุทธ', 'M', 'O', 'โสด', '1958-12-27', 'phrhc@mahidol.ac.th', '3109900359071', '1230907251', ' 106/45 ถ. นวมินทร์  แขวง คลองกุ่ม  เขต บึงกุ่ม  กรุงเทพฯ  10230', ' ', '2003-06-06', '2003-03-06', '', '2018-09-01', '', 0, 0, 0, '0000-00-00', '', '2006-09-21 13:59:07', ''),
('PHAT00291/45', '', 'นางสาว', '', 'วราภรณ์', 'เสถียรนพเก้า', 'WARAPONE', 'SATHENNOPPAKAO', '4', 6, 223, 223, 'พุทธ', 'F', 'ไม', 'โสด', '1971-05-21', 'phwst@mhidol.ac.th', '3101100283840', '', ' 18/35-36 ม. 1 แขวงลาดกระบัง  เขตลาดยาว  กรุงเทพฯ 10520', ' ', '2004-08-17', '2004-08-17', '', '2031-10-01', '', 0, 0, 0, '0000-00-00', '', '2006-08-24 15:33:25', ''),
('PHAT00694/43', '', 'นางสาว', '', 'มธุรส', 'ทิพยมงคลกุล', 'MATHUROS', 'TIPAYMONGKHOLGUL', '4', 7, 223, 223, 'พุทธ', 'F', 'O', 'โสด', '1969-11-04', 'phmty @ mahidol.ac.th', '3100603089406', '', ' 163 ซอยลาดพร้าว 64  เขตวังทองหลาง   กรุงเทพฯ ', ' ', '2004-01-16', '2004-01-16', '', '2029-10-01', '', 0, 0, 0, '0000-00-00', '', '2006-09-21 13:59:46', ''),
('PHMF00008/47', '', 'นางสาว', '', 'อรัญญา', 'จันทร', 'ARANYA', 'CHANTORN', '6', 8, 223, 223, 'อิสลาม', 'F', 'O', 'โสด', '1973-11-09', '', '3100300440352', '', ' 10 หมู่ 10 ถ.มิตรไมตรี  เขตหนองจอก  แขวงหนองจอก  กรุงเทพมหานคร10530', ' ', '2004-07-01', '2003-09-15', '', '2033-10-01', '', 0, 0, 0, '0000-00-00', '', '2006-08-22 10:35:16', ''),
('PHMF00026/48', '', 'นางสาว', '', 'เกศวรี', 'ปัญญาธรรม', 'KETWAREE', 'PUNYATHAM', '6', 25, 223, 223, 'พุทธ', 'F', 'B', 'โสด', '2006-08-16', '', '3520101133201', '', ' 8/121 ทวีทรัย์คอนโด เสรี 2 ซอย 21 ถนน รามคำแหง แขวงหัวหมาก เขตบางกะปิ\r\nกรุงเทพมหานคร', ' ', '2005-04-01', '2005-04-01', '', '2031-10-01', '', 0, 10890, 0, '0000-00-00', '', '2006-09-21 14:00:25', ''),
('PHMF00028/43', '', 'นางสาว', '', 'วีณา', 'บุรวิชเกษตรกร', 'WEENA', 'BURAWITKASETKRON', '6', 25, 223, 223, 'พุทธ', 'F', 'ไม', 'โสด', '1973-02-14', '', '3610100034216', '', ' 27/1  ซอยสันติสุข ถ. นครชัยศรี เขตดุสิต  กรุงเทพมหานคร  10300', ' ', '2003-11-01', '2003-12-01', '', '2033-10-01', '', 0, 0, 0, '0000-00-00', '', '2006-09-21 14:05:25', ''),
('PHMF00103/44', '', 'นางสาว', '', 'สุดาวดี', 'เพ็ชร์ปุ่น', 'SUDAWADEE', 'PHETPUN', '6', 25, 223, 223, 'พุทธ', 'F', 'A', 'โสด', '1975-01-28', '', '3120200562111', '1051643888', ' 8/1 ม.7 ต.มหาสวัสดิ์  อ. บางกรวย  จ. นนทบุรึ  11130', ' ', '2001-02-19', '2001-02-19', '', '2035-10-01', '', 0, 0, 0, '0000-00-00', '', '2006-09-21 14:08:39', ''),
('PHMF00184/43', '', 'นาง', '', 'สุภาพร', 'โกศลวิบูลย์พงศ์', 'SUPAPORN', 'KOSONVIBOONPONG', '6', 6, 223, 223, 'พุทธ', 'F', 'O', 'สมรส', '1975-07-29', '', '3100201510778', '1052626934', ' 444/5 ถ.วงศ์สว่าง บางซื่อ บางซื่อ กรุงเทพมหานคร 10800', ' ', '2000-09-01', '2000-09-01', '', '2005-10-01', '', 0, 0, 0, '0000-00-00', '', '2006-04-07 14:49:11', ''),
('PHMF00186/43', '', 'นาง', '', 'ธารทิพย์', 'เกตุตะคุ', 'TALTIP', 'KATTAKY', '6', 13, 223, 223, 'พุทธ', 'F', 'B', 'สมรส', '1968-01-14', '', '3301800020734', '1312231748', ' 306/1 หมูที่1 ต.สูงเนิน อ.สูงเนิน จ.นครราชสีมา', ' ', '2000-09-01', '2000-09-01', '', '2028-10-01', '', 0, 0, 0, '0000-00-00', '', '2006-04-07 15:03:20', ''),
('PHMF00188/43', '', 'นางสาว', '', 'มัลลิกา', 'โสดวิลัย', 'MULLIKA', 'SODWILAI', '6', 12, 223, 223, 'พุทธ', 'F', 'B', 'โสด', '1958-04-17', '', '3420900691035', '1027457280', ' 12/5 อาคารตางจิตต์ ถ.ราชวิถี พญาไท ราชเทวี กรุงเทพฯ 10400', ' ', '2000-09-01', '2000-09-01', '', '2018-10-01', '', 0, 0, 0, '0000-00-00', '', '2006-08-16 08:54:26', ''),
('PHMF00271/47', '', 'นาง', '', 'ธัญญารัตน์', 'สุนทร', 'THANYARAT', 'SOONTORN', '6', 25, 223, 223, 'พุทธ', 'F', 'AB', 'สมรส', '1976-08-03', '', '3310400111359', '', ' 613/7 หมู่ 6 แขวงสายใหม เขตสายใหม กรุงเทพมหานคร', ' ', '2004-10-01', '2004-10-01', '', '2036-10-01', '', 0, 11940, 0, '0000-00-00', '', '2006-09-21 14:09:17', ''),
('PHMF00306/45', '', 'นาง', '', 'ยุพดี', 'รักษ์มณี', 'YUPADEE', 'RAKMANEE', '6', 6, 223, 223, 'พุทธ', 'F', 'O', 'สมรส', '1969-12-24', 'phyrm@mahidol.ac.th', '3461300078678', '', ' 41/17 ซ. ประดิพัทธ์25 ถ.ประดิพัทธ์   แขวงสามเสนใน  เขตพญาไท  กรุงเทพฯ  10400', ' ', '2002-03-01', '2002-03-01', '', '2029-10-01', '', 0, 0, 0, '0000-00-00', '', '2006-08-28 10:20:56', ''),
('PHMF00475/46', '', 'นางสาว', '', 'นภสร', 'ศรีคง', 'NOPBHASORN', 'SRIKHONG', '6', 1, 223, 223, 'พุทธ', 'F', 'ไม', 'โสด', '1973-02-05', '', '3770600560692', '', ' 254 ถ.กรุงเทพ-นนท์ บางซื่อ บางซื่อ กรุงเทพมหานคร 10800', ' ', '2004-03-01', '1999-01-04', '', '2033-10-01', '', 0, 0, 0, '0000-00-00', '', '2006-04-07 14:36:01', ''),
('PHMT00001/49', '', 'นางสาว', '', 'ปาริฉัตร', 'บำรุงศรี', 'PARITCHUT', '[OMROONSRI', '6', 25, 223, 223, 'พุทธ', 'F', 'ไม่ระบุ', 'โสด', '1976-09-12', '', '3100502762741', '', ' 301/52 หมู่บ้านการเคหะท่าทราย หมู่ 6 ถนนประชาชื่น ตำบลทุ่งสองห้อง อำเภอหลักสี่ กทม.10210', ' ', '2006-08-01', '2006-08-01', '', '2033-10-01', '', 0, 0, 0, '0000-00-00', '', '2007-09-02 16:40:10', ''),
('PHMT00185/43', '', 'นาง', '', 'สิรามล', 'ทิบทิม', 'SIRAMON', 'TUBTIM', '6', 25, 223, 223, 'พุทธ', 'F', 'B', '', '1975-05-08', '', '5500100016517', '', '164/4 ตรอกประดู่ ต.บางซื่อ อ.บางซื่อ กทม.\r\n', ' ', '2006-11-16', '2006-11-16', '', '2035-10-01', '', 0, 0, 0, '0000-00-00', '', '2007-09-02 16:32:28', ''),
('PHMT00186/43', '', 'นาง', '', 'ธารทิพย์', 'เกตุตะคุ', 'TALTIP', 'KATTAKY', '6', 13, 223, 223, 'พุทธ', 'F', 'B', 'สมรส', '1968-01-14', '', '3301800020734', '1312231748', ' 306/1  ต.สูงเนิน    อ.สูงเนิน  จังหวัด นครราชสีมา', ' ', '1987-10-01', '2006-08-16', '', '2028-10-01', '', 0, 7210, 0, '0000-00-00', '', '2006-09-21 14:10:31', ''),
('PHMT00206/45', '', 'นางสาว', '', 'ปุณณภา', 'ระวานนท์', 'PUNNAPAR', 'RAWANONT', '6', 2, 223, 223, 'พุทธ', 'F', 'B', 'โสด', '1977-06-07', 'phprw@mahidol.ac.th', '3100203417881', '1051146488', ' 96/8 ซอยลาซาล3 ถ.สุขุมวิท105 บางนา กรุงเทพมหานคร 10260', ' ', '2002-03-01', '2002-03-01', '', '2037-10-01', '', 0, 0, 0, '0000-00-00', '', '2006-04-14 12:53:20', ''),
('PHPF00132/44', '', 'นางสาว', '', 'อัญชนา', 'เกิดปัญญา', 'UANCHANA', 'KEODPANYA', '5', 7, 223, 223, 'พุทธ', 'F', 'ไม', 'โสด', '1970-08-22', '', '5709900017689', '', ' 111/515  หมู่ 5  แขวงท่าแร้ง  เขตบางเขน  กรุงเทพมหานคร', ' ', '2002-10-01', '2001-10-01', '', '2030-10-01', '', 0, 0, 0, '0000-00-00', '', '2006-08-22 10:03:58', ''),
('PHPF00150/44', '', 'นางสาว', '', 'กรกช', 'รามโกมุท', 'KORAKOT', 'RAMKOMUT', '5', 25, 223, 223, 'พุทธ', 'F', 'ไม', 'โสด', '1974-06-25', '', '4119900005424', '', ' 42/226 หมู่ที่ 3 แขวงบางสีทอง เขตบางกรวย  จังหวัดนนทบุรี  ', ' ', '2001-08-16', '2006-08-16', '', '2034-10-01', '', 0, 0, 0, '0000-00-00', '', '2006-09-21 14:15:17', ''),
('PHPF00263/47', '', 'นาย', '', 'ชัยนุวัฒน์', 'วัชรพันธ์ชัย', 'CHAINUWAT', 'WATCHARAPUNCHAI', '5', 25, 223, 223, 'พุทธ', 'M', 'AB', 'โสด', '1968-04-07', '', '3100903349268', '', ' 41/61 หมู่ที่ 9 ถ. วิภาวดีรังสิต  แขวง สีกัน  เขต ดอนเมือง  กรุงเทพมหานคร 10210', ' ', '2004-10-01', '2000-10-01', '', '2028-10-01', '', 0, 0, 0, '0000-00-00', '', '2006-09-21 14:18:17', ''),
('PHPF00304/48', '', 'นางสาว', '', 'ศศิธร', 'บูรณ์เจริญ', 'SASITHORN', 'BOONCHAROEN', '5', 25, 223, 223, 'พุทธ', 'F', 'O', 'โสด', '1977-01-28', '', '3301600083597', '', ' 184  ซ.ลาดพร้าว  84     วังทองหลาง    วังทองหลาง  กรุงเทพฯ  ', ' ', '2005-06-15', '2005-06-15', '', '2037-10-01', '', 0, 0, 0, '0000-00-00', '', '2006-09-21 14:20:08', ''),
('PHPF00323/43', '', 'นางสาว', '', 'ปิยะรัตน์', 'ภูมิโคก', 'PIYARAT', 'PHUMKOK', '5', 1, 223, 223, 'พุทธ', 'F', 'O', 'โสด', '1980-10-23', 'phupha.ray@chaiyo.com', '3411400571481', '1779121163', ' ที่พักตำรวจทางหลวง อาคาร 2 ห้อง 101 ถ.พหลโยธิน  ต.ประชาปัตย์ อ.ธัญบุรี  จ.ปทุมธานี  12130', ' ', '2002-09-01', '2001-03-01', '', '2040-10-01', '', 0, 0, 0, '0000-00-00', '', '2006-08-24 10:56:04', ''),
('PHPT00095/44', '', 'นางสาว', '', 'ดารารัตน์', 'จิตต์อำนวยศักดา', 'DARARUT', 'JITAMNUAYSAKDA', '5', 2, 223, 223, 'พุทธ', 'F', 'O', 'โสด', '1979-04-22', '', '3700100524930', '', ' 1/3 หมู่ที่ 1  ตำบล ท่าพระยา  อำเภอ นครชัยศรี  จังหวัดนครปฐม 73120', ' ', '2005-09-12', '2005-09-12', '', '2039-10-01', '', 0, 0, 0, '0000-00-00', '', '2006-08-24 09:52:35', ''),
('PHPT00227/49', '', 'นาย', '', 'สุนทร', 'พิมพ์นนท์', 'SUNTORN', 'PIMNON', '5', 4, 223, 223, 'พุทธ', 'F', 'B', 'โสด', '1980-12-22', '', '3331000894420', '', ' 86 ซอยสุขุมวิท 103/1  ต3บางนา อ.บางนา กทม. 10260\r\n31 หมู่ที่ 14  ต.เสียว อ.โพธิศรีสุวรรณ จ.ศรีสะเกษ', ' ', '2006-03-15', '2006-03-15', '', '2040-10-01', '', 0, 0, 0, '0000-00-00', '', '2007-09-02 14:53:47', ''),
('PHPT00264.1/47', '', 'นางสาว', '', 'กรรณิการ์', 'ป้อมบุบผา', 'KANNIKA', 'POMBUBPA', '5', 1, 223, 223, 'พุทธ', 'F', 'ไม่ระบุ', 'โสด', '1980-07-13', '', '3301200573775', '', ' 21/4 หมู่ 5 ถ.ห้วยโป่ง ต.โคกสำโรง อ.โคกสำโรง จ.ลพบุรี', ' ', '2007-09-02', '2007-09-02', '', '2009-09-30', '', 0, 0, 0, '0000-00-00', '', '2007-09-02 16:10:23', ''),
('PHPT00264/47', '', 'นาย', '', 'อนุศักดิ์', 'เกิดสิน', 'ANUSAK', 'KERDSIN', '5', 1, 223, 223, 'พุทธ', 'M', 'ไม', 'โสด', '1978-09-09', '', '3120600557158', '', ' 7 ม. 3  ต.บางพูด  อ. ปากเกร็ด  จ.นนทบุรี  11120', ' ', '2004-12-01', '2004-12-01', '', '2038-10-01', '', 0, 0, 0, '0000-00-00', '', '2006-08-24 10:40:08', ''),
('PHPT00320/45', '', 'นาย', '', 'อนุพันธ์', 'เสียงใหญ่', 'ANUPHAN', 'SIANGYAI', '5', 10, 223, 223, 'พุทธ', 'M', 'A', 'โสด', '1979-09-30', '', '3770100111163', '', ' 39/34 ม. 1 ซ.ชนชื่น  แขวงทวีวัฒนา  เขตวัฒนา  กรุงเทพฯ 10170', ' ', '2005-04-01', '2005-04-01', '', '2039-10-01', '', 0, 0, 0, '0000-00-00', '', '2006-08-22 13:57:26', ''),
('PHPT00323/43', '', 'นางสาว', '', 'หนึ่งหทัย', 'สุภา', 'NEUNGHATAI', 'SUPHA', '5', 1, 223, 223, 'พุทธ', 'F', 'B', 'โสด', '1980-04-01', '', '3100100977743', '', ' ', ' ', '2006-12-12', '2006-12-12', '', '2041-10-01', '', 0, 0, 0, '0000-00-00', '', '2007-09-02 16:16:11', '');

-- --------------------------------------------------------

--
-- Stand-in structure for view `personel_view`
--
CREATE TABLE IF NOT EXISTS `personel_view` (
`per_id` varchar(20)
,`per_no` varchar(15)
,`per_pname` varchar(10)
,`per_pname2` varchar(30)
,`per_fnamet` varchar(50)
,`per_lnamet` varchar(50)
,`per_fnamee` varchar(50)
,`per_lnamee` varchar(50)
,`per_type` varchar(20)
,`per_dept` int(2) unsigned
,`per_nal` int(3) unsigned
,`per_renal` int(3) unsigned
,`per_religion` varchar(20)
,`per_sex` char(1)
,`per_blood` varchar(8)
,`per_situation` varchar(20)
,`per_bhd` date
,`per_email` varchar(50)
,`per_idcard` varchar(16)
,`per_tax` varchar(16)
,`per_addr` text
,`per_skill` text
,`per_hiredate1` date
,`per_hiredate2` date
,`per_trans` varchar(50)
,`per_retire` date
,`per_expert` varchar(50)
,`per_money1` int(5) unsigned
,`per_money2` int(5) unsigned
,`per_status` int(1) unsigned
,`per_outdate` date
,`per_remark` text
,`per_modify` datetime
,`password` text
,`id` varchar(10)
,`groups` varchar(50)
,`comment` text
,`DeID` int(2) unsigned
,`Code` varchar(8)
,`Fname` varchar(50)
,`Sname` varchar(16)
,`Chair` varchar(32)
,`Types` int(2)
,`Posit` char(1)
);
-- --------------------------------------------------------

--
-- โครงสร้างตาราง `point_policy`
--

CREATE TABLE IF NOT EXISTS `point_policy` (
  `poi_id` int(11) NOT NULL auto_increment,
  `point` text NOT NULL,
  `pol_id` int(11) NOT NULL,
  PRIMARY KEY  (`poi_id`),
  KEY `fk` (`pol_id`)
) ENGINE=InnoDB DEFAULT CHARSET=tis620 AUTO_INCREMENT=1 ;

--
-- dump ตาราง `point_policy`
--


-- --------------------------------------------------------

--
-- โครงสร้างตาราง `policy`
--

CREATE TABLE IF NOT EXISTS `policy` (
  `pol_id` int(11) NOT NULL auto_increment,
  `policy` text NOT NULL,
  PRIMARY KEY  (`pol_id`)
) ENGINE=InnoDB DEFAULT CHARSET=tis620 AUTO_INCREMENT=1 ;

--
-- dump ตาราง `policy`
--


-- --------------------------------------------------------

--
-- โครงสร้างตาราง `position_project`
--

CREATE TABLE IF NOT EXISTS `position_project` (
  `pos_id` int(1) NOT NULL auto_increment,
  `position` text NOT NULL,
  PRIMARY KEY  (`pos_id`)
) ENGINE=InnoDB DEFAULT CHARSET=tis620 AUTO_INCREMENT=1 ;

--
-- dump ตาราง `position_project`
--


-- --------------------------------------------------------

--
-- โครงสร้างตาราง `project`
--

CREATE TABLE IF NOT EXISTS `project` (
  `pro_id` int(11) NOT NULL auto_increment,
  `budget_year` int(4) default NULL,
  `names` text,
  `pro_code` text,
  `sec_id` int(11) default NULL,
  `typ_id` int(11) default NULL,
  `str_id` int(11) default NULL,
  `obj_id` int(11) default NULL,
  `pol_id` int(11) default NULL,
  `poi_id` int(11) default NULL,
  `sub_id` int(11) default NULL,
  `act_id` int(11) default NULL,
  `created` datetime default NULL,
  PRIMARY KEY  (`pro_id`),
  UNIQUE KEY `fk2` (`typ_id`),
  UNIQUE KEY `fk3` (`str_id`),
  UNIQUE KEY `fk4` (`obj_id`),
  UNIQUE KEY `fk` (`sec_id`)
) ENGINE=InnoDB DEFAULT CHARSET=tis620 AUTO_INCREMENT=1 ;

--
-- dump ตาราง `project`
--


-- --------------------------------------------------------

--
-- โครงสร้างตาราง `project_att`
--

CREATE TABLE IF NOT EXISTS `project_att` (
  `id` int(5) NOT NULL auto_increment,
  `pro_id` int(5) NOT NULL,
  `display` varchar(200) NOT NULL,
  `attach` text NOT NULL,
  PRIMARY KEY  (`id`),
  UNIQUE KEY `fk` (`pro_id`)
) ENGINE=InnoDB DEFAULT CHARSET=tis620 AUTO_INCREMENT=1 ;

--
-- dump ตาราง `project_att`
--


-- --------------------------------------------------------

--
-- โครงสร้างตาราง `project_dep_res`
--

CREATE TABLE IF NOT EXISTS `project_dep_res` (
  `pro_id` int(5) default NULL,
  `DeID` int(5) default NULL,
  UNIQUE KEY `fk2` (`DeID`),
  UNIQUE KEY `fk` (`pro_id`)
) ENGINE=InnoDB DEFAULT CHARSET=tis620;

--
-- dump ตาราง `project_dep_res`
--


-- --------------------------------------------------------

--
-- โครงสร้างตาราง `project_res`
--

CREATE TABLE IF NOT EXISTS `project_res` (
  `pro_id` int(5) default NULL,
  `per_id` varchar(20) default NULL,
  `names` text,
  UNIQUE KEY `fk` (`pro_id`),
  UNIQUE KEY `fk2` (`per_id`)
) ENGINE=InnoDB DEFAULT CHARSET=tis620;

--
-- dump ตาราง `project_res`
--


-- --------------------------------------------------------

--
-- โครงสร้างตาราง `section`
--

CREATE TABLE IF NOT EXISTS `section` (
  `sec_id` int(11) NOT NULL auto_increment,
  `section` text NOT NULL,
  PRIMARY KEY  (`sec_id`)
) ENGINE=InnoDB DEFAULT CHARSET=tis620 AUTO_INCREMENT=1 ;

--
-- dump ตาราง `section`
--


-- --------------------------------------------------------

--
-- โครงสร้างตาราง `strategic`
--

CREATE TABLE IF NOT EXISTS `strategic` (
  `str_id` int(11) NOT NULL auto_increment,
  `strategic_th` text,
  `strategic_en` text,
  `parent` int(11) NOT NULL,
  PRIMARY KEY  (`str_id`),
  UNIQUE KEY `fk` (`parent`)
) ENGINE=InnoDB DEFAULT CHARSET=tis620 AUTO_INCREMENT=1 ;

--
-- dump ตาราง `strategic`
--


-- --------------------------------------------------------

--
-- โครงสร้างตาราง `sub_point_policy`
--

CREATE TABLE IF NOT EXISTS `sub_point_policy` (
  `sub_id` int(11) NOT NULL auto_increment,
  `subname` text NOT NULL,
  `poi_id` int(11) NOT NULL,
  `pol_id` int(5) NOT NULL,
  PRIMARY KEY  (`sub_id`),
  UNIQUE KEY `fk` (`poi_id`),
  UNIQUE KEY `fk2` (`pol_id`)
) ENGINE=InnoDB DEFAULT CHARSET=tis620 AUTO_INCREMENT=1 ;

--
-- dump ตาราง `sub_point_policy`
--


-- --------------------------------------------------------

--
-- โครงสร้างตาราง `sub_strategic`
--

CREATE TABLE IF NOT EXISTS `sub_strategic` (
  `id` int(11) NOT NULL auto_increment,
  `nameth` text,
  `nameen` text,
  `parent` int(11) default NULL,
  PRIMARY KEY  (`id`),
  UNIQUE KEY `fk` (`parent`)
) ENGINE=InnoDB DEFAULT CHARSET=tis620 AUTO_INCREMENT=1 ;

--
-- dump ตาราง `sub_strategic`
--


-- --------------------------------------------------------

--
-- โครงสร้างตาราง `type_section`
--

CREATE TABLE IF NOT EXISTS `type_section` (
  `typ_id` int(11) NOT NULL auto_increment,
  `type_s` text NOT NULL,
  PRIMARY KEY  (`typ_id`)
) ENGINE=InnoDB DEFAULT CHARSET=tis620 AUTO_INCREMENT=1 ;

--
-- dump ตาราง `type_section`
--


-- --------------------------------------------------------

--
-- โครงสร้างตาราง `usergroup`
--

CREATE TABLE IF NOT EXISTS `usergroup` (
  `id` varchar(10) NOT NULL,
  `groups` varchar(50) default NULL,
  `comment` text NOT NULL,
  PRIMARY KEY  (`id`)
) ENGINE=InnoDB DEFAULT CHARSET=tis620;

--
-- dump ตาราง `usergroup`
--

INSERT INTO `usergroup` (`id`, `groups`, `comment`) VALUES
('00001', 'Administrator', 'จัดการในส่วนข้อมูลตั้งต้นของระบบ (Master Data)'),
('00002', 'เจ้าหน้าที่นโยบายและแผน', 'จัดการในของโครงการได้ทั้งหมด (ทั้งที่ของส่วนงานตังเอง และของส่วนงานต่างๆ)'),
('00003', 'ภาควิชา/ส่วนงาน', 'จัดการในส่วนของโครงการได้เฉพาะที่เป็นของส่วนงานตัวเอง');

-- --------------------------------------------------------

--
-- โครงสร้างตาราง `user_log`
--

CREATE TABLE IF NOT EXISTS `user_log` (
  `per_id` text NOT NULL,
  `dates` text NOT NULL,
  `ip` text NOT NULL
) ENGINE=InnoDB DEFAULT CHARSET=tis620;

--
-- dump ตาราง `user_log`
--


-- --------------------------------------------------------

--
-- Structure for view `personel_view`
--
DROP TABLE IF EXISTS `personel_view`;

CREATE ALGORITHM=UNDEFINED DEFINER=`root`@`localhost` SQL SECURITY DEFINER VIEW `personel_view` AS select `personel`.`per_id` AS `per_id`,`personel`.`per_no` AS `per_no`,`personel`.`per_pname` AS `per_pname`,`personel`.`per_pname2` AS `per_pname2`,`personel`.`per_fnamet` AS `per_fnamet`,`personel`.`per_lnamet` AS `per_lnamet`,`personel`.`per_fnamee` AS `per_fnamee`,`personel`.`per_lnamee` AS `per_lnamee`,`personel`.`per_type` AS `per_type`,`personel`.`per_dept` AS `per_dept`,`personel`.`per_nal` AS `per_nal`,`personel`.`per_renal` AS `per_renal`,`personel`.`per_religion` AS `per_religion`,`personel`.`per_sex` AS `per_sex`,`personel`.`per_blood` AS `per_blood`,`personel`.`per_situation` AS `per_situation`,`personel`.`per_bhd` AS `per_bhd`,`personel`.`per_email` AS `per_email`,`personel`.`per_idcard` AS `per_idcard`,`personel`.`per_tax` AS `per_tax`,`personel`.`per_addr` AS `per_addr`,`personel`.`per_skill` AS `per_skill`,`personel`.`per_hiredate1` AS `per_hiredate1`,`personel`.`per_hiredate2` AS `per_hiredate2`,`personel`.`per_trans` AS `per_trans`,`personel`.`per_retire` AS `per_retire`,`personel`.`per_expert` AS `per_expert`,`personel`.`per_money1` AS `per_money1`,`personel`.`per_money2` AS `per_money2`,`personel`.`per_status` AS `per_status`,`personel`.`per_outdate` AS `per_outdate`,`personel`.`per_remark` AS `per_remark`,`personel`.`per_modify` AS `per_modify`,`personel`.`password` AS `password`,`usergroup`.`id` AS `id`,`usergroup`.`groups` AS `groups`,`usergroup`.`comment` AS `comment`,`organization`.`DeID` AS `DeID`,`organization`.`Code` AS `Code`,`organization`.`Fname` AS `Fname`,`organization`.`Sname` AS `Sname`,`organization`.`Chair` AS `Chair`,`organization`.`Types` AS `Types`,`organization`.`Posit` AS `Posit` from ((`personel` left join `usergroup` on((`personel`.`per_type` = `usergroup`.`id`))) join `organization` on((`personel`.`per_dept` = `organization`.`DeID`))) order by `personel`.`per_fnamet`;

--
-- Constraints for dumped tables
--

--
-- Constraints for table `admin`
--
ALTER TABLE `admin`
  ADD CONSTRAINT `admin_ibfk_1` FOREIGN KEY (`per_id`) REFERENCES `personel` (`per_id`);

--
-- Constraints for table `permission`
--
ALTER TABLE `permission`
  ADD CONSTRAINT `permission_ibfk_1` FOREIGN KEY (`per_id`) REFERENCES `personel` (`per_id`) ON DELETE NO ACTION ON UPDATE NO ACTION;

--
-- Constraints for table `personel`
--
ALTER TABLE `personel`
  ADD CONSTRAINT `dep_id` FOREIGN KEY (`per_dept`) REFERENCES `organization` (`DeID`) ON DELETE NO ACTION ON UPDATE NO ACTION;

--
-- Constraints for table `point_policy`
--
ALTER TABLE `point_policy`
  ADD CONSTRAINT `fk` FOREIGN KEY (`pol_id`) REFERENCES `policy` (`pol_id`) ON DELETE NO ACTION ON UPDATE NO ACTION;

--
-- Constraints for table `project`
--
ALTER TABLE `project`
  ADD CONSTRAINT `project_ibfk_1` FOREIGN KEY (`sec_id`) REFERENCES `section` (`sec_id`),
  ADD CONSTRAINT `project_ibfk_2` FOREIGN KEY (`typ_id`) REFERENCES `type_section` (`typ_id`),
  ADD CONSTRAINT `project_ibfk_3` FOREIGN KEY (`str_id`) REFERENCES `strategic` (`str_id`),
  ADD CONSTRAINT `project_ibfk_4` FOREIGN KEY (`obj_id`) REFERENCES `objective` (`obj_id`);

--
-- Constraints for table `project_att`
--
ALTER TABLE `project_att`
  ADD CONSTRAINT `project_att_ibfk_1` FOREIGN KEY (`pro_id`) REFERENCES `project` (`pro_id`);

--
-- Constraints for table `project_dep_res`
--
ALTER TABLE `project_dep_res`
  ADD CONSTRAINT `project_dep_res_ibfk_1` FOREIGN KEY (`pro_id`) REFERENCES `project` (`pro_id`);

--
-- Constraints for table `project_res`
--
ALTER TABLE `project_res`
  ADD CONSTRAINT `project_res_ibfk_1` FOREIGN KEY (`pro_id`) REFERENCES `project` (`pro_id`),
  ADD CONSTRAINT `project_res_ibfk_2` FOREIGN KEY (`per_id`) REFERENCES `permission` (`per_id`);

--
-- Constraints for table `strategic`
--
ALTER TABLE `strategic`
  ADD CONSTRAINT `strategic_ibfk_1` FOREIGN KEY (`parent`) REFERENCES `strategic` (`str_id`);

--
-- Constraints for table `sub_point_policy`
--
ALTER TABLE `sub_point_policy`
  ADD CONSTRAINT `sub_point_policy_ibfk_1` FOREIGN KEY (`poi_id`) REFERENCES `point_policy` (`poi_id`) ON DELETE NO ACTION ON UPDATE NO ACTION,
  ADD CONSTRAINT `sub_point_policy_ibfk_2` FOREIGN KEY (`pol_id`) REFERENCES `policy` (`pol_id`);

--
-- Constraints for table `sub_strategic`
--
ALTER TABLE `sub_strategic`
  ADD CONSTRAINT `sub_strategic_ibfk_1` FOREIGN KEY (`parent`) REFERENCES `strategic` (`str_id`);
